episode,reward,step,cum max reward,rolling mean,rolling std
1,-37.29006673766698,1128,-37.29006673766698,-37.29006673766698,
2,-54.02260240199445,1128,-37.29006673766698,-45.65633456983072,11.8316894346917
3,-16.797440173727082,1128,-16.797440173727082,-36.03670310446284,18.644204623098968
4,-66.34546883267309,1128,-16.797440173727082,-43.6138945365154,21.480058131761957
5,-37.73561282256815,1128,-16.797440173727082,-42.43823819372595,18.787110267138214
6,-20.43698014428353,1128,-16.797440173727082,-38.77136185215222,19.05361651703023
7,35.377340975101575,1128,35.377340975101575,-28.178690019687387,32.98433660341065
8,-0.9282968635104627,1128,35.377340975101575,-24.77239087516527,32.021331513479325
9,3.0624484003154606,1128,35.377340975101575,-21.67963095566741,31.35731873400527
10,-73.48936814348636,1128,35.377340975101575,-26.860604674449302,33.80018981901296
11,-43.14953233715253,1128,35.377340975101575,-28.3414162801496,32.439611306988866
12,2.68935291120026,1128,35.377340975101575,-25.755518847537108,32.201002338589234
13,-51.392235050378325,1128,35.377340975101575,-27.727573940063355,31.639419332837637
14,-90.98639165597763,1128,35.377340975101575,-32.246060919771516,34.78337151708675
15,-19.031487464659065,1128,35.377340975101575,-31.365089356097354,33.6913102736812
16,-15.570587553737722,1128,35.377340975101575,-30.377932993449875,32.78753429342731
17,-23.64180004966595,1128,35.377340975101575,-29.981689879109645,31.78840434850041
18,-55.605205109391385,1128,35.377340975101575,-31.405218503014186,31.425103436360516
19,-29.46649321478688,1128,35.377340975101575,-31.30318032994959,30.54294969885122
20,9.88589263696561,1128,35.377340975101575,-29.243726681603828,31.122343233725168
21,-20.010701192976416,1128,35.377340975101575,-28.804058801192998,30.40114637125174
22,-14.151327021626926,1128,35.377340975101575,-28.13802553848545,29.83249854291588
23,-43.588011827860925,1128,35.377340975101575,-28.80976407280612,29.32409890173426
24,2.161796077418755,1128,35.377340975101575,-27.519282399880083,29.368076714687295
25,16.551256974351958,1128,35.377340975101575,-25.7564608249108,30.070510423600467
26,-4.691092847820226,1128,35.377340975101575,-24.94625436425347,29.75119275729282
27,-56.95879030458652,1128,35.377340975101575,-26.131903843525063,29.816866401935815
28,7.819804056386165,1128,35.377340975101575,-24.919342847099664,29.954739639417323
29,6.902128558496021,1128,35.377340975101575,-23.82205072966533,30.00263209765411
30,23.936609125533476,1128,35.377340975101575,-22.230095401158703,30.74325384713213
31,-27.637983705034998,1128,35.377340975101575,-22.404543410961168,30.24212509989021
32,-33.11843012062574,1128,35.377340975101575,-22.739352370638183,29.81057626775591
33,-15.052578864688014,1128,35.377340975101575,-22.506419840154845,29.371584996820392
34,-46.9594933115932,1128,35.377340975101575,-23.225627883432445,29.225583501078184
35,-47.39276880657538,1128,35.377340975101575,-23.916117624093673,29.08092646585346
36,-5.283847264507089,1128,35.377340975101575,-23.398554558549602,28.830206274277263
37,44.079686290166364,1128,44.079686290166364,-21.574818319395114,30.51483166631856
38,-42.126808945299686,1128,44.079686290166364,-22.115660177971552,30.283724645218797
39,-0.9538228655752512,1128,44.079686290166364,-21.573048964833184,30.074113675768178
40,-15.974344439244302,1128,44.079686290166364,-21.433081351693463,29.699240154145503
41,-23.528473036193567,1128,44.079686290166364,-21.48418846594956,29.32747574395893
42,4.575507534851015,1128,44.079686290166364,-20.863719513549547,29.24537564607297
43,-10.576906710774567,1128,44.079686290166364,-20.62449130883385,28.937670902820194
44,-41.41731764124304,1128,44.079686290166364,-21.09705554366133,28.770481144209683
45,-8.310037591631987,1128,44.079686290166364,-20.81289958917179,28.50546976514701
46,-34.61476182721206,1128,44.079686290166364,-21.112940072607447,28.26032545665188
47,11.116449990638301,1128,44.079686290166364,-20.427208369134135,28.344044171768584
48,-38.24397285288041,1128,44.079686290166364,-20.798390962545515,28.158565630907454
49,1.4540720630900879,1128,44.079686290166364,-20.344259064063156,28.04445615958233
50,20.301845377126025,1128,44.079686290166364,-19.531336975239373,28.345771995809496
51,-45.976743206295495,1128,44.079686290166364,-20.049874352318906,28.304170466920667
52,-1.5457248755207242,1128,44.079686290166364,-19.69402532391894,28.142537113796543
53,-20.73259321348074,1128,44.079686290166364,-19.71362094447671,27.870987267970403
54,-18.442991430064602,1128,44.079686290166364,-19.690090768283895,27.60734282566721
55,-20.60666512656258,1128,44.079686290166364,-19.706755756616232,27.35080399056311
56,-32.241780124987564,1128,44.079686290166364,-19.930595477480008,27.15273663147083
57,-18.248535064004777,1128,44.079686290166364,-19.90108564566465,26.910131705796527
58,-73.5246811001758,1128,44.079686290166364,-20.82563039488036,27.586738209599343
59,4.507654652678472,1128,44.079686290166364,-20.396252682209873,27.546043245144627
60,-1.3475568649995842,1128,44.079686290166364,-20.078774418589703,27.422094944121444
61,-69.60091198403325,1128,44.079686290166364,-20.890612739334678,27.92207738104686
62,-35.9723766878348,1128,44.079686290166364,-21.133866996568553,27.758423685846658
63,-58.216087157911,1128,44.079686290166364,-21.722473665796212,27.927209366753743
64,8.426192931119243,1128,44.079686290166364,-21.251400750219407,27.959817909402148
65,11.323675227034657,1128,44.079686290166364,-20.750245735184727,28.03322518582554
66,4.981733403931372,1128,44.079686290166364,-20.099910348390903,28.13367309064309
67,-15.649433457497747,1128,44.079686290166364,-19.509553903090953,27.81148363348959
68,-18.880504514333012,1128,44.079686290166364,-19.541601046792586,27.809509723329477
69,-35.11906344387094,1128,44.079686290166364,-19.061194810041783,27.25248243349796
70,-56.69134698595355,1128,44.079686290166364,-19.352821489478483,27.55517918346542
71,-37.40876299941341,1128,44.079686290166364,-19.613925841095867,27.645873281210502
72,-66.45349399491585,1128,44.079686290166364,-21.180554071403826,27.364784185374035
73,12.563296423411646,1128,44.079686290166364,-20.972991097758868,27.571187302642745
74,-47.65738526026918,1128,44.079686290166364,-21.753296230998632,27.598030168368204
75,28.64573755192347,1128,44.079686290166364,-20.18198691260771,27.513813818343575
76,20.02544744021035,1128,44.079686290166364,-19.210064146802125,27.804104150310213
77,4.723221820506053,1128,44.079686290166364,-19.17877385588973,27.830266616313452
78,-67.19774048013143,1128,44.079686290166364,-19.42193547788593,28.182937584489913
79,5.922333720483959,1128,44.079686290166364,-17.93103201055575,26.870688367943153
80,-7.647768966238776,1128,44.079686290166364,-17.755897879810824,26.900485007966072
81,-54.842109735845845,1128,44.079686290166364,-18.36007514415095,27.288846898233526
82,-15.004478715289533,1128,44.079686290166364,-18.227193277468235,27.283754961826784
83,23.663772569833935,1128,44.079686290166364,-17.00767054394169,27.358407402666494
84,-51.61994099727538,1128,44.079686290166364,-17.348492817518434,27.652450663946606
85,-17.25464369173361,1128,44.079686290166364,-17.766039530267655,27.438874791598362
86,-35.551468948326864,1128,44.079686290166364,-18.00512826496535,27.526307235125845
87,-17.385722142476112,1128,44.079686290166364,-18.054888189901494,27.522154909961188
88,-66.59484763682464,1128,44.079686290166364,-18.408839510039396,27.99945888353148
89,-52.852737586649255,1128,44.079686290166364,-19.25521695102506,28.198716909899233
90,-68.91269018826685,1128,44.079686290166364,-20.570046907373037,28.494001336563777
91,27.754755389723524,1128,44.079686290166364,-20.07088001141083,29.05519225877353
92,32.9261715727792,1128,44.079686290166364,-18.68803444406674,29.408954086657353
93,-36.867033401172364,1128,44.079686290166364,-19.375524251106103,29.30172507347241
94,-44.62489022985238,1128,44.079686290166364,-20.168247617080695,29.276696865687097
95,-14.3407830060707,1128,44.079686290166364,-20.757130572951528,28.75602619752778
96,-17.008004206205918,1128,44.079686290166364,-20.593592426815697,28.746507976136662
97,-36.745123160080844,1128,44.079686290166364,-20.649387704345774,28.774703562232933
98,-14.93622324313872,1128,44.079686290166364,-20.647597617860402,28.775060799438062
99,-38.3006354416279,1128,44.079686290166364,-20.514384419860935,28.671202983129604
100,-8.074034562852992,1128,44.079686290166364,-19.909480816111362,28.509580370375705
101,16.165553062798146,1128,44.079686290166364,-19.57949004184513,28.804127274151032
102,-6.6418982924231145,1128,44.079686290166364,-20.359822112346503,27.71920778751611
103,-33.13561685265625,1128,44.079686290166364,-20.22149608015199,27.631182069316317
104,-18.2549186437858,1128,44.079686290166364,-20.487666784432154,27.52580646920117
105,28.91877982521214,1128,44.079686290166364,-19.797003334209748,28.19588352097557
106,-23.28460172580076,1128,44.079686290166364,-19.79325146789601,28.195395458315375
107,5.004929305213678,1128,44.079686290166364,-19.786644979121203,28.201244243550896
108,-5.98149694957508,1128,44.079686290166364,-19.71594636741044,28.230438267237112
109,-3.808212108813988,1128,44.079686290166364,-19.137344743834607,28.164038204001553
110,7.338249901824198,1128,44.079686290166364,-18.896601859319897,28.32445784648225
111,-5.104913924073275,1128,44.079686290166364,-18.44260419927161,28.30507548580294
112,-68.68159776213993,1128,44.079686290166364,-19.670266472391276,28.73031957525484
113,9.3824211350361,1128,44.079686290166364,-18.93755271873102,28.856265675747128
114,-5.466039963791127,1128,44.079686290166364,-19.04401598068304,28.792551922361305
115,-65.25880802709081,1128,44.079686290166364,-20.360333725363297,28.921173079948648
116,-18.76573263441385,1128,44.079686290166364,-19.941702793488194,28.74096137694142
117,8.342183876193944,1128,44.079686290166364,-19.78958112038489,28.865746669954667
118,53.61661112216659,1128,53.61661112216659,-18.64574720752878,30.266870765152834
119,-5.747376320876811,1128,53.61661112216659,-18.45043005200281,30.309133578201102
120,5.845233451418513,1128,53.61661112216659,-18.043477766187717,30.456950731602166
121,-7.895827404369559,1128,53.61661112216659,-17.668924647408975,30.429302907768886
122,39.47874225845937,1128,53.61661112216659,-16.780812688601838,31.24364186023137
123,-4.831329562735753,1128,53.61661112216659,-15.723991895718145,30.445878469685102
124,-17.82200201520644,1128,53.61661112216659,-16.06752507522407,30.339822263060697
125,-36.50139619562916,1128,53.61661112216659,-16.608353372618367,30.386613415400156
126,-54.82339516213769,1128,53.61661112216659,-16.381006959973824,30.037211329813406
127,-6.7692565419842055,1128,53.61661112216659,-15.9317281884992,29.95789330526612
128,-4.926044975429365,1128,53.61661112216659,-15.11188138569179,29.508444803291308
129,-20.394955591551103,1128,53.61661112216659,-15.55528367065595,29.36541937082938
130,-5.93756546381298,1128,53.61661112216659,-15.820841219745915,29.19610979225496
131,-82.56260322207103,1128,53.61661112216659,-17.16767716783826,30.222670700328464
132,-31.170863697635813,1128,53.61661112216659,-17.406468402301925,30.271765552916673
133,-32.263029527094275,1128,53.61661112216659,-17.61235340249825,30.327405073896863
134,-86.87960206812399,1128,53.61661112216659,-18.408669381332913,31.45292737823951
135,28.438485353962495,1128,53.61661112216659,-17.09897965302651,31.60595865436144
136,-6.154856353348911,1128,53.61661112216659,-16.618150320010134,31.5297980532037
137,5.412033953666025,1128,53.61661112216659,-15.512526813108876,31.010712337773306
138,-40.43468084764069,1128,53.61661112216659,-16.327880309586604,30.957673656388902
139,-30.160563449267933,1128,53.61661112216659,-16.058698435571202,30.756416795141607
140,8.94281584516618,1128,53.61661112216659,-16.36182030798285,30.40401799971926
141,-2.6564899882333997,1128,53.61661112216659,-16.710773191497374,30.108596096897095
142,-26.351960582390102,1128,53.61661112216659,-17.1888529207727,30.009489048416768
143,-0.23327041763974954,1128,53.61661112216659,-16.158630304426673,29.40930399660882
144,17.523955857838008,1128,53.61661112216659,-15.98014381000584,29.580117701126806
145,-41.24886965533301,1128,53.61661112216659,-16.49708382060729,29.725474535626585
146,-38.58235255827394,1128,53.61661112216659,-16.246933710183104,29.46502063631049
147,-32.227521365731576,1128,53.61661112216659,-16.511903597112983,29.531039848464864
148,-45.440603575619924,1128,53.61661112216659,-17.57504784550458,29.305125654738553
149,-73.30406220289082,1128,53.61661112216659,-17.908649710206358,29.81768020120955
150,-14.103403022717261,1128,53.61661112216659,-17.860169084529183,29.821321747614526
151,13.482429067505642,1128,53.61661112216659,-17.105801422747145,29.986534881988774
152,-55.362773412247726,1128,53.61661112216659,-17.6900637499744,30.359727266478853
153,-14.763744157639234,1128,53.61661112216659,-16.89266215798693,29.729296839194163
154,-13.394536151449017,1128,53.61661112216659,-16.285612905137697,29.38439918360416
155,-11.0788312811114,1128,53.61661112216659,-15.395861229642998,28.631928780172114
156,10.944516255338216,1128,53.61661112216659,-15.654480293248923,28.310190978188984
157,-99.17366862592012,1128,53.61661112216659,-17.686785527075067,29.48537517078771
158,-48.029434568066144,1128,53.61661112216659,-17.858514775796507,29.630977209544074
159,-48.7308213876039,1128,53.61661112216659,-17.921682947454226,29.693241276831174
160,11.617755284127893,1128,53.61661112216659,-17.522320819912707,29.91588668435398
161,34.98766128141777,1128,53.61661112216659,-16.722387504718498,30.616809696825595
162,-28.608922113725395,1128,53.61661112216659,-16.597215180928412,30.550230062410986
163,-39.90809897284069,1128,53.61661112216659,-16.98139788446229,30.68573169183538
164,-38.31893887392667,1128,53.61661112216659,-16.981679475728424,30.685930470544022
165,-4.655181090086052,1128,53.61661112216659,-16.929081729993545,30.704361876238284
166,-86.64877074315152,1128,53.61661112216659,-18.51084055777739,31.607815085396652
167,-70.76387739861435,1128,53.61661112216659,-19.497332544026484,32.2261798213786
168,-13.302910860192085,1128,53.61661112216659,-19.192213990296263,32.18890126824924
169,-49.914716453821605,1128,53.61661112216659,-19.679287802758356,32.41324872050004
170,11.424867210797235,1128,53.61661112216659,-19.948424919903204,32.07427521302452
171,-59.31422878213925,1128,53.61661112216659,-20.5027268746161,32.4420515818081
172,-30.002142123490298,1128,53.61661112216659,-21.041297204288472,32.30225758602025
173,7.603252908577126,1128,53.61661112216659,-20.83230105262459,32.444849263029575
174,-11.202906582506571,1128,53.61661112216659,-20.946065582989092,32.3971526469717
175,-21.73654739293243,1128,53.61661112216659,-21.393370156754578,32.20065242099918
176,-8.123661350577127,1128,53.61661112216659,-21.439812424854637,32.17896251180446
177,-43.72982114271884,1128,53.61661112216659,-21.055938938402004,31.752598342206504
178,12.692694196925359,1128,53.61661112216659,-21.005011660526783,31.804792284870935
179,-43.99593782143545,1128,53.61661112216659,-21.59777931987516,31.86964458764471
180,-69.51459959837969,1128,53.61661112216659,-21.663253036356526,31.9649733469304
181,-50.152833365731595,1128,53.61661112216659,-22.14613150914603,32.157015602177495
182,-90.2146413479243,1128,53.61661112216659,-23.66239035874785,33.009246042367884
183,-78.4170121313565,1128,53.61661112216659,-25.69367687034051,32.232768451690724
184,48.7082702448518,1128,53.61661112216659,-24.855897692406227,33.444230676317794
185,-38.02516271365919,1128,53.61661112216659,-25.530826864176657,33.257123501850394
186,-67.65177460774497,1128,53.61661112216659,-26.450149128843968,33.586308345921395
187,-1.8312417827919454,1128,53.61661112216659,-27.08568734486322,32.69838125233158
188,8.205023033732301,1128,53.61661112216659,-26.885128074148327,32.8765085145397
189,-40.45363150255762,1128,53.61661112216659,-27.23330698933834,32.898858298471275
190,-72.75123930077706,1128,53.61661112216659,-27.790996883263695,33.36240414541352
191,-55.576298039482054,1128,53.61661112216659,-27.802580004453606,33.37206549501552
192,-31.821817583277433,1128,53.61661112216659,-28.1880040204735,33.269862972643125
193,-26.04657130179379,1128,53.61661112216659,-28.51293519472526,33.14201599274045
194,1.5661201271805503,1128,53.61661112216659,-28.175072491360158,33.3374307479234
195,-26.347630074287828,1128,53.61661112216659,-28.489073485367463,33.22062107483508
196,-138.77810942974938,1128,53.61661112216659,-29.353927427024054,35.316012029665536
197,-105.27702426114364,1128,53.61661112216659,-30.49402220492417,36.55019076820293
198,-77.72238070709564,1128,53.61661112216659,-31.193396838462657,37.01651823745402
199,-39.75356901165142,1128,53.61661112216659,-30.468380945286157,36.364561175452685
200,-70.9197738967353,1128,53.61661112216659,-31.996969549143042,35.93545041952235
201,-69.58037393553326,1128,53.61661112216659,-32.97274674271511,36.08359012763632
202,-19.352419277550197,1128,53.61661112216659,-33.35373833088767,35.80160553722035
203,-51.46115053489269,1128,53.61661112216659,-33.52337632607616,35.86175397889158
204,12.308986840470553,1128,53.61661112216659,-32.869998629310956,36.30808575716076
205,-61.08852242032958,1128,53.61661112216659,-33.947403833395505,36.08632344564747
206,89.31757826590366,1128,89.31757826590366,-32.53241816794725,39.016672694829964
207,-62.26511137620286,1128,89.31757826590366,-33.08492818015975,39.18171617949202
208,-28.727510558886777,1128,89.31757826590366,-33.52330110540971,38.96723484714314
209,-114.0838216194003,1128,89.31757826590366,-35.54803614352106,39.68591713539207
210,-39.266386876826104,1128,89.31757826590366,-35.51753640846711,39.68222905399298
211,-1.0867586602601715,1128,89.31757826590366,-34.94068111772844,39.90886712228385
212,-80.54069887728824,1128,89.31757826590366,-35.68396077175238,40.305478338277275
213,-55.561489825510975,1128,89.31757826590366,-35.839666714058396,40.363266402854606
214,59.59769875820585,1128,89.31757826590366,-33.795024237733834,41.77718852634388
215,-14.975652216558032,1128,89.31757826590366,-33.80844345610061,41.77090418036533
216,-24.814562692576956,1128,89.31757826590366,-34.397627944717264,41.361523330214375
217,-69.05310938606006,1128,89.31757826590366,-34.60824849816053,41.50455938505666
218,-87.69498626636685,1128,89.31757826590366,-35.73026760752557,41.943188494767476
219,18.76170547513982,1128,89.31757826590366,-35.23555619788574,42.3979233870205
220,-27.487841798794573,1128,89.31757826590366,-35.488002513542405,42.300581299101744
221,17.868630035133606,1128,89.31757826590366,-35.38147768616094,42.42786548498549
222,-44.38609896905621,1128,89.31757826590366,-34.538591999132265,41.67834066852655
223,20.06441631088316,1128,89.31757826590366,-33.49099429330227,42.18662626831411
224,-25.09880324898353,1128,89.31757826590366,-33.127424783477345,42.15505540508374
225,-67.56701746740576,1128,89.31757826590366,-34.345652056577855,41.985601310214044
226,22.875588245181582,1128,89.31757826590366,-34.53199164175072,41.69897910862853
227,-25.44455830534063,1128,89.31757826590366,-34.48330912162172,41.70784840705245
228,-15.152222421685991,1128,89.31757826590366,-34.10244948237319,41.77052071541842
229,-85.74521940843093,1128,89.31757826590366,-34.83208456751941,42.25670854251123
230,-45.9301805759594,1128,89.31757826590366,-35.467084559609766,42.10600374452455
231,-17.462893334466088,1128,89.31757826590366,-34.40268644562999,41.66412198107019
232,-47.663127623234764,1128,89.31757826590366,-34.04729029523953,41.44707337455124
233,-10.923972097701398,1128,89.31757826590366,-34.01069123735506,41.466723206609764
234,5.289319777035992,1128,89.31757826590366,-33.16139837226494,41.700564481554814
235,-81.23456834377257,1128,89.31757826590366,-34.58692815002755,41.736333617468475
236,-13.011677108025282,1128,89.31757826590366,-33.874581201195035,41.702826527519136
237,-45.30872217078971,1128,89.31757826590366,-34.110067048076566,41.72382912844428
238,-128.0828961552299,1128,89.31757826590366,-36.19754626444282,42.97961657675138
239,-10.07200890362381,1128,89.31757826590366,-36.180147838613856,42.990120275465316
240,-32.66835268337622,1128,89.31757826590366,-36.348329458466836,42.95410065294089
241,-31.08374484634742,1128,89.31757826590366,-36.70156151224792,42.812541706125664
242,23.986157968553695,1128,89.31757826590366,-35.65977721822834,43.4578703977583
243,-14.722095504722752,1128,89.31757826590366,-36.08154321363832,43.11293279828611
244,-145.12767343138376,1128,89.31757826590366,-37.637416069175984,45.17837409875278
245,-122.28862981055451,1128,89.31757826590366,-38.449324226286365,46.222339128688624
246,-9.366889689078826,1128,89.31757826590366,-37.82184816972248,46.33767370467381
247,3.1299251127992918,1128,89.31757826590366,-36.38577791648058,46.13457114143525
248,-6.771712926689359,1128,89.31757826590366,-35.28354254410108,45.97025398532379
249,-8.516572626908237,1128,89.31757826590366,-36.16392474212817,44.87140974921342
250,0.7248170210442004,1128,89.31757826590366,-35.567771207748116,45.10310974401164
251,-84.54631898594475,1128,89.31757826590366,-35.82768727510504,45.3389519780416
252,-89.14046619298588,1128,89.31757826590366,-37.170906112184944,45.6085475385465
253,-39.47958226588282,1128,89.31757826590366,-37.90451542448672,45.2493625849582
254,-91.4684233702788,1128,89.31757826590366,-38.68935837629782,45.73409282196708
255,8.637275768800034,1128,89.31757826590366,-37.4372273752274,45.90080222005113
256,-53.3724171110324,1128,89.31757826590366,-37.40332151478972,45.88800614459795
257,0.7654743738179164,1128,89.31757826590366,-36.90197856160363,46.12732875076078
258,-46.61013812929694,1128,89.31757826590366,-37.2183411281806,46.12223098805715
259,-106.83734529946871,1128,89.31757826590366,-38.88608675012905,46.654721449553705
260,-81.55893782123565,1128,89.31757826590366,-39.735491484697484,46.92468978366951
261,-45.98876615912535,1128,89.31757826590366,-38.30796312668788,45.24594259756475
262,-88.68792915108169,1128,89.31757826590366,-38.05274627884077,44.907814010607105
263,-74.14509803584458,1128,89.31757826590366,-37.99771116082153,44.86060592146588
264,-66.44246344615594,1128,89.31757826590366,-38.408309536736986,44.99885348402289
265,-63.47690995931628,1128,89.31757826590366,-38.293803937699764,44.924238883859644
266,-79.19044476683044,1128,89.31757826590366,-38.44165118125818,45.04446557660003
267,-7.334305835535741,1128,89.31757826590366,-38.256757128304116,45.148590499749005
268,-145.95628891540503,1128,89.31757826590366,-39.7105284880043,47.06125548809597
269,-105.315934088612,1128,89.31757826590366,-41.52014265614403,47.290646654654594
270,-67.12510666114089,1128,89.31757826590366,-41.61301318292574,47.33558201476992
271,-88.8391210658806,1128,89.31757826590366,-44.35388548033781,44.721577829206915
272,-35.165462805881035,1128,89.31757826590366,-43.936967810025166,44.678288610417276
273,-31.608689553140273,1128,89.31757826590366,-43.981293640705985,44.664390427774684
274,34.02785467967294,1128,89.31757826590366,-41.70265246687409,44.80995753857115
275,-100.21637231311895,1128,89.31757826590366,-42.64034455050937,45.392117046273405
276,-3.690452739273259,1128,89.31757826590366,-42.68040138249418,45.35600908237618
277,-66.5163626898047,1128,89.31757826590366,-42.4646423642252,45.20620271330297
278,-24.753462065648982,1128,89.31757826590366,-41.99067270638117,45.22824154085167
279,-65.72463080887167,1128,89.31757826590366,-43.918708545874665,43.466848522691954
280,-66.71504724528548,1128,89.31757826590366,-44.71469923862432,43.40223773450194
281,-112.89951944713944,1128,89.31757826590366,-46.06985241946374,44.14005710628819
282,-2.718998612709999,1128,89.31757826590366,-45.04932763833528,44.36662383398275
283,2.1753592112533653,1128,89.31757826590366,-43.66670693867959,44.41717891824637
284,-74.03299692072765,1128,89.31757826590366,-45.09431774476986,43.86716815541484
285,-25.609811612387936,1128,89.31757826590366,-45.065424972671295,43.879562442432395
286,-135.6789186960437,1128,89.31757826590366,-47.42769495315095,44.566315266024326
287,84.25834814816271,1128,89.31757826590366,-45.44854961288604,47.4656734178255
288,-21.313774697523037,1128,89.31757826590366,-46.08513716686152,46.84675275685721
289,-26.58327917912692,1128,89.31757826590366,-46.10797525809449,46.83672269808691
290,-75.76089326496698,1128,89.31757826590366,-46.23403488574928,46.90635652804168
291,-141.5593607633725,1128,89.31757826590366,-48.763803332034726,47.55063049890806
292,-95.63033495392078,1128,89.31757826590366,-49.84358451124365,47.80901078950966
293,-23.10683169230375,1128,89.31757826590366,-49.965963115407,47.72893623838588
294,-51.24784823440484,1128,89.31757826590366,-49.43523432811429,47.51619230346547
295,-45.15648875800411,1128,89.31757826590366,-49.42333137706883,47.5171809450781
296,-96.23170316706049,1128,89.31757826590366,-50.6351592206472,47.69345127850055
297,-90.44610491291091,1128,89.31757826590366,-51.2933588712576,47.946340051127294
298,-64.06200765102551,1128,89.31757826590366,-52.11086711053951,47.699647498762594
299,-15.174174061983372,1128,89.31757826590366,-52.42569009267826,47.3813490529364
300,-91.64185502934056,1128,89.31757826590366,-52.585802195533155,47.49766326992004
301,-130.55249561044164,1128,89.31757826590366,-54.39412248018572,48.19976910762474
302,-70.55245941579524,1128,89.31757826590366,-54.78248766857042,48.22711229413414
303,-105.89038196159993,1128,89.31757826590366,-54.4410643732838,47.7765255166265
304,-112.43891035044322,1128,89.31757826590366,-56.01593978015794,47.977874283258366
305,-126.88630112191348,1128,89.31757826590366,-57.46544667921237,48.6795997528999
306,-116.4665861269495,1128,89.31757826590366,-58.77902885276009,49.10670819451219
307,-42.88547285079223,1128,89.31757826590366,-59.80782317305771,48.03444961036214
308,-149.66202584165254,1128,89.31757826590366,-61.883822101318174,48.96246236065273
309,-40.77177988778263,1128,89.31757826590366,-60.278346816032,47.88940593325732
310,-31.513923843955315,1128,89.31757826590366,-58.88181287808431,47.37362130501226
311,-53.593334405531024,1128,89.31757826590366,-59.562219719875884,46.96720733092231
312,-51.59610381358017,1128,89.31757826590366,-60.40415862643557,46.3117604751635
313,-69.87641401011552,1128,89.31757826590366,-61.375000181565206,45.82880607761077
314,-41.37384356993067,1128,89.31757826590366,-61.8804966576117,45.41601271914081
315,-76.4391176218441,1128,89.31757826590366,-63.06763411365614,44.757721657489796
316,-65.51206586833406,1128,89.31757826590366,-62.77479945030829,44.677193028800644
317,28.200197010412957,1128,89.31757826590366,-60.969558477948304,45.94779210368092
318,-25.617857071400614,1128,89.31757826590366,-60.756301167263956,46.08106680580421
319,-32.64830913131673,1128,89.31757826590366,-59.85137633281839,46.04606031828409
320,-12.260662882876272,1128,89.31757826590366,-60.17288308130571,45.63147225413543
321,-52.02730714668108,1128,89.31757826590366,-60.152189081854154,45.63490934842684
322,-32.457824441679506,1128,89.31757826590366,-60.66331675593872,45.125157832788396
323,-71.78286681450913,1128,89.31757826590366,-61.05058950494199,45.11068254442604
324,-79.35369949798509,1128,89.31757826590366,-60.62776418491916,44.80256541619461
325,-102.75903218704521,1128,89.31757826590366,-60.95391948285469,45.033891184586714
326,-60.83006750500593,1128,89.31757826590366,-61.18224719586824,44.99443673585655
327,-98.6756860918992,1128,89.31757826590366,-61.33590499495774,45.10675155655185
328,-61.81529277749296,1128,89.31757826590366,-61.14621568329079,45.07795918202127
329,-65.25377081032438,1128,89.31757826590366,-61.127928104278,45.07601806384062
330,-71.21675080600603,1128,89.31757826590366,-61.247002578842455,45.09254007346612
331,-56.83625172780367,1128,89.31757826590366,-60.90309191670359,45.038764320639
332,-54.14863130271793,1128,89.31757826590366,-61.62331230850639,44.540303013476965
333,-22.841613949623476,1128,89.31757826590366,-59.729240385955904,43.50367280780425
334,-106.78129472637953,1128,89.31757826590366,-59.75178439576772,43.52803823345379
335,-76.84608262741494,1128,89.31757826590366,-59.901337872171936,43.57044628781622
336,-79.57249248483868,1128,89.31757826590366,-59.758774355540524,43.4893666038245
337,-67.24163584281585,1128,89.31757826590366,-60.25225394072414,43.38781039089002
338,-45.1340693624915,1128,89.31757826590366,-60.46033670702185,43.280593427995136
339,-20.5877996974506,1128,89.31757826590366,-61.30057754359298,41.92652347254545
340,-32.00435503091125,1128,89.31757826590366,-60.251161893097475,41.7906954589047
341,-97.97392247635064,1128,89.31757826590366,-61.70167681212944,41.431554209672306
342,-48.979850297900356,1128,89.31757826590366,-61.431884313792445,41.456801357128825
343,-35.66361591479733,1128,89.31757826590366,-61.59973283454858,41.32786476485342
344,-123.5651845558991,1128,89.31757826590366,-62.48958750757977,42.034722760270384
345,-71.18279913818081,1128,89.31757826590366,-62.55832215208585,42.04539158962982
346,-49.38356710477338,1128,89.31757826590366,-61.581153654510985,41.59278582446624
347,-34.816224571253215,1128,89.31757826590366,-62.07495713079627,41.07028801713446
348,-125.92298036575514,1128,89.31757826590366,-64.0457008165964,41.01242297061871
349,-17.2154406981821,1128,89.31757826590366,-63.17158456701877,41.39989199432452
350,-91.91437602642881,1128,89.31757826590366,-64.19165478877325,41.276600063385224
351,-66.0417405383138,1128,89.31757826590366,-63.12031358634663,40.28393025545392
352,-122.215633242948,1128,89.31757826590366,-66.2968363769791,36.43804671973656
353,-102.87805907518658,1128,89.31757826590366,-67.55167152125085,36.26877966254705
354,-92.75906502601018,1128,89.31757826590366,-68.56976053427981,36.028805940778796
355,-34.7258678281021,1128,89.31757826590366,-67.93845245063574,36.2596068781815
356,-26.570306623805624,1128,89.31757826590366,-66.16939007925778,35.40666523609466
357,-41.04777304702529,1128,89.31757826590366,-65.32965835761324,35.344235302092656
358,-49.67781611074003,1128,89.31757826590366,-65.73844273328149,35.00024760907418
359,-134.35442465559197,1128,89.31757826590366,-67.0170054474536,35.96722205027741
360,-52.12660524540574,1128,89.31757826590366,-67.12423800879824,35.911375803344235
361,-88.82225041685851,1128,89.31757826590366,-67.0102464280259,35.829203559427775
362,-115.93026093814495,1128,89.31757826590366,-67.40231036687564,36.22688355850691
363,-120.33123444986902,1128,89.31757826590366,-68.26799077916554,36.813375653006304
364,-66.27441612901279,1128,89.31757826590366,-69.05414834942754,36.20238775148842
365,-156.2391185803807,1128,89.31757826590366,-70.04795240405892,37.68828601354117
366,-51.469188928903975,1128,89.31757826590366,-68.83128614741989,36.97427198442621
367,-133.9569872220583,1128,89.31757826590366,-69.80674042136239,37.846470436327564
368,-48.11030564319225,1128,89.31757826590366,-68.91781617030996,37.66382646839176
369,-120.24311569998599,1128,89.31757826590366,-69.03788086799524,37.81685893781601
370,-64.68137240658774,1128,89.31757826590366,-68.08088196468253,37.110552295344164
371,-65.44002930957335,1128,89.31757826590366,-67.29585801364598,36.6073119687211
372,-147.27806976815864,1128,89.31757826590366,-68.90189796622084,37.790484736728004
373,-21.325742600940103,1128,89.31757826590366,-66.92749360867143,36.84588505959293
374,-104.61794782569359,1128,89.31757826590366,-67.90974234617774,36.98846270582382
375,61.337411479110244,1128,89.31757826590366,-66.48126026428443,40.079784218572584
376,-36.09886437330621,1128,89.31757826590366,-66.21211457148097,40.22615469488339
377,-47.857601504621314,1128,89.31757826590366,-66.15459915134313,40.25004478574053
378,-61.261979998375374,1128,89.31757826590366,-66.02206939731636,40.251780799847836
379,-71.93879807552952,1128,89.31757826590366,-66.49229946663326,40.13770728787058
380,-77.22657068469627,1128,89.31757826590366,-66.50441412913868,40.14087513299954
381,-54.99905189897989,1128,89.31757826590366,-66.34267545268706,40.16610804217582
382,-117.49984255241822,1128,89.31757826590366,-68.58421452288447,38.851549948420214
383,-57.09488028086543,1128,89.31757826590366,-69.06847641841469,38.50223239124521
384,-101.84450994243667,1128,89.31757826590366,-70.13303335397039,38.436062582038616
385,-98.71919731740469,1128,89.31757826590366,-71.46316465296313,37.89420600899737
386,-86.60678592779331,1128,89.31757826590366,-71.99515663421103,37.859797906683156
387,-93.68040446067394,1128,89.31757826590366,-72.93704248065708,37.62161523334663
388,-80.57299795112107,1128,89.31757826590366,-73.07227526737418,37.6331981678021
389,-98.32458748165215,1128,89.31757826590366,-73.36413508250753,37.756036938546885
390,-56.240096373382954,1128,89.31757826590366,-72.64845914691273,37.630824520624174
391,-110.64534575069693,1128,89.31757826590366,-73.41484804300028,37.89272774000576
392,-90.03927625463804,1128,89.31757826590366,-73.2819801993501,37.817836063631276
393,5.836406812804345,1128,89.31757826590366,-72.24118482103785,39.049227952713366
394,-105.18940819506625,1128,89.31757826590366,-72.85557924234156,39.25121938255499
395,-34.94843635124776,1128,89.31757826590366,-72.29760517380682,39.53166357840263
396,-62.56040248932917,1128,89.31757826590366,-72.38566903167644,39.503047903097304
397,-120.00714433162507,1128,89.31757826590366,-73.39887692442885,39.870865340498774
398,-152.36144983281736,1128,89.31757826590366,-75.39148978417029,40.53564519003776
399,-120.73154577684195,1128,89.31757826590366,-75.60610903110049,40.74084882158011
400,-32.11484401532395,1128,89.31757826590366,-74.917936129376,41.09581840514268
401,-24.894520876087462,1128,89.31757826590366,-74.07673656616446,41.5560849706762
402,-131.36898811935214,1128,89.31757826590366,-75.06331121657271,42.1482765335194
403,-96.4212664961041,1128,89.31757826590366,-75.85234501862828,42.059198820560624
404,-38.514936676102764,1128,89.31757826590366,-76.12814712599217,41.74877335349563
405,-52.60225775463545,1128,89.31757826590366,-76.44503793712639,41.48596827037211
406,-37.77980965227542,1128,89.31757826590366,-75.51897466290984,41.669315656267564
407,-97.77309368718485,1128,89.31757826590366,-76.26963994582192,41.62322308564255
408,-57.50753721136745,1128,89.31757826590366,-76.60570027346147,41.37771124773142
409,-80.7271996870294,1128,89.31757826590366,-75.94665435240194,40.957088945434364
410,-114.61809080635332,1128,89.31757826590366,-76.61488960883537,41.23156431217055
411,-168.091465383374,1128,89.31757826590366,-78.44116496696769,42.612407780940615
412,-3.1703639741542737,1128,89.31757826590366,-77.95430557316617,43.293954899538626
413,46.98394991478415,1128,89.31757826590366,-75.29419895346557,45.553553824584114
414,-57.237271940730544,1128,89.31757826590366,-75.90991943412017,45.02366551649745
415,-76.73654450375821,1128,89.31757826590366,-75.67641433377139,44.97870082671251
416,-49.819614059978335,1128,89.31757826590366,-75.42684315718161,45.07789168515568
417,-57.29135369964682,1128,89.31757826590366,-74.42800808728467,44.74299890323467
418,-81.91187351501605,1128,89.31757826590366,-74.10545138635896,44.610071191869025
419,-73.96939013202362,1128,89.31757826590366,-73.81637946491303,44.54814294582997
420,-76.48380550531164,1128,89.31757826590366,-74.45880927533162,44.27587362786489
421,-131.26569073674716,1128,89.31757826590366,-76.0695074924538,44.410667267862856
422,-195.81931436728527,1128,89.31757826590366,-78.45060812815011,46.59879277655779
423,-100.99840008025856,1128,89.31757826590366,-79.240155573835,46.538399563616245
424,-73.38914290253321,1128,89.31757826590366,-78.30222816224948,46.02175424057138
425,-97.93570339159558,1128,89.31757826590366,-79.00698351834471,45.96536487595703
426,-2.8145062387391437,1128,89.31757826590366,-77.68378745406595,46.90670497524706
427,-112.99166719461086,1128,89.31757826590366,-77.63857831955005,46.870668961775166
428,-148.14360923560164,1128,89.31757826590366,-78.06646100856132,47.39056654454962
429,-64.33585112749513,1128,89.31757826590366,-78.0366369316149,47.39871282268144
430,50.89000400371946,1128,89.31757826590366,-74.85003504570567,48.9947770012911
431,-116.49263581900652,1128,89.31757826590366,-75.85039576709185,49.17342372120783
432,-49.09922235562215,1128,89.31757826590366,-74.54489169222362,48.731103000988256
433,-67.99669918308109,1128,89.31757826590366,-74.85083620822189,48.6248574761494
434,-103.72958148892937,1128,89.31757826590366,-74.59678183574411,48.426723073502394
435,-115.91264018797125,1128,89.31757826590366,-75.38495518622693,48.67907439548411
436,-81.1107260806249,1128,89.31757826590366,-75.62604282885849,48.66785564324788
437,-134.13241351263122,1128,89.31757826590366,-75.42380196338885,48.39198263328782
438,-150.6229232430526,1128,89.31757826590366,-77.41298935788288,48.78929288534414
439,-119.85147889681272,1128,89.31757826590366,-77.64735137436163,48.95831005243322
440,-106.89861074243767,1128,89.31757826590366,-80.23559787007775,45.84383605281396
441,-97.78751566435297,1128,89.31757826590366,-81.18465404378617,45.55346104398975
442,-146.55219060641656,1128,89.31757826590366,-82.70303233765995,46.06719052119453
443,-105.52772227273752,1128,89.31757826590366,-83.38404375726553,46.07246482957863
444,-74.2742191459975,1128,89.31757826590366,-83.41997331219581,46.064309722819466
445,-76.88206845507943,1128,89.31757826590366,-83.41467327789401,46.065053265953836
446,-76.20385438813992,1128,89.31757826590366,-83.74090100849646,45.93557568238363
447,-126.79092659317982,1128,89.31757826590366,-83.88384076296971,46.0565626690452
448,-117.1843197207002,1128,89.31757826590366,-84.80829367742871,46.113475760633165
449,-119.49048498155332,1128,89.31757826590366,-85.07977021649204,46.26702400388895
450,-49.58541285566217,1128,89.31757826590366,-84.32386584015752,46.441743689239416
451,-83.62795492412806,1128,89.31757826590366,-84.27803767087036,46.44092546163378
452,-88.64107350429447,1128,89.31757826590366,-84.20050950231068,46.42918878942957
453,-52.72068423834897,1128,89.31757826590366,-83.77201236826804,46.59143203611192
454,-121.78676819139139,1128,89.31757826590366,-84.13296899457173,46.79636970019465
455,-90.47541154474075,1128,89.31757826590366,-84.65966615105415,46.67001789271326
456,-57.607638144494544,1128,89.31757826590366,-83.84370141865104,46.6722408569379
457,-151.42076108222201,1128,89.31757826590366,-84.78803195446002,47.41462486961483
458,10.898944554876838,1128,89.31757826590366,-84.71014675842814,47.56971856729002
459,10.337259266878313,1128,89.31757826590366,-82.93281341285976,48.93131024350009
460,-71.21872314080835,1128,89.31757826590366,-83.49081782500684,48.58111134776536
461,-170.32063017739307,1128,89.31757826590366,-85.1486674817463,49.68190126896034
462,-149.87023907498536,1128,89.31757826590366,-85.60809970856722,50.145209833200575
463,-76.27035943606846,1128,89.31757826590366,-84.43746754861725,49.44580388429203
464,-127.3610809738897,1128,89.31757826590366,-84.53946039780259,49.528606270573235
465,-69.07680169306758,1128,89.31757826590366,-85.10810590053711,49.12786837413307
466,-97.55426103863974,1128,89.31757826590366,-86.22594805688408,48.55973217638693
467,-77.73210527447301,1128,89.31757826590366,-85.40076524388593,48.23526924810499
468,8.237146918853764,1128,89.31757826590366,-83.79063580673272,49.58942842198724
469,-73.36611921654342,1128,89.31757826590366,-84.32680784581643,49.27969055915777
470,-144.2967274137128,1128,89.31757826590366,-85.73749199441762,49.668245945981994
471,-102.22244942755876,1128,89.31757826590366,-86.72891722172967,49.338078348774914
472,-144.81375909770097,1128,89.31757826590366,-87.45261976650684,49.845005702408606
473,-115.82304705120777,1128,89.31757826590366,-88.34978145635054,49.82240784714929
474,-92.48274703719233,1128,89.31757826590366,-88.53063603096842,49.81564141963201
475,-68.00278486736842,1128,89.31757826590366,-87.81347747806096,49.76973338764506
476,-153.33164293060153,1128,89.31757826590366,-87.58640328647984,49.430255509330856
477,-76.72845104075694,1128,89.31757826590366,-88.71806616442757,48.29644699328615
478,-135.7955433944008,1128,89.31757826590366,-91.53005836918426,45.51275094053663
479,-144.30377665347848,1128,89.31757826590366,-92.86954305707269,45.76822003548357
480,-108.57515593220623,1128,89.31757826590366,-93.35936784827958,45.76323494802474
481,-141.3030774039135,1128,89.31757826590366,-94.76680574587857,45.810009635384006
482,-126.14866767060929,1128,89.31757826590366,-95.82614903773953,45.7259354601134
483,-111.42601305279234,1128,89.31757826590366,-96.2802127229361,45.73214516890019
484,-127.6450556395184,1128,89.31757826590366,-97.10599219228217,45.80753192978309
485,-145.65007446472728,1128,89.31757826590366,-98.17008863781166,46.12326768001185
486,-84.77954716460721,1128,89.31757826590366,-97.45491719824027,45.962198247460236
487,-79.18105168439918,1128,89.31757826590366,-95.66048238773432,44.30903450956679
488,-189.89459316497016,1128,89.31757826590366,-97.02811612749912,45.82244798925039
489,-112.24393530816369,1128,89.31757826590366,-97.62588216450881,45.76264944073806
490,-130.54632499136275,1128,89.31757826590366,-98.12758403527445,45.9444950664584
491,-187.5688006584995,1128,89.31757826590366,-100.96995779557847,45.66990800088387
492,-103.94496700336205,1128,89.31757826590366,-100.83077779263616,45.64647813956683
493,-102.71060823239088,1128,89.31757826590366,-100.13180854643292,45.25685986189841
494,-68.56807119106966,1128,89.31757826590366,-100.19691962433406,45.20757312036102
495,-168.51037602133937,1128,89.31757826590366,-103.57231008625806,41.81381474000541
496,-136.68944102249722,1128,89.31757826590366,-103.88303016631174,41.98601340599436
497,-121.57287761625338,1128,89.31757826590366,-104.99800947801376,41.46754737685661
498,-138.46217024784022,1128,89.31757826590366,-106.08209364824081,41.40615172812418
499,-133.26682319481304,1128,89.31757826590366,-106.53651275140825,41.541788933677
500,-59.74067891413444,1128,89.31757826590366,-105.67232873181075,41.926179539047325
501,-150.71495785791532,1128,89.31757826590366,-106.743163066846,42.17717864110833
502,-134.59671358061615,1128,89.31757826590366,-106.75030614481499,42.18192878021851
503,-127.04992604763282,1128,89.31757826590366,-106.38764464950084,41.899225533262715
504,-166.9485899831867,1128,89.31757826590366,-107.11221558929122,42.538055478192675
505,-152.29442047237174,1128,89.31757826590366,-107.81061266205943,42.90556421481182
506,-147.8744115481906,1128,89.31757826590366,-108.58118029104155,43.17168602745547
507,-161.4390817615011,1128,89.31757826590366,-108.81020938573515,43.415074599241095
508,-154.1060152162934,1128,89.31757826590366,-109.55756773871293,43.77431946723992
509,-123.53571158241783,1128,89.31757826590366,-110.31543685311941,43.57991347122975
510,-107.11416104871219,1128,89.31757826590366,-110.78054596994453,43.37837950535573
511,-144.36613951047403,1128,89.31757826590366,-111.82919651028813,43.353332091569904
512,-164.28847504141655,1128,89.31757826590366,-112.40608187103024,43.802686235131134
513,-158.0429464858178,1128,89.31757826590366,-113.03467612895514,44.16401054011685
514,-79.67496690371212,1128,89.31757826590366,-112.42212969698835,44.34880085845743
515,-157.09133131760626,1128,89.31757826590366,-114.07606690409517,43.971814366708486
516,-145.18417839445095,1128,89.31757826590366,-115.02308572671554,43.96867520105459
517,-160.39208207189557,1128,89.31757826590366,-116.12694739698632,44.19607830527028
518,-174.95466827188832,1128,89.31757826590366,-118.00747022827153,44.056295013818726
519,-88.8174234566319,1128,89.31757826590366,-117.50024954004448,44.20165249770186
520,-118.94241829003008,1128,89.31757826590366,-117.93820348997201,44.0705365170694
521,-135.14205472732797,1128,89.31757826590366,-119.13104066816945,43.45710700247151
522,-119.9120410645254,1128,89.31757826590366,-118.64629112943565,43.26661523645773
523,-150.93030067234642,1128,89.31757826590366,-121.1359718252391,40.246386804645134
524,-174.8415457573725,1128,89.31757826590366,-123.98487651791989,37.235925836151345
525,-144.59973622619313,1128,89.31757826590366,-125.11381518077195,36.71996432030513
526,-155.01719720049422,1128,89.31757826590366,-124.87837775035811,36.473818313823784
527,-128.99840393568078,1128,89.31757826590366,-124.55727259436881,36.34199586531424
528,-118.0949405370973,1128,89.31757826590366,-125.20072768823078,35.8404942889046
529,-118.23923596316402,1128,89.31757826590366,-125.0603916111427,35.84976052322537
530,-147.18671732152518,1128,89.31757826590366,-126.2620826208113,35.247936344424154
531,-113.53999924595229,1128,89.31757826590366,-126.50801705476994,35.09996216177684
532,-155.29390622521473,1128,89.31757826590366,-127.70127553093519,34.732337365884014
533,-79.08496619220975,1128,89.31757826590366,-129.04469265572075,30.86574693908807
534,-144.63697060335195,1128,89.31757826590366,-130.14116729244088,30.11366651263592
535,-131.8368310689177,1128,89.31757826590366,-129.94947657944402,30.061762787289716
536,-138.8786384849491,1128,89.31757826590366,-130.51341794955775,29.876747646698135
537,-164.8455710712103,1128,89.31757826590366,-130.82159967222714,30.128813746960944
538,-147.76858960577576,1128,89.31757826590366,-131.313069557682,30.14088024233093
539,-159.61996535652096,1128,89.31757826590366,-132.34594983951783,29.939102787946894
540,-126.48326047584072,1128,89.31757826590366,-133.24564946426358,28.833602747544674
541,-201.35592188257374,1128,89.31757826590366,-133.98448452506315,29.950006648609737
542,-132.99731416142117,1128,89.31757826590366,-134.85015934230412,29.069473917368857
543,-125.61159715995004,1128,89.31757826590366,-134.6934832463895,29.09173470048556
544,-125.963081877609,1128,89.31757826590366,-134.41131871137614,29.086010613893144
545,-147.86658502434906,1128,89.31757826590366,-135.01580223587064,28.948642758145176
546,-162.4895539833635,1128,89.31757826590366,-135.3417480294006,29.139187071922823
547,-114.40643676194156,1128,89.31757826590366,-135.1610983231134,29.233316712918256
548,-139.4980859300852,1128,89.31757826590366,-135.59297636737944,29.08416855202306
549,-146.21511002945087,1128,89.31757826590366,-135.87866951183995,29.096080600960633
550,-152.80837670569002,1128,89.31757826590366,-135.988797238624,29.14714509737859
551,-114.49466979373545,1128,89.31757826590366,-136.4459529713798,28.558496462245994
552,-114.03698209465881,1128,89.31757826590366,-136.98219805461454,27.78314907086935
553,-112.99493656759145,1128,89.31757826590366,-135.79912641465486,27.124281436713602
554,-110.98129341097217,1128,89.31757826590366,-135.77970115469807,27.141860675987893
555,-155.85238733861146,1128,89.31757826590366,-136.16902519080958,27.246912298501538
556,-167.701127558114,1128,89.31757826590366,-135.86336868157287,26.768537556158428
557,-152.53523466775755,1128,89.31757826590366,-136.6109112610251,26.540752285710695
558,-168.78637582330535,1128,89.31757826590366,-137.62746153165455,26.48737867952159
559,-145.81599681102603,1128,89.31757826590366,-138.81589115657695,25.03349246151595
560,-137.79482611666947,1128,89.31757826590366,-138.34334423496665,24.752529312807344
561,-111.52211680249455,1128,89.31757826590366,-137.956154631582,24.974647016797963
562,-145.85301636112683,1128,89.31757826590366,-138.32969522765694,24.907262568246583
563,-117.85057090870816,1128,89.31757826590366,-138.0125936993626,25.036420860037182
564,-138.43315151423968,1128,89.31757826590366,-138.09207567350765,25.0293189167717
565,-142.98245614035082,1128,89.31757826590366,-139.3727184000648,23.005518026393247
566,-107.28997908521904,1128,89.31757826590366,-138.70464180356177,23.299641753018623
567,-129.65842477736254,1128,89.31757826590366,-138.62866812966556,23.321287003733858
568,-134.1333362336979,1128,89.31757826590366,-138.73764367098963,23.282854536273998
569,-151.62568124417868,1128,89.31757826590366,-138.50190661346642,23.0693506173865
570,-192.16424185732657,1128,89.31757826590366,-139.11528848092726,23.95485121336536
571,-111.52579486168668,1128,89.31757826590366,-138.55607899344258,24.1704768311974
572,-150.20960640742658,1128,89.31757826590366,-138.38331783414915,24.044164340126894
573,-164.4945915569652,1128,89.31757826590366,-138.5431420855441,24.18442575430213
574,-150.92642289786286,1128,89.31757826590366,-138.96453764424325,24.15746296742969
575,-130.23128975746104,1128,89.31757826590366,-139.32018577822402,23.849434825307487
576,-143.922213599409,1128,89.31757826590366,-139.31335614882303,23.848030786855347
577,-115.90673148407976,1128,89.31757826590366,-138.56902163255631,23.811345098995528
578,-124.65176613418981,1128,89.31757826590366,-138.0553111656082,23.74474705055418
579,-140.91544925112726,1128,89.31757826590366,-138.99747243249152,22.57842242294241
580,-160.6461160251122,1128,89.31757826590366,-139.05216142799162,22.627186294714576
581,-82.5344811783502,1128,89.31757826590366,-138.0883199323593,23.67210713129224
582,-128.79645415215745,1128,89.31757826590366,-137.60223334897873,23.530936000408037
583,-158.6930264639586,1128,89.31757826590366,-137.35205424424132,23.211885955831832
584,-158.6156190449561,1128,89.31757826590366,-138.42587263790784,22.53616669384455
585,-151.3442622588856,1128,89.31757826590366,-138.92436254512103,22.456684555027216
586,-157.45824226363374,1128,89.31757826590366,-139.26768850721805,22.568267516128767
587,-138.39867872356234,1128,89.31757826590366,-139.5520983173571,22.43663474113784
588,-146.11914986288684,1128,89.31757826590366,-139.4780806125962,22.40642750672133
589,-150.2127250273597,1128,89.31757826590366,-139.0991756782883,22.00369199605281
590,-138.89206575507825,1128,89.31757826590366,-139.01136536334806,21.992783997361936
591,-136.82088551157113,1128,89.31757826590366,-138.73142210659543,21.901484211807208
592,-129.9845922046561,1128,89.31757826590366,-138.7465942338104,21.894976989442842
593,-128.36865825498248,1128,89.31757826590366,-138.9046514294702,21.78034809155916
594,-151.24736135232388,1128,89.31757826590366,-139.41246874314953,21.67554390378956
595,-145.8495115371004,1128,89.31757826590366,-139.3918963464661,21.668683514122076
596,-132.34375524348903,1128,89.31757826590366,-139.68118490027436,21.442493621379313
597,-143.23793285989353,1128,89.31757826590366,-139.49570838696172,21.357306778784288
598,-130.4230551402943,1128,89.31757826590366,-140.28552514000918,19.994108102314936
599,-186.40864482728696,1128,89.31757826590366,-140.92816628191588,20.79155547455484
600,-182.2314000442267,1128,89.31757826590366,-141.70346734307446,21.378550743005697
601,-115.88910552315568,1128,89.31757826590366,-141.34978222058535,21.614877038913956
602,-132.17977561407363,1128,89.31757826590366,-140.8472315212448,21.439087736819374
603,-133.62661549058927,1128,89.31757826590366,-140.62966268870346,21.439508709280556
604,-144.1708251767213,1128,89.31757826590366,-140.39198360901423,21.310941458934153
605,-141.76359332190836,1128,89.31757826590366,-140.62706565279987,21.239274888151503
606,-142.61481815532187,1128,89.31757826590366,-139.7233563646883,19.817017370482425
607,-123.20232028081568,1128,89.31757826590366,-139.57266415114051,19.90600424409644
608,-150.2059295003628,1128,89.31757826590366,-139.9510384948392,19.870198081045707
609,-163.16747651217804,1128,89.31757826590366,-140.5234137969095,19.996417874986708
610,-153.2225192391607,1128,89.31757826590366,-140.60581278482968,20.038141120821344
611,-128.65641533759316,1128,89.31757826590366,-140.08530295951013,19.899754184415343
612,-155.24415179345857,1128,89.31757826590366,-140.71357549845655,19.72020821719128
613,-126.43760115477511,1128,89.31757826590366,-140.5126449634518,19.79916544747591
614,-90.60542765474145,1128,89.31757826590366,-139.6571113884563,20.728558664603074
615,-160.84315630484207,1128,89.31757826590366,-139.78072338228938,20.831909403225925
616,-116.73017481026565,1128,89.31757826590366,-139.81511576715909,20.791316982557856
617,-168.5781608790255,1128,89.31757826590366,-140.65421082538012,20.835247521669547
618,-193.99373174281342,1128,89.31757826590366,-141.90034613576816,21.564589063648622
619,-127.90915227570875,1128,89.31757826590366,-142.16077473368716,21.285768896384777
620,-134.4736842105263,1128,89.31757826590366,-141.83187160863972,21.236014833068285
621,-78.74262234932675,1128,89.31757826590366,-140.46327922081224,22.378582080251007
622,-112.95471259225627,1128,89.31757826590366,-139.8543481119584,22.582538614453533
623,-171.1527104561868,1128,89.31757826590366,-139.89075326015654,22.631762224480727
624,-174.78558885022116,1128,89.31757826590366,-140.3364392915288,23.031980492445786
625,-103.44872994566921,1128,89.31757826590366,-139.8080378119749,23.480813577625906
626,-109.33827837397388,1128,89.31757826590366,-139.77444029769,23.523442543561213
627,-131.16996530169712,1128,89.31757826590366,-139.548547204468,23.534655777966023
628,-163.1670012030264,1128,89.31757826590366,-140.24572305514982,23.553050863522945
629,-108.02635841022692,1128,89.31757826590366,-139.777926238165,23.889176079412625
630,-148.06638989753918,1128,89.31757826590366,-139.8561406036602,23.908146801054446
631,-147.16284728824294,1128,89.31757826590366,-140.4695693452452,23.568630125873035
632,-140.16232274800376,1128,89.31757826590366,-140.63116777556274,23.52932246581945
633,-157.2286685348996,1128,89.31757826590366,-140.9864805801966,23.60392782271922
634,-178.4388257445006,1128,89.31757826590366,-141.39899049558616,24.023338598192318
635,-165.66693079806777,1128,89.31757826590366,-140.99133955621298,23.3642192922671
636,-154.61934037049855,1128,89.31757826590366,-141.65431717942545,23.125231615883724
637,-178.6211918715975,1128,89.31757826590366,-142.09141849425885,23.554001682244152
638,-59.38020562711028,1128,89.31757826590366,-140.474274095338,25.51833933849187
639,-139.03818410079452,1128,89.31757826590366,-140.29137811384464,25.484836715566733
640,-122.97634876510426,1128,89.31757826590366,-140.17976363703914,25.545399800523242
641,-149.10097894568952,1128,89.31757826590366,-140.25943695005884,25.565322705845922
642,-88.78784233505084,1128,89.31757826590366,-139.842223270843,26.182783829694127
643,-190.7276840274499,1128,89.31757826590366,-140.85877585381624,26.85780068947162
644,-128.49201523463793,1128,89.31757826590366,-140.6676460997164,26.901560239508505
645,-138.7649090892098,1128,89.31757826590366,-140.33101214685635,26.784302644827292
646,-138.1832896958621,1128,89.31757826590366,-141.18714766251037,25.77852132869602
647,-145.64786394500968,1128,89.31757826590366,-141.44640012086194,25.736664719292083
648,-134.7186283308228,1128,89.31757826590366,-141.077563226506,25.657306600160588
649,-153.7081380371644,1128,89.31757826590366,-141.0020635186938,25.612072943960314
650,-144.48267925421925,1128,89.31757826590366,-140.8965007032374,25.58290421424283
