tempus_interval_time,C_forecast_electricity_price_current_hh [$/MWh],C_forecast_electricity_price_next_hh [$/MWh],C_minute
2018-05-24 23:05:00,86.08,125.53,5
2018-05-24 23:10:00,86.08,125.53,10
2018-05-24 23:15:00,86.08,125.53,15
2018-05-24 23:20:00,86.08,125.53,20
2018-05-24 23:25:00,86.08,125.53,25
2018-05-24 23:30:00,125.53,84.91,30
2018-05-24 23:35:00,125.53,84.91,35
2018-05-24 23:40:00,125.53,84.91,40
2018-05-24 23:45:00,125.53,84.91,45
2018-05-24 23:50:00,125.53,84.91,50
2018-05-24 23:55:00,125.53,84.91,55
2018-05-25 00:00:00,84.91,79.62,0
2018-05-25 00:05:00,84.91,79.62,5
2018-05-25 00:10:00,84.91,79.62,10
2018-05-25 00:15:00,84.91,79.62,15
2018-05-25 00:20:00,84.91,79.62,20
2018-05-25 00:25:00,84.91,79.62,25
2018-05-25 00:30:00,79.62,68.4,30
2018-05-25 00:35:00,79.62,68.4,35
2018-05-25 00:40:00,79.62,68.4,40
2018-05-25 00:45:00,79.62,68.4,45
2018-05-25 00:50:00,79.62,68.4,50
2018-05-25 00:55:00,79.62,68.4,55
2018-05-25 01:00:00,68.4,64.86,0
2018-05-25 01:05:00,68.4,64.86,5
2018-05-25 01:10:00,68.4,64.86,10
2018-05-25 01:15:00,68.4,64.86,15
2018-05-25 01:20:00,68.4,64.86,20
2018-05-25 01:25:00,68.4,64.86,25
2018-05-25 01:30:00,64.86,55.74,30
2018-05-25 01:35:00,64.86,55.74,35
2018-05-25 01:40:00,64.86,55.74,40
2018-05-25 01:45:00,64.86,55.74,45
2018-05-25 01:50:00,64.86,55.74,50
2018-05-25 01:55:00,64.86,55.74,55
2018-05-25 02:00:00,55.74,55.5,0
2018-05-25 02:05:00,55.74,55.5,5
2018-05-25 02:10:00,55.74,55.5,10
2018-05-25 02:15:00,55.74,55.5,15
2018-05-25 02:20:00,55.74,55.5,20
2018-05-25 02:25:00,55.74,55.5,25
2018-05-25 02:30:00,55.5,54.28,30
2018-05-25 02:35:00,55.5,54.28,35
2018-05-25 02:40:00,55.5,54.28,40
2018-05-25 02:45:00,55.5,54.28,45
2018-05-25 02:50:00,55.5,54.28,50
2018-05-25 02:55:00,55.5,54.28,55
2018-05-25 03:00:00,54.28,53.22,0
2018-05-25 03:05:00,54.28,53.22,5
2018-05-25 03:10:00,54.28,53.22,10
2018-05-25 03:15:00,54.28,53.22,15
2018-05-25 03:20:00,54.28,53.22,20
2018-05-25 03:25:00,54.28,53.22,25
2018-05-25 03:30:00,53.22,54.36,30
2018-05-25 03:35:00,53.22,54.36,35
2018-05-25 03:40:00,53.22,54.36,40
2018-05-25 03:45:00,53.22,54.36,45
2018-05-25 03:50:00,53.22,54.36,50
2018-05-25 03:55:00,53.22,54.36,55
2018-05-25 04:00:00,54.36,56.26,0
2018-05-25 04:05:00,54.36,56.26,5
2018-05-25 04:10:00,54.36,56.26,10
2018-05-25 04:15:00,54.36,56.26,15
2018-05-25 04:20:00,54.36,56.26,20
2018-05-25 04:25:00,54.36,56.26,25
2018-05-25 04:30:00,56.26,56.46,30
2018-05-25 04:35:00,56.26,56.46,35
2018-05-25 04:40:00,56.26,56.46,40
2018-05-25 04:45:00,56.26,56.46,45
2018-05-25 04:50:00,56.26,56.46,50
2018-05-25 04:55:00,56.26,56.46,55
2018-05-25 05:00:00,56.46,63.7,0
2018-05-25 05:05:00,56.46,63.7,5
2018-05-25 05:10:00,56.46,63.7,10
2018-05-25 05:15:00,56.46,63.7,15
2018-05-25 05:20:00,56.46,63.7,20
2018-05-25 05:25:00,56.46,63.7,25
2018-05-25 05:30:00,63.7,87.55,30
2018-05-25 05:35:00,63.7,87.55,35
2018-05-25 05:40:00,63.7,87.55,40
2018-05-25 05:45:00,63.7,87.55,45
2018-05-25 05:50:00,63.7,87.55,50
2018-05-25 05:55:00,63.7,87.55,55
2018-05-25 06:00:00,87.55,156.69,0
2018-05-25 06:05:00,87.55,156.69,5
2018-05-25 06:10:00,87.55,156.69,10
2018-05-25 06:15:00,87.55,156.69,15
2018-05-25 06:20:00,87.55,156.69,20
2018-05-25 06:25:00,87.55,156.69,25
2018-05-25 06:30:00,156.69,88.57,30
2018-05-25 06:35:00,156.69,88.57,35
2018-05-25 06:40:00,156.69,88.57,40
2018-05-25 06:45:00,156.69,88.57,45
2018-05-25 06:50:00,156.69,88.57,50
2018-05-25 06:55:00,156.69,88.57,55
2018-05-25 07:00:00,88.57,108.83,0
2018-05-25 07:05:00,88.57,108.83,5
2018-05-25 07:10:00,88.57,108.83,10
2018-05-25 07:15:00,88.57,108.83,15
2018-05-25 07:20:00,88.57,108.83,20
2018-05-25 07:25:00,88.57,108.83,25
2018-05-25 07:30:00,108.83,94.5,30
2018-05-25 07:35:00,108.83,94.5,35
2018-05-25 07:40:00,108.83,94.5,40
2018-05-25 07:45:00,108.83,94.5,45
2018-05-25 07:50:00,108.83,94.5,50
2018-05-25 07:55:00,108.83,94.5,55
2018-05-25 08:00:00,94.5,92.66,0
2018-05-25 08:05:00,94.5,92.66,5
2018-05-25 08:10:00,94.5,92.66,10
2018-05-25 08:15:00,94.5,92.66,15
2018-05-25 08:20:00,94.5,92.66,20
2018-05-25 08:25:00,94.5,92.66,25
2018-05-25 08:30:00,92.66,91.88,30
2018-05-25 08:35:00,92.66,91.88,35
2018-05-25 08:40:00,92.66,91.88,40
2018-05-25 08:45:00,92.66,91.88,45
2018-05-25 08:50:00,92.66,91.88,50
2018-05-25 08:55:00,92.66,91.88,55
2018-05-25 09:00:00,91.88,87.14,0
2018-05-25 09:05:00,91.88,87.14,5
2018-05-25 09:10:00,91.88,87.14,10
2018-05-25 09:15:00,91.88,87.14,15
2018-05-25 09:20:00,91.88,87.14,20
2018-05-25 09:25:00,91.88,87.14,25
2018-05-25 09:30:00,87.14,82.05,30
2018-05-25 09:35:00,87.14,82.05,35
2018-05-25 09:40:00,87.14,82.05,40
2018-05-25 09:45:00,87.14,82.05,45
2018-05-25 09:50:00,87.14,82.05,50
2018-05-25 09:55:00,87.14,82.05,55
2018-05-25 10:00:00,82.05,84.22,0
2018-05-25 10:05:00,82.05,84.22,5
2018-05-25 10:10:00,82.05,84.22,10
2018-05-25 10:15:00,82.05,84.22,15
2018-05-25 10:20:00,82.05,84.22,20
2018-05-25 10:25:00,82.05,84.22,25
2018-05-25 10:30:00,84.22,77.82,30
2018-05-25 10:35:00,84.22,77.82,35
2018-05-25 10:40:00,84.22,77.82,40
2018-05-25 10:45:00,84.22,77.82,45
2018-05-25 10:50:00,84.22,77.82,50
2018-05-25 10:55:00,84.22,77.82,55
2018-05-25 11:00:00,77.82,82.89,0
2018-05-25 11:05:00,77.82,82.89,5
2018-05-25 11:10:00,77.82,82.89,10
2018-05-25 11:15:00,77.82,82.89,15
2018-05-25 11:20:00,77.82,82.89,20
2018-05-25 11:25:00,77.82,82.89,25
2018-05-25 11:30:00,82.89,84.22,30
2018-05-25 11:35:00,82.89,84.22,35
2018-05-25 11:40:00,82.89,84.22,40
2018-05-25 11:45:00,82.89,84.22,45
2018-05-25 11:50:00,82.89,84.22,50
2018-05-25 11:55:00,82.89,84.22,55
2018-05-25 12:00:00,84.22,89.26,0
2018-05-25 12:05:00,84.22,89.26,5
2018-05-25 12:10:00,84.22,89.26,10
2018-05-25 12:15:00,84.22,89.26,15
2018-05-25 12:20:00,84.22,89.26,20
2018-05-25 12:25:00,84.22,89.26,25
2018-05-25 12:30:00,89.26,86.96,30
2018-05-25 12:35:00,89.26,86.96,35
2018-05-25 12:40:00,89.26,86.96,40
2018-05-25 12:45:00,89.26,86.96,45
2018-05-25 12:50:00,89.26,86.96,50
2018-05-25 12:55:00,89.26,86.96,55
2018-05-25 13:00:00,86.96,82.93,0
2018-05-25 13:05:00,86.96,82.93,5
2018-05-25 13:10:00,86.96,82.93,10
2018-05-25 13:15:00,86.96,82.93,15
2018-05-25 13:20:00,86.96,82.93,20
2018-05-25 13:25:00,86.96,82.93,25
2018-05-25 13:30:00,82.93,89.77,30
2018-05-25 13:35:00,82.93,89.77,35
2018-05-25 13:40:00,82.93,89.77,40
2018-05-25 13:45:00,82.93,89.77,45
2018-05-25 13:50:00,82.93,89.77,50
2018-05-25 13:55:00,82.93,89.77,55
2018-05-25 14:00:00,89.77,94.17,0
2018-05-25 14:05:00,89.77,94.17,5
2018-05-25 14:10:00,89.77,94.17,10
2018-05-25 14:15:00,89.77,94.17,15
2018-05-25 14:20:00,89.77,94.17,20
2018-05-25 14:25:00,89.77,94.17,25
2018-05-25 14:30:00,94.17,106.57,30
2018-05-25 14:35:00,94.17,106.57,35
2018-05-25 14:40:00,94.17,106.57,40
2018-05-25 14:45:00,94.17,106.57,45
2018-05-25 14:50:00,94.17,106.57,50
2018-05-25 14:55:00,94.17,106.57,55
2018-05-25 15:00:00,106.57,116.57,0
2018-05-25 15:05:00,106.57,116.57,5
2018-05-25 15:10:00,106.57,116.57,10
2018-05-25 15:15:00,106.57,116.57,15
2018-05-25 15:20:00,106.57,116.57,20
2018-05-25 15:25:00,106.57,116.57,25
2018-05-25 15:30:00,116.57,123.45,30
2018-05-25 15:35:00,116.57,123.45,35
2018-05-25 15:40:00,116.57,123.45,40
2018-05-25 15:45:00,116.57,123.45,45
2018-05-25 15:50:00,116.57,123.45,50
2018-05-25 15:55:00,116.57,123.45,55
2018-05-25 16:00:00,123.45,162.13,0
2018-05-25 16:05:00,123.45,162.13,5
2018-05-25 16:10:00,123.45,162.13,10
2018-05-25 16:15:00,123.45,162.13,15
2018-05-25 16:20:00,123.45,162.13,20
2018-05-25 16:25:00,123.45,162.13,25
2018-05-25 16:30:00,162.13,139.73,30
2018-05-25 16:35:00,162.13,139.73,35
2018-05-25 16:40:00,162.13,139.73,40
2018-05-25 16:45:00,162.13,139.73,45
2018-05-25 16:50:00,162.13,139.73,50
2018-05-25 16:55:00,162.13,139.73,55
2018-05-25 17:00:00,139.73,154.3,0
2018-05-25 17:05:00,139.73,154.3,5
2018-05-25 17:10:00,139.73,154.3,10
2018-05-25 17:15:00,139.73,154.3,15
2018-05-25 17:20:00,139.73,154.3,20
2018-05-25 17:25:00,139.73,154.3,25
2018-05-25 17:30:00,154.3,138.69,30
2018-05-25 17:35:00,154.3,138.69,35
2018-05-25 17:40:00,154.3,138.69,40
2018-05-25 17:45:00,154.3,138.69,45
2018-05-25 17:50:00,154.3,138.69,50
2018-05-25 17:55:00,154.3,138.69,55
2018-05-25 18:00:00,138.69,116.57,0
2018-05-25 18:05:00,138.69,116.57,5
2018-05-25 18:10:00,138.69,116.57,10
2018-05-25 18:15:00,138.69,116.57,15
2018-05-25 18:20:00,138.69,116.57,20
2018-05-25 18:25:00,138.69,116.57,25
2018-05-25 18:30:00,116.57,103.46,30
2018-05-25 18:35:00,116.57,103.46,35
2018-05-25 18:40:00,116.57,103.46,40
2018-05-25 18:45:00,116.57,103.46,45
2018-05-25 18:50:00,116.57,103.46,50
2018-05-25 18:55:00,116.57,103.46,55
2018-05-25 19:00:00,103.46,109.17,0
2018-05-25 19:05:00,103.46,109.17,5
2018-05-25 19:10:00,103.46,109.17,10
2018-05-25 19:15:00,103.46,109.17,15
2018-05-25 19:20:00,103.46,109.17,20
2018-05-25 19:25:00,103.46,109.17,25
2018-05-25 19:30:00,109.17,104.68,30
2018-05-25 19:35:00,109.17,104.68,35
2018-05-25 19:40:00,109.17,104.68,40
2018-05-25 19:45:00,109.17,104.68,45
2018-05-25 19:50:00,109.17,104.68,50
2018-05-25 19:55:00,109.17,104.68,55
2018-05-25 20:00:00,104.68,95.59,0
2018-05-25 20:05:00,104.68,95.59,5
2018-05-25 20:10:00,104.68,95.59,10
2018-05-25 20:15:00,104.68,95.59,15
2018-05-25 20:20:00,104.68,95.59,20
2018-05-25 20:25:00,104.68,95.59,25
2018-05-25 20:30:00,95.59,91.25,30
2018-05-25 20:35:00,95.59,91.25,35
2018-05-25 20:40:00,95.59,91.25,40
2018-05-25 20:45:00,95.59,91.25,45
2018-05-25 20:50:00,95.59,91.25,50
2018-05-25 20:55:00,95.59,91.25,55
2018-05-25 21:00:00,91.25,84.81,0
2018-05-25 21:05:00,91.25,84.81,5
2018-05-25 21:10:00,91.25,84.81,10
2018-05-25 21:15:00,91.25,84.81,15
2018-05-25 21:20:00,91.25,84.81,20
2018-05-25 21:25:00,91.25,84.81,25
2018-05-25 21:30:00,84.81,125.26,30
2018-05-25 21:35:00,84.81,125.26,35
2018-05-25 21:40:00,84.81,125.26,40
2018-05-25 21:45:00,84.81,125.26,45
2018-05-25 21:50:00,84.81,125.26,50
2018-05-25 21:55:00,84.81,125.26,55
2018-05-25 22:00:00,125.26,78.86,0
2018-05-25 22:05:00,125.26,78.86,5
2018-05-25 22:10:00,125.26,78.86,10
2018-05-25 22:15:00,125.26,78.86,15
2018-05-25 22:20:00,125.26,78.86,20
2018-05-25 22:25:00,125.26,78.86,25
2018-05-25 22:30:00,78.86,80.96,30
2018-05-25 22:35:00,78.86,80.96,35
2018-05-25 22:40:00,78.86,80.96,40
2018-05-25 22:45:00,78.86,80.96,45
2018-05-25 22:50:00,78.86,80.96,50
2018-05-25 22:55:00,78.86,80.96,55
2018-05-25 23:00:00,80.96,83.15,0
2018-05-25 23:05:00,80.96,83.15,5
2018-05-25 23:10:00,80.96,83.15,10
2018-05-25 23:15:00,80.96,83.15,15
2018-05-25 23:20:00,80.96,83.15,20
2018-05-25 23:25:00,80.96,83.15,25
2018-05-25 23:30:00,83.15,86.84,30
2018-05-25 23:35:00,83.15,86.84,35
2018-05-25 23:40:00,83.15,86.84,40
2018-05-25 23:45:00,83.15,86.84,45
2018-05-25 23:50:00,83.15,86.84,50
2018-05-25 23:55:00,83.15,86.84,55
2018-05-26 00:00:00,86.84,78.87,0
2018-05-26 00:05:00,86.84,78.87,5
2018-05-26 00:10:00,86.84,78.87,10
2018-05-26 00:15:00,86.84,78.87,15
2018-05-26 00:20:00,86.84,78.87,20
2018-05-26 00:25:00,86.84,78.87,25
2018-05-26 00:30:00,78.87,67.97,30
2018-05-26 00:35:00,78.87,67.97,35
2018-05-26 00:40:00,78.87,67.97,40
2018-05-26 00:45:00,78.87,67.97,45
2018-05-26 00:50:00,78.87,67.97,50
2018-05-26 00:55:00,78.87,67.97,55
2018-05-26 01:00:00,67.97,63.31,0
2018-05-26 01:05:00,67.97,63.31,5
2018-05-26 01:10:00,67.97,63.31,10
2018-05-26 01:15:00,67.97,63.31,15
2018-05-26 01:20:00,67.97,63.31,20
2018-05-26 01:25:00,67.97,63.31,25
2018-05-26 01:30:00,63.31,48.15,30
2018-05-26 01:35:00,63.31,48.15,35
2018-05-26 01:40:00,63.31,48.15,40
2018-05-26 01:45:00,63.31,48.15,45
2018-05-26 01:50:00,63.31,48.15,50
2018-05-26 01:55:00,63.31,48.15,55
2018-05-26 02:00:00,48.15,50.63,0
2018-05-26 02:05:00,48.15,50.63,5
2018-05-26 02:10:00,48.15,50.63,10
2018-05-26 02:15:00,48.15,50.63,15
2018-05-26 02:20:00,48.15,50.63,20
2018-05-26 02:25:00,48.15,50.63,25
2018-05-26 02:30:00,50.63,42.2,30
2018-05-26 02:35:00,50.63,42.2,35
2018-05-26 02:40:00,50.63,42.2,40
2018-05-26 02:45:00,50.63,42.2,45
2018-05-26 02:50:00,50.63,42.2,50
2018-05-26 02:55:00,50.63,42.2,55
2018-05-26 03:00:00,42.2,44.16,0
2018-05-26 03:05:00,42.2,44.16,5
2018-05-26 03:10:00,42.2,44.16,10
2018-05-26 03:15:00,42.2,44.16,15
2018-05-26 03:20:00,42.2,44.16,20
2018-05-26 03:25:00,42.2,44.16,25
2018-05-26 03:30:00,44.16,47.69,30
2018-05-26 03:35:00,44.16,47.69,35
2018-05-26 03:40:00,44.16,47.69,40
2018-05-26 03:45:00,44.16,47.69,45
2018-05-26 03:50:00,44.16,47.69,50
2018-05-26 03:55:00,44.16,47.69,55
2018-05-26 04:00:00,47.69,50.5,0
2018-05-26 04:05:00,47.69,50.5,5
2018-05-26 04:10:00,47.69,50.5,10
2018-05-26 04:15:00,47.69,50.5,15
2018-05-26 04:20:00,47.69,50.5,20
2018-05-26 04:25:00,47.69,50.5,25
2018-05-26 04:30:00,50.5,51.26,30
2018-05-26 04:35:00,50.5,51.26,35
2018-05-26 04:40:00,50.5,51.26,40
2018-05-26 04:45:00,50.5,51.26,45
2018-05-26 04:50:00,50.5,51.26,50
2018-05-26 04:55:00,50.5,51.26,55
2018-05-26 05:00:00,51.26,53.47,0
2018-05-26 05:05:00,51.26,53.47,5
2018-05-26 05:10:00,51.26,53.47,10
2018-05-26 05:15:00,51.26,53.47,15
2018-05-26 05:20:00,51.26,53.47,20
2018-05-26 05:25:00,51.26,53.47,25
2018-05-26 05:30:00,53.47,58.56,30
2018-05-26 05:35:00,53.47,58.56,35
2018-05-26 05:40:00,53.47,58.56,40
2018-05-26 05:45:00,53.47,58.56,45
2018-05-26 05:50:00,53.47,58.56,50
2018-05-26 05:55:00,53.47,58.56,55
2018-05-26 06:00:00,58.56,72.63,0
2018-05-26 06:05:00,58.56,72.63,5
2018-05-26 06:10:00,58.56,72.63,10
2018-05-26 06:15:00,58.56,72.63,15
2018-05-26 06:20:00,58.56,72.63,20
2018-05-26 06:25:00,58.56,72.63,25
2018-05-26 06:30:00,72.63,78.82,30
2018-05-26 06:35:00,72.63,78.82,35
2018-05-26 06:40:00,72.63,78.82,40
2018-05-26 06:45:00,72.63,78.82,45
2018-05-26 06:50:00,72.63,78.82,50
2018-05-26 06:55:00,72.63,78.82,55
2018-05-26 07:00:00,78.82,88.23,0
2018-05-26 07:05:00,78.82,88.23,5
2018-05-26 07:10:00,78.82,88.23,10
2018-05-26 07:15:00,78.82,88.23,15
2018-05-26 07:20:00,78.82,88.23,20
2018-05-26 07:25:00,78.82,88.23,25
2018-05-26 07:30:00,88.23,160.88,30
2018-05-26 07:35:00,88.23,160.88,35
2018-05-26 07:40:00,88.23,160.88,40
2018-05-26 07:45:00,88.23,160.88,45
2018-05-26 07:50:00,88.23,160.88,50
2018-05-26 07:55:00,88.23,160.88,55
2018-05-26 08:00:00,160.88,81.74,0
2018-05-26 08:05:00,160.88,81.74,5
2018-05-26 08:10:00,160.88,81.74,10
2018-05-26 08:15:00,160.88,81.74,15
2018-05-26 08:20:00,160.88,81.74,20
2018-05-26 08:25:00,160.88,81.74,25
2018-05-26 08:30:00,81.74,79.37,30
2018-05-26 08:35:00,81.74,79.37,35
2018-05-26 08:40:00,81.74,79.37,40
2018-05-26 08:45:00,81.74,79.37,45
2018-05-26 08:50:00,81.74,79.37,50
2018-05-26 08:55:00,81.74,79.37,55
2018-05-26 09:00:00,79.37,61.15,0
2018-05-26 09:05:00,79.37,61.15,5
2018-05-26 09:10:00,79.37,61.15,10
2018-05-26 09:15:00,79.37,61.15,15
2018-05-26 09:20:00,79.37,61.15,20
2018-05-26 09:25:00,79.37,61.15,25
2018-05-26 09:30:00,61.15,57.08,30
2018-05-26 09:35:00,61.15,57.08,35
2018-05-26 09:40:00,61.15,57.08,40
2018-05-26 09:45:00,61.15,57.08,45
2018-05-26 09:50:00,61.15,57.08,50
2018-05-26 09:55:00,61.15,57.08,55
2018-05-26 10:00:00,57.08,54.66,0
2018-05-26 10:05:00,57.08,54.66,5
2018-05-26 10:10:00,57.08,54.66,10
2018-05-26 10:15:00,57.08,54.66,15
2018-05-26 10:20:00,57.08,54.66,20
2018-05-26 10:25:00,57.08,54.66,25
2018-05-26 10:30:00,54.66,53.61,30
2018-05-26 10:35:00,54.66,53.61,35
2018-05-26 10:40:00,54.66,53.61,40
2018-05-26 10:45:00,54.66,53.61,45
2018-05-26 10:50:00,54.66,53.61,50
2018-05-26 10:55:00,54.66,53.61,55
2018-05-26 11:00:00,53.61,55.7,0
2018-05-26 11:05:00,53.61,55.7,5
2018-05-26 11:10:00,53.61,55.7,10
2018-05-26 11:15:00,53.61,55.7,15
2018-05-26 11:20:00,53.61,55.7,20
2018-05-26 11:25:00,53.61,55.7,25
2018-05-26 11:30:00,55.7,54.06,30
2018-05-26 11:35:00,55.7,54.06,35
2018-05-26 11:40:00,55.7,54.06,40
2018-05-26 11:45:00,55.7,54.06,45
2018-05-26 11:50:00,55.7,54.06,50
2018-05-26 11:55:00,55.7,54.06,55
2018-05-26 12:00:00,54.06,56.96,0
2018-05-26 12:05:00,54.06,56.96,5
2018-05-26 12:10:00,54.06,56.96,10
2018-05-26 12:15:00,54.06,56.96,15
2018-05-26 12:20:00,54.06,56.96,20
2018-05-26 12:25:00,54.06,56.96,25
2018-05-26 12:30:00,56.96,55.2,30
2018-05-26 12:35:00,56.96,55.2,35
2018-05-26 12:40:00,56.96,55.2,40
2018-05-26 12:45:00,56.96,55.2,45
2018-05-26 12:50:00,56.96,55.2,50
2018-05-26 12:55:00,56.96,55.2,55
2018-05-26 13:00:00,55.2,57.02,0
2018-05-26 13:05:00,55.2,57.02,5
2018-05-26 13:10:00,55.2,57.02,10
2018-05-26 13:15:00,55.2,57.02,15
2018-05-26 13:20:00,55.2,57.02,20
2018-05-26 13:25:00,55.2,57.02,25
2018-05-26 13:30:00,57.02,58.85,30
2018-05-26 13:35:00,57.02,58.85,35
2018-05-26 13:40:00,57.02,58.85,40
2018-05-26 13:45:00,57.02,58.85,45
2018-05-26 13:50:00,57.02,58.85,50
2018-05-26 13:55:00,57.02,58.85,55
2018-05-26 14:00:00,58.85,60.86,0
2018-05-26 14:05:00,58.85,60.86,5
2018-05-26 14:10:00,58.85,60.86,10
2018-05-26 14:15:00,58.85,60.86,15
2018-05-26 14:20:00,58.85,60.86,20
2018-05-26 14:25:00,58.85,60.86,25
2018-05-26 14:30:00,60.86,64.42,30
2018-05-26 14:35:00,60.86,64.42,35
2018-05-26 14:40:00,60.86,64.42,40
2018-05-26 14:45:00,60.86,64.42,45
2018-05-26 14:50:00,60.86,64.42,50
2018-05-26 14:55:00,60.86,64.42,55
2018-05-26 15:00:00,64.42,70.59,0
2018-05-26 15:05:00,64.42,70.59,5
2018-05-26 15:10:00,64.42,70.59,10
2018-05-26 15:15:00,64.42,70.59,15
2018-05-26 15:20:00,64.42,70.59,20
2018-05-26 15:25:00,64.42,70.59,25
2018-05-26 15:30:00,70.59,74.47,30
2018-05-26 15:35:00,70.59,74.47,35
2018-05-26 15:40:00,70.59,74.47,40
2018-05-26 15:45:00,70.59,74.47,45
2018-05-26 15:50:00,70.59,74.47,50
2018-05-26 15:55:00,70.59,74.47,55
2018-05-26 16:00:00,74.47,86.1,0
2018-05-26 16:05:00,74.47,86.1,5
2018-05-26 16:10:00,74.47,86.1,10
2018-05-26 16:15:00,74.47,86.1,15
2018-05-26 16:20:00,74.47,86.1,20
2018-05-26 16:25:00,74.47,86.1,25
2018-05-26 16:30:00,86.1,112.75,30
2018-05-26 16:35:00,86.1,112.75,35
2018-05-26 16:40:00,86.1,112.75,40
2018-05-26 16:45:00,86.1,112.75,45
2018-05-26 16:50:00,86.1,112.75,50
2018-05-26 16:55:00,86.1,112.75,55
2018-05-26 17:00:00,112.75,105.7,0
2018-05-26 17:05:00,112.75,105.7,5
2018-05-26 17:10:00,112.75,105.7,10
2018-05-26 17:15:00,112.75,105.7,15
2018-05-26 17:20:00,112.75,105.7,20
2018-05-26 17:25:00,112.75,105.7,25
2018-05-26 17:30:00,105.7,99.85,30
2018-05-26 17:35:00,105.7,99.85,35
2018-05-26 17:40:00,105.7,99.85,40
2018-05-26 17:45:00,105.7,99.85,45
2018-05-26 17:50:00,105.7,99.85,50
2018-05-26 17:55:00,105.7,99.85,55
2018-05-26 18:00:00,99.85,101.18,0
2018-05-26 18:05:00,99.85,101.18,5
2018-05-26 18:10:00,99.85,101.18,10
2018-05-26 18:15:00,99.85,101.18,15
2018-05-26 18:20:00,99.85,101.18,20
2018-05-26 18:25:00,99.85,101.18,25
2018-05-26 18:30:00,101.18,92.55,30
2018-05-26 18:35:00,101.18,92.55,35
2018-05-26 18:40:00,101.18,92.55,40
2018-05-26 18:45:00,101.18,92.55,45
2018-05-26 18:50:00,101.18,92.55,50
2018-05-26 18:55:00,101.18,92.55,55
2018-05-26 19:00:00,92.55,90.5,0
2018-05-26 19:05:00,92.55,90.5,5
2018-05-26 19:10:00,92.55,90.5,10
2018-05-26 19:15:00,92.55,90.5,15
2018-05-26 19:20:00,92.55,90.5,20
2018-05-26 19:25:00,92.55,90.5,25
2018-05-26 19:30:00,90.5,77.94,30
2018-05-26 19:35:00,90.5,77.94,35
2018-05-26 19:40:00,90.5,77.94,40
2018-05-26 19:45:00,90.5,77.94,45
2018-05-26 19:50:00,90.5,77.94,50
2018-05-26 19:55:00,90.5,77.94,55
2018-05-26 20:00:00,77.94,63.26,0
2018-05-26 20:05:00,77.94,63.26,5
2018-05-26 20:10:00,77.94,63.26,10
2018-05-26 20:15:00,77.94,63.26,15
2018-05-26 20:20:00,77.94,63.26,20
2018-05-26 20:25:00,77.94,63.26,25
2018-05-26 20:30:00,63.26,71.1,30
2018-05-26 20:35:00,63.26,71.1,35
2018-05-26 20:40:00,63.26,71.1,40
2018-05-26 20:45:00,63.26,71.1,45
2018-05-26 20:50:00,63.26,71.1,50
2018-05-26 20:55:00,63.26,71.1,55
2018-05-26 21:00:00,71.1,66.16,0
2018-05-26 21:05:00,71.1,66.16,5
2018-05-26 21:10:00,71.1,66.16,10
2018-05-26 21:15:00,71.1,66.16,15
2018-05-26 21:20:00,71.1,66.16,20
2018-05-26 21:25:00,71.1,66.16,25
2018-05-26 21:30:00,66.16,63.53,30
2018-05-26 21:35:00,66.16,63.53,35
2018-05-26 21:40:00,66.16,63.53,40
2018-05-26 21:45:00,66.16,63.53,45
2018-05-26 21:50:00,66.16,63.53,50
2018-05-26 21:55:00,66.16,63.53,55
2018-05-26 22:00:00,63.53,60.46,0
2018-05-26 22:05:00,63.53,60.46,5
2018-05-26 22:10:00,63.53,60.46,10
2018-05-26 22:15:00,63.53,60.46,15
2018-05-26 22:20:00,63.53,60.46,20
2018-05-26 22:25:00,63.53,60.46,25
2018-05-26 22:30:00,60.46,61.09,30
2018-05-26 22:35:00,60.46,61.09,35
2018-05-26 22:40:00,60.46,61.09,40
2018-05-26 22:45:00,60.46,61.09,45
2018-05-26 22:50:00,60.46,61.09,50
2018-05-26 22:55:00,60.46,61.09,55
2018-05-26 23:00:00,61.09,63.98,0
2018-05-26 23:05:00,61.09,63.98,5
2018-05-26 23:10:00,61.09,63.98,10
2018-05-26 23:15:00,61.09,63.98,15
2018-05-26 23:20:00,61.09,63.98,20
2018-05-26 23:25:00,61.09,63.98,25
2018-05-26 23:30:00,63.98,54.29,30
2018-05-26 23:35:00,63.98,54.29,35
2018-05-26 23:40:00,63.98,54.29,40
2018-05-26 23:45:00,63.98,54.29,45
2018-05-26 23:50:00,63.98,54.29,50
2018-05-26 23:55:00,63.98,54.29,55
2018-05-27 00:00:00,54.29,53.67,0
2018-05-27 00:05:00,54.29,53.67,5
2018-05-27 00:10:00,54.29,53.67,10
2018-05-27 00:15:00,54.29,53.67,15
2018-05-27 00:20:00,54.29,53.67,20
2018-05-27 00:25:00,54.29,53.67,25
2018-05-27 00:30:00,53.67,42.38,30
2018-05-27 00:35:00,53.67,42.38,35
2018-05-27 00:40:00,53.67,42.38,40
2018-05-27 00:45:00,53.67,42.38,45
2018-05-27 00:50:00,53.67,42.38,50
2018-05-27 00:55:00,53.67,42.38,55
2018-05-27 01:00:00,42.38,35.99,0
2018-05-27 01:05:00,42.38,35.99,5
2018-05-27 01:10:00,42.38,35.99,10
2018-05-27 01:15:00,42.38,35.99,15
2018-05-27 01:20:00,42.38,35.99,20
2018-05-27 01:25:00,42.38,35.99,25
2018-05-27 01:30:00,35.99,24.92,30
2018-05-27 01:35:00,35.99,24.92,35
2018-05-27 01:40:00,35.99,24.92,40
2018-05-27 01:45:00,35.99,24.92,45
2018-05-27 01:50:00,35.99,24.92,50
2018-05-27 01:55:00,35.99,24.92,55
2018-05-27 02:00:00,24.92,21.37,0
2018-05-27 02:05:00,24.92,21.37,5
2018-05-27 02:10:00,24.92,21.37,10
2018-05-27 02:15:00,24.92,21.37,15
2018-05-27 02:20:00,24.92,21.37,20
2018-05-27 02:25:00,24.92,21.37,25
2018-05-27 02:30:00,21.37,21.83,30
2018-05-27 02:35:00,21.37,21.83,35
2018-05-27 02:40:00,21.37,21.83,40
2018-05-27 02:45:00,21.37,21.83,45
2018-05-27 02:50:00,21.37,21.83,50
2018-05-27 02:55:00,21.37,21.83,55
2018-05-27 03:00:00,21.83,21.72,0
2018-05-27 03:05:00,21.83,21.72,5
2018-05-27 03:10:00,21.83,21.72,10
2018-05-27 03:15:00,21.83,21.72,15
2018-05-27 03:20:00,21.83,21.72,20
2018-05-27 03:25:00,21.83,21.72,25
2018-05-27 03:30:00,21.72,20.8,30
2018-05-27 03:35:00,21.72,20.8,35
2018-05-27 03:40:00,21.72,20.8,40
2018-05-27 03:45:00,21.72,20.8,45
2018-05-27 03:50:00,21.72,20.8,50
2018-05-27 03:55:00,21.72,20.8,55
2018-05-27 04:00:00,20.8,16.09,0
2018-05-27 04:05:00,20.8,16.09,5
2018-05-27 04:10:00,20.8,16.09,10
2018-05-27 04:15:00,20.8,16.09,15
2018-05-27 04:20:00,20.8,16.09,20
2018-05-27 04:25:00,20.8,16.09,25
2018-05-27 04:30:00,16.09,12.97,30
2018-05-27 04:35:00,16.09,12.97,35
2018-05-27 04:40:00,16.09,12.97,40
2018-05-27 04:45:00,16.09,12.97,45
2018-05-27 04:50:00,16.09,12.97,50
2018-05-27 04:55:00,16.09,12.97,55
2018-05-27 05:00:00,12.97,20.26,0
2018-05-27 05:05:00,12.97,20.26,5
2018-05-27 05:10:00,12.97,20.26,10
2018-05-27 05:15:00,12.97,20.26,15
2018-05-27 05:20:00,12.97,20.26,20
2018-05-27 05:25:00,12.97,20.26,25
2018-05-27 05:30:00,20.26,18.46,30
2018-05-27 05:35:00,20.26,18.46,35
2018-05-27 05:40:00,20.26,18.46,40
2018-05-27 05:45:00,20.26,18.46,45
2018-05-27 05:50:00,20.26,18.46,50
2018-05-27 05:55:00,20.26,18.46,55
2018-05-27 06:00:00,18.46,21.68,0
2018-05-27 06:05:00,18.46,21.68,5
2018-05-27 06:10:00,18.46,21.68,10
2018-05-27 06:15:00,18.46,21.68,15
2018-05-27 06:20:00,18.46,21.68,20
2018-05-27 06:25:00,18.46,21.68,25
2018-05-27 06:30:00,21.68,19.48,30
2018-05-27 06:35:00,21.68,19.48,35
2018-05-27 06:40:00,21.68,19.48,40
2018-05-27 06:45:00,21.68,19.48,45
2018-05-27 06:50:00,21.68,19.48,50
2018-05-27 06:55:00,21.68,19.48,55
2018-05-27 07:00:00,19.48,25.21,0
2018-05-27 07:05:00,19.48,25.21,5
2018-05-27 07:10:00,19.48,25.21,10
2018-05-27 07:15:00,19.48,25.21,15
2018-05-27 07:20:00,19.48,25.21,20
2018-05-27 07:25:00,19.48,25.21,25
2018-05-27 07:30:00,25.21,45.43,30
2018-05-27 07:35:00,25.21,45.43,35
2018-05-27 07:40:00,25.21,45.43,40
2018-05-27 07:45:00,25.21,45.43,45
2018-05-27 07:50:00,25.21,45.43,50
2018-05-27 07:55:00,25.21,45.43,55
2018-05-27 08:00:00,45.43,50.96,0
2018-05-27 08:05:00,45.43,50.96,5
2018-05-27 08:10:00,45.43,50.96,10
2018-05-27 08:15:00,45.43,50.96,15
2018-05-27 08:20:00,45.43,50.96,20
2018-05-27 08:25:00,45.43,50.96,25
2018-05-27 08:30:00,50.96,51.63,30
2018-05-27 08:35:00,50.96,51.63,35
2018-05-27 08:40:00,50.96,51.63,40
2018-05-27 08:45:00,50.96,51.63,45
2018-05-27 08:50:00,50.96,51.63,50
2018-05-27 08:55:00,50.96,51.63,55
2018-05-27 09:00:00,51.63,46.4,0
2018-05-27 09:05:00,51.63,46.4,5
2018-05-27 09:10:00,51.63,46.4,10
2018-05-27 09:15:00,51.63,46.4,15
2018-05-27 09:20:00,51.63,46.4,20
2018-05-27 09:25:00,51.63,46.4,25
2018-05-27 09:30:00,46.4,56.66,30
2018-05-27 09:35:00,46.4,56.66,35
2018-05-27 09:40:00,46.4,56.66,40
2018-05-27 09:45:00,46.4,56.66,45
2018-05-27 09:50:00,46.4,56.66,50
2018-05-27 09:55:00,46.4,56.66,55
2018-05-27 10:00:00,56.66,66.11,0
2018-05-27 10:05:00,56.66,66.11,5
2018-05-27 10:10:00,56.66,66.11,10
2018-05-27 10:15:00,56.66,66.11,15
2018-05-27 10:20:00,56.66,66.11,20
2018-05-27 10:25:00,56.66,66.11,25
2018-05-27 10:30:00,66.11,68.91,30
2018-05-27 10:35:00,66.11,68.91,35
2018-05-27 10:40:00,66.11,68.91,40
2018-05-27 10:45:00,66.11,68.91,45
2018-05-27 10:50:00,66.11,68.91,50
2018-05-27 10:55:00,66.11,68.91,55
2018-05-27 11:00:00,68.91,78.63,0
2018-05-27 11:05:00,68.91,78.63,5
2018-05-27 11:10:00,68.91,78.63,10
2018-05-27 11:15:00,68.91,78.63,15
2018-05-27 11:20:00,68.91,78.63,20
2018-05-27 11:25:00,68.91,78.63,25
2018-05-27 11:30:00,78.63,78.15,30
2018-05-27 11:35:00,78.63,78.15,35
2018-05-27 11:40:00,78.63,78.15,40
2018-05-27 11:45:00,78.63,78.15,45
2018-05-27 11:50:00,78.63,78.15,50
2018-05-27 11:55:00,78.63,78.15,55
2018-05-27 12:00:00,78.15,71.71,0
2018-05-27 12:05:00,78.15,71.71,5
2018-05-27 12:10:00,78.15,71.71,10
2018-05-27 12:15:00,78.15,71.71,15
2018-05-27 12:20:00,78.15,71.71,20
2018-05-27 12:25:00,78.15,71.71,25
2018-05-27 12:30:00,71.71,72.01,30
2018-05-27 12:35:00,71.71,72.01,35
2018-05-27 12:40:00,71.71,72.01,40
2018-05-27 12:45:00,71.71,72.01,45
2018-05-27 12:50:00,71.71,72.01,50
2018-05-27 12:55:00,71.71,72.01,55
2018-05-27 13:00:00,72.01,67.61,0
2018-05-27 13:05:00,72.01,67.61,5
2018-05-27 13:10:00,72.01,67.61,10
2018-05-27 13:15:00,72.01,67.61,15
2018-05-27 13:20:00,72.01,67.61,20
2018-05-27 13:25:00,72.01,67.61,25
2018-05-27 13:30:00,67.61,64.44,30
2018-05-27 13:35:00,67.61,64.44,35
2018-05-27 13:40:00,67.61,64.44,40
2018-05-27 13:45:00,67.61,64.44,45
2018-05-27 13:50:00,67.61,64.44,50
2018-05-27 13:55:00,67.61,64.44,55
2018-05-27 14:00:00,64.44,62.01,0
2018-05-27 14:05:00,64.44,62.01,5
2018-05-27 14:10:00,64.44,62.01,10
2018-05-27 14:15:00,64.44,62.01,15
2018-05-27 14:20:00,64.44,62.01,20
2018-05-27 14:25:00,64.44,62.01,25
2018-05-27 14:30:00,62.01,58.64,30
2018-05-27 14:35:00,62.01,58.64,35
2018-05-27 14:40:00,62.01,58.64,40
2018-05-27 14:45:00,62.01,58.64,45
2018-05-27 14:50:00,62.01,58.64,50
2018-05-27 14:55:00,62.01,58.64,55
2018-05-27 15:00:00,58.64,59.14,0
2018-05-27 15:05:00,58.64,59.14,5
2018-05-27 15:10:00,58.64,59.14,10
2018-05-27 15:15:00,58.64,59.14,15
2018-05-27 15:20:00,58.64,59.14,20
2018-05-27 15:25:00,58.64,59.14,25
2018-05-27 15:30:00,59.14,67.4,30
2018-05-27 15:35:00,59.14,67.4,35
2018-05-27 15:40:00,59.14,67.4,40
2018-05-27 15:45:00,59.14,67.4,45
2018-05-27 15:50:00,59.14,67.4,50
2018-05-27 15:55:00,59.14,67.4,55
2018-05-27 16:00:00,67.4,77.81,0
2018-05-27 16:05:00,67.4,77.81,5
2018-05-27 16:10:00,67.4,77.81,10
2018-05-27 16:15:00,67.4,77.81,15
2018-05-27 16:20:00,67.4,77.81,20
2018-05-27 16:25:00,67.4,77.81,25
2018-05-27 16:30:00,77.81,85.13,30
2018-05-27 16:35:00,77.81,85.13,35
2018-05-27 16:40:00,77.81,85.13,40
2018-05-27 16:45:00,77.81,85.13,45
2018-05-27 16:50:00,77.81,85.13,50
2018-05-27 16:55:00,77.81,85.13,55
2018-05-27 17:00:00,85.13,87.0,0
2018-05-27 17:05:00,85.13,87.0,5
2018-05-27 17:10:00,85.13,87.0,10
2018-05-27 17:15:00,85.13,87.0,15
2018-05-27 17:20:00,85.13,87.0,20
2018-05-27 17:25:00,85.13,87.0,25
2018-05-27 17:30:00,87.0,88.67,30
2018-05-27 17:35:00,87.0,88.67,35
2018-05-27 17:40:00,87.0,88.67,40
2018-05-27 17:45:00,87.0,88.67,45
2018-05-27 17:50:00,87.0,88.67,50
2018-05-27 17:55:00,87.0,88.67,55
2018-05-27 18:00:00,88.67,86.31,0
2018-05-27 18:05:00,88.67,86.31,5
2018-05-27 18:10:00,88.67,86.31,10
2018-05-27 18:15:00,88.67,86.31,15
2018-05-27 18:20:00,88.67,86.31,20
2018-05-27 18:25:00,88.67,86.31,25
2018-05-27 18:30:00,86.31,78.46,30
2018-05-27 18:35:00,86.31,78.46,35
2018-05-27 18:40:00,86.31,78.46,40
2018-05-27 18:45:00,86.31,78.46,45
2018-05-27 18:50:00,86.31,78.46,50
2018-05-27 18:55:00,86.31,78.46,55
2018-05-27 19:00:00,78.46,72.74,0
2018-05-27 19:05:00,78.46,72.74,5
2018-05-27 19:10:00,78.46,72.74,10
2018-05-27 19:15:00,78.46,72.74,15
2018-05-27 19:20:00,78.46,72.74,20
2018-05-27 19:25:00,78.46,72.74,25
2018-05-27 19:30:00,72.74,75.31,30
2018-05-27 19:35:00,72.74,75.31,35
2018-05-27 19:40:00,72.74,75.31,40
2018-05-27 19:45:00,72.74,75.31,45
2018-05-27 19:50:00,72.74,75.31,50
2018-05-27 19:55:00,72.74,75.31,55
2018-05-27 20:00:00,75.31,74.47,0
2018-05-27 20:05:00,75.31,74.47,5
2018-05-27 20:10:00,75.31,74.47,10
2018-05-27 20:15:00,75.31,74.47,15
2018-05-27 20:20:00,75.31,74.47,20
2018-05-27 20:25:00,75.31,74.47,25
2018-05-27 20:30:00,74.47,62.07,30
2018-05-27 20:35:00,74.47,62.07,35
2018-05-27 20:40:00,74.47,62.07,40
2018-05-27 20:45:00,74.47,62.07,45
2018-05-27 20:50:00,74.47,62.07,50
2018-05-27 20:55:00,74.47,62.07,55
2018-05-27 21:00:00,62.07,51.37,0
2018-05-27 21:05:00,62.07,51.37,5
2018-05-27 21:10:00,62.07,51.37,10
2018-05-27 21:15:00,62.07,51.37,15
2018-05-27 21:20:00,62.07,51.37,20
2018-05-27 21:25:00,62.07,51.37,25
2018-05-27 21:30:00,51.37,50.82,30
2018-05-27 21:35:00,51.37,50.82,35
2018-05-27 21:40:00,51.37,50.82,40
2018-05-27 21:45:00,51.37,50.82,45
2018-05-27 21:50:00,51.37,50.82,50
2018-05-27 21:55:00,51.37,50.82,55
2018-05-27 22:00:00,50.82,50.57,0
2018-05-27 22:05:00,50.82,50.57,5
2018-05-27 22:10:00,50.82,50.57,10
2018-05-27 22:15:00,50.82,50.57,15
2018-05-27 22:20:00,50.82,50.57,20
2018-05-27 22:25:00,50.82,50.57,25
2018-05-27 22:30:00,50.57,51.99,30
2018-05-27 22:35:00,50.57,51.99,35
2018-05-27 22:40:00,50.57,51.99,40
2018-05-27 22:45:00,50.57,51.99,45
2018-05-27 22:50:00,50.57,51.99,50
2018-05-27 22:55:00,50.57,51.99,55
2018-05-27 23:00:00,51.99,54.48,0
2018-05-27 23:05:00,51.99,54.48,5
2018-05-27 23:10:00,51.99,54.48,10
2018-05-27 23:15:00,51.99,54.48,15
2018-05-27 23:20:00,51.99,54.48,20
2018-05-27 23:25:00,51.99,54.48,25
2018-05-27 23:30:00,54.48,54.53,30
2018-05-27 23:35:00,54.48,54.53,35
2018-05-27 23:40:00,54.48,54.53,40
2018-05-27 23:45:00,54.48,54.53,45
2018-05-27 23:50:00,54.48,54.53,50
2018-05-27 23:55:00,54.48,54.53,55
2018-05-28 00:00:00,54.53,54.26,0
2018-05-28 00:05:00,54.53,54.26,5
2018-05-28 00:10:00,54.53,54.26,10
2018-05-28 00:15:00,54.53,54.26,15
2018-05-28 00:20:00,54.53,54.26,20
2018-05-28 00:25:00,54.53,54.26,25
2018-05-28 00:30:00,54.26,50.29,30
2018-05-28 00:35:00,54.26,50.29,35
2018-05-28 00:40:00,54.26,50.29,40
2018-05-28 00:45:00,54.26,50.29,45
2018-05-28 00:50:00,54.26,50.29,50
2018-05-28 00:55:00,54.26,50.29,55
2018-05-28 01:00:00,50.29,39.69,0
2018-05-28 01:05:00,50.29,39.69,5
2018-05-28 01:10:00,50.29,39.69,10
2018-05-28 01:15:00,50.29,39.69,15
2018-05-28 01:20:00,50.29,39.69,20
2018-05-28 01:25:00,50.29,39.69,25
2018-05-28 01:30:00,39.69,25.06,30
2018-05-28 01:35:00,39.69,25.06,35
2018-05-28 01:40:00,39.69,25.06,40
2018-05-28 01:45:00,39.69,25.06,45
2018-05-28 01:50:00,39.69,25.06,50
2018-05-28 01:55:00,39.69,25.06,55
2018-05-28 02:00:00,25.06,20.85,0
2018-05-28 02:05:00,25.06,20.85,5
2018-05-28 02:10:00,25.06,20.85,10
2018-05-28 02:15:00,25.06,20.85,15
2018-05-28 02:20:00,25.06,20.85,20
2018-05-28 02:25:00,25.06,20.85,25
2018-05-28 02:30:00,20.85,22.2,30
2018-05-28 02:35:00,20.85,22.2,35
2018-05-28 02:40:00,20.85,22.2,40
2018-05-28 02:45:00,20.85,22.2,45
2018-05-28 02:50:00,20.85,22.2,50
2018-05-28 02:55:00,20.85,22.2,55
2018-05-28 03:00:00,22.2,21.32,0
2018-05-28 03:05:00,22.2,21.32,5
2018-05-28 03:10:00,22.2,21.32,10
2018-05-28 03:15:00,22.2,21.32,15
2018-05-28 03:20:00,22.2,21.32,20
2018-05-28 03:25:00,22.2,21.32,25
2018-05-28 03:30:00,21.32,19.2,30
2018-05-28 03:35:00,21.32,19.2,35
2018-05-28 03:40:00,21.32,19.2,40
2018-05-28 03:45:00,21.32,19.2,45
2018-05-28 03:50:00,21.32,19.2,50
2018-05-28 03:55:00,21.32,19.2,55
2018-05-28 04:00:00,19.2,20.51,0
2018-05-28 04:05:00,19.2,20.51,5
2018-05-28 04:10:00,19.2,20.51,10
2018-05-28 04:15:00,19.2,20.51,15
2018-05-28 04:20:00,19.2,20.51,20
2018-05-28 04:25:00,19.2,20.51,25
2018-05-28 04:30:00,20.51,23.22,30
2018-05-28 04:35:00,20.51,23.22,35
2018-05-28 04:40:00,20.51,23.22,40
2018-05-28 04:45:00,20.51,23.22,45
2018-05-28 04:50:00,20.51,23.22,50
2018-05-28 04:55:00,20.51,23.22,55
2018-05-28 05:00:00,23.22,38.2,0
2018-05-28 05:05:00,23.22,38.2,5
2018-05-28 05:10:00,23.22,38.2,10
2018-05-28 05:15:00,23.22,38.2,15
2018-05-28 05:20:00,23.22,38.2,20
2018-05-28 05:25:00,23.22,38.2,25
2018-05-28 05:30:00,38.2,70.47,30
2018-05-28 05:35:00,38.2,70.47,35
2018-05-28 05:40:00,38.2,70.47,40
2018-05-28 05:45:00,38.2,70.47,45
2018-05-28 05:50:00,38.2,70.47,50
2018-05-28 05:55:00,38.2,70.47,55
2018-05-28 06:00:00,70.47,84.23,0
2018-05-28 06:05:00,70.47,84.23,5
2018-05-28 06:10:00,70.47,84.23,10
2018-05-28 06:15:00,70.47,84.23,15
2018-05-28 06:20:00,70.47,84.23,20
2018-05-28 06:25:00,70.47,84.23,25
2018-05-28 06:30:00,84.23,87.25,30
2018-05-28 06:35:00,84.23,87.25,35
2018-05-28 06:40:00,84.23,87.25,40
2018-05-28 06:45:00,84.23,87.25,45
2018-05-28 06:50:00,84.23,87.25,50
2018-05-28 06:55:00,84.23,87.25,55
2018-05-28 07:00:00,87.25,127.44,0
2018-05-28 07:05:00,87.25,127.44,5
2018-05-28 07:10:00,87.25,127.44,10
2018-05-28 07:15:00,87.25,127.44,15
2018-05-28 07:20:00,87.25,127.44,20
2018-05-28 07:25:00,87.25,127.44,25
2018-05-28 07:30:00,127.44,90.82,30
2018-05-28 07:35:00,127.44,90.82,35
2018-05-28 07:40:00,127.44,90.82,40
2018-05-28 07:45:00,127.44,90.82,45
2018-05-28 07:50:00,127.44,90.82,50
2018-05-28 07:55:00,127.44,90.82,55
2018-05-28 08:00:00,90.82,86.18,0
2018-05-28 08:05:00,90.82,86.18,5
2018-05-28 08:10:00,90.82,86.18,10
2018-05-28 08:15:00,90.82,86.18,15
2018-05-28 08:20:00,90.82,86.18,20
2018-05-28 08:25:00,90.82,86.18,25
2018-05-28 08:30:00,86.18,80.69,30
2018-05-28 08:35:00,86.18,80.69,35
2018-05-28 08:40:00,86.18,80.69,40
2018-05-28 08:45:00,86.18,80.69,45
2018-05-28 08:50:00,86.18,80.69,50
2018-05-28 08:55:00,86.18,80.69,55
2018-05-28 09:00:00,80.69,71.85,0
2018-05-28 09:05:00,80.69,71.85,5
2018-05-28 09:10:00,80.69,71.85,10
2018-05-28 09:15:00,80.69,71.85,15
2018-05-28 09:20:00,80.69,71.85,20
2018-05-28 09:25:00,80.69,71.85,25
2018-05-28 09:30:00,71.85,65.46,30
2018-05-28 09:35:00,71.85,65.46,35
2018-05-28 09:40:00,71.85,65.46,40
2018-05-28 09:45:00,71.85,65.46,45
2018-05-28 09:50:00,71.85,65.46,50
2018-05-28 09:55:00,71.85,65.46,55
2018-05-28 10:00:00,65.46,52.84,0
2018-05-28 10:05:00,65.46,52.84,5
2018-05-28 10:10:00,65.46,52.84,10
2018-05-28 10:15:00,65.46,52.84,15
2018-05-28 10:20:00,65.46,52.84,20
2018-05-28 10:25:00,65.46,52.84,25
2018-05-28 10:30:00,52.84,-118.09,30
2018-05-28 10:35:00,52.84,-118.09,35
2018-05-28 10:40:00,52.84,-118.09,40
2018-05-28 10:45:00,52.84,-118.09,45
2018-05-28 10:50:00,52.84,-118.09,50
2018-05-28 10:55:00,52.84,-118.09,55
2018-05-28 11:00:00,-118.09,30.63,0
2018-05-28 11:05:00,-118.09,30.63,5
2018-05-28 11:10:00,-118.09,30.63,10
2018-05-28 11:15:00,-118.09,30.63,15
2018-05-28 11:20:00,-118.09,30.63,20
2018-05-28 11:25:00,-118.09,30.63,25
2018-05-28 11:30:00,30.63,20.34,30
2018-05-28 11:35:00,30.63,20.34,35
2018-05-28 11:40:00,30.63,20.34,40
2018-05-28 11:45:00,30.63,20.34,45
2018-05-28 11:50:00,30.63,20.34,50
2018-05-28 11:55:00,30.63,20.34,55
2018-05-28 12:00:00,20.34,31.35,0
2018-05-28 12:05:00,20.34,31.35,5
2018-05-28 12:10:00,20.34,31.35,10
2018-05-28 12:15:00,20.34,31.35,15
2018-05-28 12:20:00,20.34,31.35,20
2018-05-28 12:25:00,20.34,31.35,25
2018-05-28 12:30:00,31.35,41.13,30
2018-05-28 12:35:00,31.35,41.13,35
2018-05-28 12:40:00,31.35,41.13,40
2018-05-28 12:45:00,31.35,41.13,45
2018-05-28 12:50:00,31.35,41.13,50
2018-05-28 12:55:00,31.35,41.13,55
2018-05-28 13:00:00,41.13,49.57,0
2018-05-28 13:05:00,41.13,49.57,5
2018-05-28 13:10:00,41.13,49.57,10
2018-05-28 13:15:00,41.13,49.57,15
2018-05-28 13:20:00,41.13,49.57,20
2018-05-28 13:25:00,41.13,49.57,25
2018-05-28 13:30:00,49.57,53.04,30
2018-05-28 13:35:00,49.57,53.04,35
2018-05-28 13:40:00,49.57,53.04,40
2018-05-28 13:45:00,49.57,53.04,45
2018-05-28 13:50:00,49.57,53.04,50
2018-05-28 13:55:00,49.57,53.04,55
2018-05-28 14:00:00,53.04,56.84,0
2018-05-28 14:05:00,53.04,56.84,5
2018-05-28 14:10:00,53.04,56.84,10
2018-05-28 14:15:00,53.04,56.84,15
2018-05-28 14:20:00,53.04,56.84,20
2018-05-28 14:25:00,53.04,56.84,25
2018-05-28 14:30:00,56.84,56.74,30
2018-05-28 14:35:00,56.84,56.74,35
2018-05-28 14:40:00,56.84,56.74,40
2018-05-28 14:45:00,56.84,56.74,45
2018-05-28 14:50:00,56.84,56.74,50
2018-05-28 14:55:00,56.84,56.74,55
2018-05-28 15:00:00,56.74,65.53,0
2018-05-28 15:05:00,56.74,65.53,5
2018-05-28 15:10:00,56.74,65.53,10
2018-05-28 15:15:00,56.74,65.53,15
2018-05-28 15:20:00,56.74,65.53,20
2018-05-28 15:25:00,56.74,65.53,25
2018-05-28 15:30:00,65.53,70.28,30
2018-05-28 15:35:00,65.53,70.28,35
2018-05-28 15:40:00,65.53,70.28,40
2018-05-28 15:45:00,65.53,70.28,45
2018-05-28 15:50:00,65.53,70.28,50
2018-05-28 15:55:00,65.53,70.28,55
2018-05-28 16:00:00,70.28,79.35,0
2018-05-28 16:05:00,70.28,79.35,5
2018-05-28 16:10:00,70.28,79.35,10
2018-05-28 16:15:00,70.28,79.35,15
2018-05-28 16:20:00,70.28,79.35,20
2018-05-28 16:25:00,70.28,79.35,25
2018-05-28 16:30:00,79.35,110.02,30
2018-05-28 16:35:00,79.35,110.02,35
2018-05-28 16:40:00,79.35,110.02,40
2018-05-28 16:45:00,79.35,110.02,45
2018-05-28 16:50:00,79.35,110.02,50
2018-05-28 16:55:00,79.35,110.02,55
2018-05-28 17:00:00,110.02,165.35,0
2018-05-28 17:05:00,110.02,165.35,5
2018-05-28 17:10:00,110.02,165.35,10
2018-05-28 17:15:00,110.02,165.35,15
2018-05-28 17:20:00,110.02,165.35,20
2018-05-28 17:25:00,110.02,165.35,25
2018-05-28 17:30:00,165.35,100.15,30
2018-05-28 17:35:00,165.35,100.15,35
2018-05-28 17:40:00,165.35,100.15,40
2018-05-28 17:45:00,165.35,100.15,45
2018-05-28 17:50:00,165.35,100.15,50
2018-05-28 17:55:00,165.35,100.15,55
2018-05-28 18:00:00,100.15,92.59,0
2018-05-28 18:05:00,100.15,92.59,5
2018-05-28 18:10:00,100.15,92.59,10
2018-05-28 18:15:00,100.15,92.59,15
2018-05-28 18:20:00,100.15,92.59,20
2018-05-28 18:25:00,100.15,92.59,25
2018-05-28 18:30:00,92.59,79.58,30
2018-05-28 18:35:00,92.59,79.58,35
2018-05-28 18:40:00,92.59,79.58,40
2018-05-28 18:45:00,92.59,79.58,45
2018-05-28 18:50:00,92.59,79.58,50
2018-05-28 18:55:00,92.59,79.58,55
2018-05-28 19:00:00,79.58,88.23,0
2018-05-28 19:05:00,79.58,88.23,5
2018-05-28 19:10:00,79.58,88.23,10
2018-05-28 19:15:00,79.58,88.23,15
2018-05-28 19:20:00,79.58,88.23,20
2018-05-28 19:25:00,79.58,88.23,25
2018-05-28 19:30:00,88.23,86.89,30
2018-05-28 19:35:00,88.23,86.89,35
2018-05-28 19:40:00,88.23,86.89,40
2018-05-28 19:45:00,88.23,86.89,45
2018-05-28 19:50:00,88.23,86.89,50
2018-05-28 19:55:00,88.23,86.89,55
2018-05-28 20:00:00,86.89,75.99,0
2018-05-28 20:05:00,86.89,75.99,5
2018-05-28 20:10:00,86.89,75.99,10
2018-05-28 20:15:00,86.89,75.99,15
2018-05-28 20:20:00,86.89,75.99,20
2018-05-28 20:25:00,86.89,75.99,25
2018-05-28 20:30:00,75.99,61.24,30
2018-05-28 20:35:00,75.99,61.24,35
2018-05-28 20:40:00,75.99,61.24,40
2018-05-28 20:45:00,75.99,61.24,45
2018-05-28 20:50:00,75.99,61.24,50
2018-05-28 20:55:00,75.99,61.24,55
2018-05-28 21:00:00,61.24,61.17,0
2018-05-28 21:05:00,61.24,61.17,5
2018-05-28 21:10:00,61.24,61.17,10
2018-05-28 21:15:00,61.24,61.17,15
2018-05-28 21:20:00,61.24,61.17,20
2018-05-28 21:25:00,61.24,61.17,25
2018-05-28 21:30:00,61.17,62.1,30
2018-05-28 21:35:00,61.17,62.1,35
2018-05-28 21:40:00,61.17,62.1,40
2018-05-28 21:45:00,61.17,62.1,45
2018-05-28 21:50:00,61.17,62.1,50
2018-05-28 21:55:00,61.17,62.1,55
2018-05-28 22:00:00,62.1,53.57,0
2018-05-28 22:05:00,62.1,53.57,5
2018-05-28 22:10:00,62.1,53.57,10
2018-05-28 22:15:00,62.1,53.57,15
2018-05-28 22:20:00,62.1,53.57,20
2018-05-28 22:25:00,62.1,53.57,25
2018-05-28 22:30:00,53.57,56.21,30
2018-05-28 22:35:00,53.57,56.21,35
2018-05-28 22:40:00,53.57,56.21,40
2018-05-28 22:45:00,53.57,56.21,45
2018-05-28 22:50:00,53.57,56.21,50
2018-05-28 22:55:00,53.57,56.21,55
2018-05-28 23:00:00,56.21,56.83,0
2018-05-28 23:05:00,56.21,56.83,5
2018-05-28 23:10:00,56.21,56.83,10
2018-05-28 23:15:00,56.21,56.83,15
2018-05-28 23:20:00,56.21,56.83,20
2018-05-28 23:25:00,56.21,56.83,25
2018-05-28 23:30:00,56.83,52.73,30
2018-05-28 23:35:00,56.83,52.73,35
2018-05-28 23:40:00,56.83,52.73,40
2018-05-28 23:45:00,56.83,52.73,45
2018-05-28 23:50:00,56.83,52.73,50
2018-05-28 23:55:00,56.83,52.73,55
2018-05-29 00:00:00,52.73,51.1,0
2018-05-29 00:05:00,52.73,51.1,5
2018-05-29 00:10:00,52.73,51.1,10
2018-05-29 00:15:00,52.73,51.1,15
2018-05-29 00:20:00,52.73,51.1,20
2018-05-29 00:25:00,52.73,51.1,25
2018-05-29 00:30:00,51.1,27.53,30
2018-05-29 00:35:00,51.1,27.53,35
2018-05-29 00:40:00,51.1,27.53,40
2018-05-29 00:45:00,51.1,27.53,45
2018-05-29 00:50:00,51.1,27.53,50
2018-05-29 00:55:00,51.1,27.53,55
2018-05-29 01:00:00,27.53,23.07,0
2018-05-29 01:05:00,27.53,23.07,5
2018-05-29 01:10:00,27.53,23.07,10
2018-05-29 01:15:00,27.53,23.07,15
2018-05-29 01:20:00,27.53,23.07,20
2018-05-29 01:25:00,27.53,23.07,25
2018-05-29 01:30:00,23.07,13.97,30
2018-05-29 01:35:00,23.07,13.97,35
2018-05-29 01:40:00,23.07,13.97,40
2018-05-29 01:45:00,23.07,13.97,45
2018-05-29 01:50:00,23.07,13.97,50
2018-05-29 01:55:00,23.07,13.97,55
2018-05-29 02:00:00,13.97,10.85,0
2018-05-29 02:05:00,13.97,10.85,5
2018-05-29 02:10:00,13.97,10.85,10
2018-05-29 02:15:00,13.97,10.85,15
2018-05-29 02:20:00,13.97,10.85,20
2018-05-29 02:25:00,13.97,10.85,25
2018-05-29 02:30:00,10.85,11.87,30
2018-05-29 02:35:00,10.85,11.87,35
2018-05-29 02:40:00,10.85,11.87,40
2018-05-29 02:45:00,10.85,11.87,45
2018-05-29 02:50:00,10.85,11.87,50
2018-05-29 02:55:00,10.85,11.87,55
2018-05-29 03:00:00,11.87,15.75,0
2018-05-29 03:05:00,11.87,15.75,5
2018-05-29 03:10:00,11.87,15.75,10
2018-05-29 03:15:00,11.87,15.75,15
2018-05-29 03:20:00,11.87,15.75,20
2018-05-29 03:25:00,11.87,15.75,25
2018-05-29 03:30:00,15.75,16.67,30
2018-05-29 03:35:00,15.75,16.67,35
2018-05-29 03:40:00,15.75,16.67,40
2018-05-29 03:45:00,15.75,16.67,45
2018-05-29 03:50:00,15.75,16.67,50
2018-05-29 03:55:00,15.75,16.67,55
2018-05-29 04:00:00,16.67,16.23,0
2018-05-29 04:05:00,16.67,16.23,5
2018-05-29 04:10:00,16.67,16.23,10
2018-05-29 04:15:00,16.67,16.23,15
2018-05-29 04:20:00,16.67,16.23,20
2018-05-29 04:25:00,16.67,16.23,25
2018-05-29 04:30:00,16.23,19.25,30
2018-05-29 04:35:00,16.23,19.25,35
2018-05-29 04:40:00,16.23,19.25,40
2018-05-29 04:45:00,16.23,19.25,45
2018-05-29 04:50:00,16.23,19.25,50
2018-05-29 04:55:00,16.23,19.25,55
2018-05-29 05:00:00,19.25,26.14,0
2018-05-29 05:05:00,19.25,26.14,5
2018-05-29 05:10:00,19.25,26.14,10
2018-05-29 05:15:00,19.25,26.14,15
2018-05-29 05:20:00,19.25,26.14,20
2018-05-29 05:25:00,19.25,26.14,25
2018-05-29 05:30:00,26.14,70.79,30
2018-05-29 05:35:00,26.14,70.79,35
2018-05-29 05:40:00,26.14,70.79,40
2018-05-29 05:45:00,26.14,70.79,45
2018-05-29 05:50:00,26.14,70.79,50
2018-05-29 05:55:00,26.14,70.79,55
2018-05-29 06:00:00,70.79,90.39,0
2018-05-29 06:05:00,70.79,90.39,5
2018-05-29 06:10:00,70.79,90.39,10
2018-05-29 06:15:00,70.79,90.39,15
2018-05-29 06:20:00,70.79,90.39,20
2018-05-29 06:25:00,70.79,90.39,25
2018-05-29 06:30:00,90.39,78.35,30
2018-05-29 06:35:00,90.39,78.35,35
2018-05-29 06:40:00,90.39,78.35,40
2018-05-29 06:45:00,90.39,78.35,45
2018-05-29 06:50:00,90.39,78.35,50
2018-05-29 06:55:00,90.39,78.35,55
2018-05-29 07:00:00,78.35,87.94,0
2018-05-29 07:05:00,78.35,87.94,5
2018-05-29 07:10:00,78.35,87.94,10
2018-05-29 07:15:00,78.35,87.94,15
2018-05-29 07:20:00,78.35,87.94,20
2018-05-29 07:25:00,78.35,87.94,25
2018-05-29 07:30:00,87.94,83.84,30
2018-05-29 07:35:00,87.94,83.84,35
2018-05-29 07:40:00,87.94,83.84,40
2018-05-29 07:45:00,87.94,83.84,45
2018-05-29 07:50:00,87.94,83.84,50
2018-05-29 07:55:00,87.94,83.84,55
2018-05-29 08:00:00,83.84,69.49,0
2018-05-29 08:05:00,83.84,69.49,5
2018-05-29 08:10:00,83.84,69.49,10
2018-05-29 08:15:00,83.84,69.49,15
2018-05-29 08:20:00,83.84,69.49,20
2018-05-29 08:25:00,83.84,69.49,25
2018-05-29 08:30:00,69.49,73.84,30
2018-05-29 08:35:00,69.49,73.84,35
2018-05-29 08:40:00,69.49,73.84,40
2018-05-29 08:45:00,69.49,73.84,45
2018-05-29 08:50:00,69.49,73.84,50
2018-05-29 08:55:00,69.49,73.84,55
2018-05-29 09:00:00,73.84,65.37,0
2018-05-29 09:05:00,73.84,65.37,5
2018-05-29 09:10:00,73.84,65.37,10
2018-05-29 09:15:00,73.84,65.37,15
2018-05-29 09:20:00,73.84,65.37,20
2018-05-29 09:25:00,73.84,65.37,25
2018-05-29 09:30:00,65.37,62.31,30
2018-05-29 09:35:00,65.37,62.31,35
2018-05-29 09:40:00,65.37,62.31,40
2018-05-29 09:45:00,65.37,62.31,45
2018-05-29 09:50:00,65.37,62.31,50
2018-05-29 09:55:00,65.37,62.31,55
2018-05-29 10:00:00,62.31,61.95,0
2018-05-29 10:05:00,62.31,61.95,5
2018-05-29 10:10:00,62.31,61.95,10
2018-05-29 10:15:00,62.31,61.95,15
2018-05-29 10:20:00,62.31,61.95,20
2018-05-29 10:25:00,62.31,61.95,25
2018-05-29 10:30:00,61.95,60.3,30
2018-05-29 10:35:00,61.95,60.3,35
2018-05-29 10:40:00,61.95,60.3,40
2018-05-29 10:45:00,61.95,60.3,45
2018-05-29 10:50:00,61.95,60.3,50
2018-05-29 10:55:00,61.95,60.3,55
2018-05-29 11:00:00,60.3,65.34,0
2018-05-29 11:05:00,60.3,65.34,5
2018-05-29 11:10:00,60.3,65.34,10
2018-05-29 11:15:00,60.3,65.34,15
2018-05-29 11:20:00,60.3,65.34,20
2018-05-29 11:25:00,60.3,65.34,25
2018-05-29 11:30:00,65.34,63.82,30
2018-05-29 11:35:00,65.34,63.82,35
2018-05-29 11:40:00,65.34,63.82,40
2018-05-29 11:45:00,65.34,63.82,45
2018-05-29 11:50:00,65.34,63.82,50
2018-05-29 11:55:00,65.34,63.82,55
2018-05-29 12:00:00,63.82,70.5,0
2018-05-29 12:05:00,63.82,70.5,5
2018-05-29 12:10:00,63.82,70.5,10
2018-05-29 12:15:00,63.82,70.5,15
2018-05-29 12:20:00,63.82,70.5,20
2018-05-29 12:25:00,63.82,70.5,25
2018-05-29 12:30:00,70.5,61.82,30
2018-05-29 12:35:00,70.5,61.82,35
2018-05-29 12:40:00,70.5,61.82,40
2018-05-29 12:45:00,70.5,61.82,45
2018-05-29 12:50:00,70.5,61.82,50
2018-05-29 12:55:00,70.5,61.82,55
2018-05-29 13:00:00,61.82,68.22,0
2018-05-29 13:05:00,61.82,68.22,5
2018-05-29 13:10:00,61.82,68.22,10
2018-05-29 13:15:00,61.82,68.22,15
2018-05-29 13:20:00,61.82,68.22,20
2018-05-29 13:25:00,61.82,68.22,25
2018-05-29 13:30:00,68.22,65.06,30
2018-05-29 13:35:00,68.22,65.06,35
2018-05-29 13:40:00,68.22,65.06,40
2018-05-29 13:45:00,68.22,65.06,45
2018-05-29 13:50:00,68.22,65.06,50
2018-05-29 13:55:00,68.22,65.06,55
2018-05-29 14:00:00,65.06,68.23,0
2018-05-29 14:05:00,65.06,68.23,5
2018-05-29 14:10:00,65.06,68.23,10
2018-05-29 14:15:00,65.06,68.23,15
2018-05-29 14:20:00,65.06,68.23,20
2018-05-29 14:25:00,65.06,68.23,25
2018-05-29 14:30:00,68.23,67.75,30
2018-05-29 14:35:00,68.23,67.75,35
2018-05-29 14:40:00,68.23,67.75,40
2018-05-29 14:45:00,68.23,67.75,45
2018-05-29 14:50:00,68.23,67.75,50
2018-05-29 14:55:00,68.23,67.75,55
2018-05-29 15:00:00,67.75,70.05,0
2018-05-29 15:05:00,67.75,70.05,5
2018-05-29 15:10:00,67.75,70.05,10
2018-05-29 15:15:00,67.75,70.05,15
2018-05-29 15:20:00,67.75,70.05,20
2018-05-29 15:25:00,67.75,70.05,25
2018-05-29 15:30:00,70.05,83.95,30
2018-05-29 15:35:00,70.05,83.95,35
2018-05-29 15:40:00,70.05,83.95,40
2018-05-29 15:45:00,70.05,83.95,45
2018-05-29 15:50:00,70.05,83.95,50
2018-05-29 15:55:00,70.05,83.95,55
2018-05-29 16:00:00,83.95,76.36,0
2018-05-29 16:05:00,83.95,76.36,5
2018-05-29 16:10:00,83.95,76.36,10
2018-05-29 16:15:00,83.95,76.36,15
2018-05-29 16:20:00,83.95,76.36,20
2018-05-29 16:25:00,83.95,76.36,25
2018-05-29 16:30:00,76.36,89.12,30
2018-05-29 16:35:00,76.36,89.12,35
2018-05-29 16:40:00,76.36,89.12,40
2018-05-29 16:45:00,76.36,89.12,45
2018-05-29 16:50:00,76.36,89.12,50
2018-05-29 16:55:00,76.36,89.12,55
2018-05-29 17:00:00,89.12,263.95,0
2018-05-29 17:05:00,89.12,263.95,5
2018-05-29 17:10:00,89.12,263.95,10
2018-05-29 17:15:00,89.12,263.95,15
2018-05-29 17:20:00,89.12,263.95,20
2018-05-29 17:25:00,89.12,263.95,25
2018-05-29 17:30:00,263.95,248.21,30
2018-05-29 17:35:00,263.95,248.21,35
2018-05-29 17:40:00,263.95,248.21,40
2018-05-29 17:45:00,263.95,248.21,45
2018-05-29 17:50:00,263.95,248.21,50
2018-05-29 17:55:00,263.95,248.21,55
2018-05-29 18:00:00,248.21,112.98,0
2018-05-29 18:05:00,248.21,112.98,5
2018-05-29 18:10:00,248.21,112.98,10
2018-05-29 18:15:00,248.21,112.98,15
2018-05-29 18:20:00,248.21,112.98,20
2018-05-29 18:25:00,248.21,112.98,25
2018-05-29 18:30:00,112.98,90.01,30
2018-05-29 18:35:00,112.98,90.01,35
2018-05-29 18:40:00,112.98,90.01,40
2018-05-29 18:45:00,112.98,90.01,45
2018-05-29 18:50:00,112.98,90.01,50
2018-05-29 18:55:00,112.98,90.01,55
2018-05-29 19:00:00,90.01,91.93,0
2018-05-29 19:05:00,90.01,91.93,5
2018-05-29 19:10:00,90.01,91.93,10
2018-05-29 19:15:00,90.01,91.93,15
2018-05-29 19:20:00,90.01,91.93,20
2018-05-29 19:25:00,90.01,91.93,25
2018-05-29 19:30:00,91.93,98.88,30
2018-05-29 19:35:00,91.93,98.88,35
2018-05-29 19:40:00,91.93,98.88,40
2018-05-29 19:45:00,91.93,98.88,45
2018-05-29 19:50:00,91.93,98.88,50
2018-05-29 19:55:00,91.93,98.88,55
2018-05-29 20:00:00,98.88,95.09,0
2018-05-29 20:05:00,98.88,95.09,5
2018-05-29 20:10:00,98.88,95.09,10
2018-05-29 20:15:00,98.88,95.09,15
2018-05-29 20:20:00,98.88,95.09,20
2018-05-29 20:25:00,98.88,95.09,25
2018-05-29 20:30:00,95.09,108.18,30
2018-05-29 20:35:00,95.09,108.18,35
2018-05-29 20:40:00,95.09,108.18,40
2018-05-29 20:45:00,95.09,108.18,45
2018-05-29 20:50:00,95.09,108.18,50
2018-05-29 20:55:00,95.09,108.18,55
2018-05-29 21:00:00,108.18,89.01,0
2018-05-29 21:05:00,108.18,89.01,5
2018-05-29 21:10:00,108.18,89.01,10
2018-05-29 21:15:00,108.18,89.01,15
2018-05-29 21:20:00,108.18,89.01,20
2018-05-29 21:25:00,108.18,89.01,25
2018-05-29 21:30:00,89.01,188.6,30
2018-05-29 21:35:00,89.01,188.6,35
2018-05-29 21:40:00,89.01,188.6,40
2018-05-29 21:45:00,89.01,188.6,45
2018-05-29 21:50:00,89.01,188.6,50
2018-05-29 21:55:00,89.01,188.6,55
2018-05-29 22:00:00,188.6,82.57,0
2018-05-29 22:05:00,188.6,82.57,5
2018-05-29 22:10:00,188.6,82.57,10
2018-05-29 22:15:00,188.6,82.57,15
2018-05-29 22:20:00,188.6,82.57,20
2018-05-29 22:25:00,188.6,82.57,25
2018-05-29 22:30:00,82.57,75.9,30
2018-05-29 22:35:00,82.57,75.9,35
2018-05-29 22:40:00,82.57,75.9,40
2018-05-29 22:45:00,82.57,75.9,45
2018-05-29 22:50:00,82.57,75.9,50
2018-05-29 22:55:00,82.57,75.9,55
2018-05-29 23:00:00,75.9,86.69,0
2018-05-29 23:05:00,75.9,86.69,5
2018-05-29 23:10:00,75.9,86.69,10
2018-05-29 23:15:00,75.9,86.69,15
2018-05-29 23:20:00,75.9,86.69,20
2018-05-29 23:25:00,75.9,86.69,25
2018-05-29 23:30:00,86.69,82.04,30
2018-05-29 23:35:00,86.69,82.04,35
2018-05-29 23:40:00,86.69,82.04,40
2018-05-29 23:45:00,86.69,82.04,45
2018-05-29 23:50:00,86.69,82.04,50
2018-05-29 23:55:00,86.69,82.04,55
2018-05-30 00:00:00,82.04,83.18,0
2018-05-30 00:05:00,82.04,83.18,5
2018-05-30 00:10:00,82.04,83.18,10
2018-05-30 00:15:00,82.04,83.18,15
2018-05-30 00:20:00,82.04,83.18,20
2018-05-30 00:25:00,82.04,83.18,25
2018-05-30 00:30:00,83.18,76.72,30
2018-05-30 00:35:00,83.18,76.72,35
2018-05-30 00:40:00,83.18,76.72,40
2018-05-30 00:45:00,83.18,76.72,45
2018-05-30 00:50:00,83.18,76.72,50
2018-05-30 00:55:00,83.18,76.72,55
2018-05-30 01:00:00,76.72,67.38,0
2018-05-30 01:05:00,76.72,67.38,5
2018-05-30 01:10:00,76.72,67.38,10
2018-05-30 01:15:00,76.72,67.38,15
2018-05-30 01:20:00,76.72,67.38,20
2018-05-30 01:25:00,76.72,67.38,25
2018-05-30 01:30:00,67.38,57.06,30
2018-05-30 01:35:00,67.38,57.06,35
2018-05-30 01:40:00,67.38,57.06,40
2018-05-30 01:45:00,67.38,57.06,45
2018-05-30 01:50:00,67.38,57.06,50
2018-05-30 01:55:00,67.38,57.06,55
2018-05-30 02:00:00,57.06,54.49,0
2018-05-30 02:05:00,57.06,54.49,5
2018-05-30 02:10:00,57.06,54.49,10
2018-05-30 02:15:00,57.06,54.49,15
2018-05-30 02:20:00,57.06,54.49,20
2018-05-30 02:25:00,57.06,54.49,25
2018-05-30 02:30:00,54.49,51.88,30
2018-05-30 02:35:00,54.49,51.88,35
2018-05-30 02:40:00,54.49,51.88,40
2018-05-30 02:45:00,54.49,51.88,45
2018-05-30 02:50:00,54.49,51.88,50
2018-05-30 02:55:00,54.49,51.88,55
2018-05-30 03:00:00,51.88,57.7,0
2018-05-30 03:05:00,51.88,57.7,5
2018-05-30 03:10:00,51.88,57.7,10
2018-05-30 03:15:00,51.88,57.7,15
2018-05-30 03:20:00,51.88,57.7,20
2018-05-30 03:25:00,51.88,57.7,25
2018-05-30 03:30:00,57.7,53.16,30
2018-05-30 03:35:00,57.7,53.16,35
2018-05-30 03:40:00,57.7,53.16,40
2018-05-30 03:45:00,57.7,53.16,45
2018-05-30 03:50:00,57.7,53.16,50
2018-05-30 03:55:00,57.7,53.16,55
2018-05-30 04:00:00,53.16,51.39,0
2018-05-30 04:05:00,53.16,51.39,5
2018-05-30 04:10:00,53.16,51.39,10
2018-05-30 04:15:00,53.16,51.39,15
2018-05-30 04:20:00,53.16,51.39,20
2018-05-30 04:25:00,53.16,51.39,25
2018-05-30 04:30:00,51.39,66.43,30
2018-05-30 04:35:00,51.39,66.43,35
2018-05-30 04:40:00,51.39,66.43,40
2018-05-30 04:45:00,51.39,66.43,45
2018-05-30 04:50:00,51.39,66.43,50
2018-05-30 04:55:00,51.39,66.43,55
2018-05-30 05:00:00,66.43,68.94,0
2018-05-30 05:05:00,66.43,68.94,5
2018-05-30 05:10:00,66.43,68.94,10
2018-05-30 05:15:00,66.43,68.94,15
2018-05-30 05:20:00,66.43,68.94,20
2018-05-30 05:25:00,66.43,68.94,25
2018-05-30 05:30:00,68.94,90.13,30
2018-05-30 05:35:00,68.94,90.13,35
2018-05-30 05:40:00,68.94,90.13,40
2018-05-30 05:45:00,68.94,90.13,45
2018-05-30 05:50:00,68.94,90.13,50
2018-05-30 05:55:00,68.94,90.13,55
2018-05-30 06:00:00,90.13,242.57,0
2018-05-30 06:05:00,90.13,242.57,5
2018-05-30 06:10:00,90.13,242.57,10
2018-05-30 06:15:00,90.13,242.57,15
2018-05-30 06:20:00,90.13,242.57,20
2018-05-30 06:25:00,90.13,242.57,25
2018-05-30 06:30:00,242.57,97.65,30
2018-05-30 06:35:00,242.57,97.65,35
2018-05-30 06:40:00,242.57,97.65,40
2018-05-30 06:45:00,242.57,97.65,45
2018-05-30 06:50:00,242.57,97.65,50
2018-05-30 06:55:00,242.57,97.65,55
2018-05-30 07:00:00,97.65,124.55,0
2018-05-30 07:05:00,97.65,124.55,5
2018-05-30 07:10:00,97.65,124.55,10
2018-05-30 07:15:00,97.65,124.55,15
2018-05-30 07:20:00,97.65,124.55,20
2018-05-30 07:25:00,97.65,124.55,25
2018-05-30 07:30:00,124.55,115.62,30
2018-05-30 07:35:00,124.55,115.62,35
2018-05-30 07:40:00,124.55,115.62,40
2018-05-30 07:45:00,124.55,115.62,45
2018-05-30 07:50:00,124.55,115.62,50
2018-05-30 07:55:00,124.55,115.62,55
2018-05-30 08:00:00,115.62,108.93,0
2018-05-30 08:05:00,115.62,108.93,5
2018-05-30 08:10:00,115.62,108.93,10
2018-05-30 08:15:00,115.62,108.93,15
2018-05-30 08:20:00,115.62,108.93,20
2018-05-30 08:25:00,115.62,108.93,25
2018-05-30 08:30:00,108.93,99.21,30
2018-05-30 08:35:00,108.93,99.21,35
2018-05-30 08:40:00,108.93,99.21,40
2018-05-30 08:45:00,108.93,99.21,45
2018-05-30 08:50:00,108.93,99.21,50
2018-05-30 08:55:00,108.93,99.21,55
2018-05-30 09:00:00,99.21,87.59,0
2018-05-30 09:05:00,99.21,87.59,5
2018-05-30 09:10:00,99.21,87.59,10
2018-05-30 09:15:00,99.21,87.59,15
2018-05-30 09:20:00,99.21,87.59,20
2018-05-30 09:25:00,99.21,87.59,25
2018-05-30 09:30:00,87.59,86.11,30
2018-05-30 09:35:00,87.59,86.11,35
2018-05-30 09:40:00,87.59,86.11,40
2018-05-30 09:45:00,87.59,86.11,45
2018-05-30 09:50:00,87.59,86.11,50
2018-05-30 09:55:00,87.59,86.11,55
2018-05-30 10:00:00,86.11,85.35,0
2018-05-30 10:05:00,86.11,85.35,5
2018-05-30 10:10:00,86.11,85.35,10
2018-05-30 10:15:00,86.11,85.35,15
2018-05-30 10:20:00,86.11,85.35,20
2018-05-30 10:25:00,86.11,85.35,25
2018-05-30 10:30:00,85.35,79.28,30
2018-05-30 10:35:00,85.35,79.28,35
2018-05-30 10:40:00,85.35,79.28,40
2018-05-30 10:45:00,85.35,79.28,45
2018-05-30 10:50:00,85.35,79.28,50
2018-05-30 10:55:00,85.35,79.28,55
2018-05-30 11:00:00,79.28,82.81,0
2018-05-30 11:05:00,79.28,82.81,5
2018-05-30 11:10:00,79.28,82.81,10
2018-05-30 11:15:00,79.28,82.81,15
2018-05-30 11:20:00,79.28,82.81,20
2018-05-30 11:25:00,79.28,82.81,25
2018-05-30 11:30:00,82.81,76.61,30
2018-05-30 11:35:00,82.81,76.61,35
2018-05-30 11:40:00,82.81,76.61,40
2018-05-30 11:45:00,82.81,76.61,45
2018-05-30 11:50:00,82.81,76.61,50
2018-05-30 11:55:00,82.81,76.61,55
2018-05-30 12:00:00,76.61,78.34,0
2018-05-30 12:05:00,76.61,78.34,5
2018-05-30 12:10:00,76.61,78.34,10
2018-05-30 12:15:00,76.61,78.34,15
2018-05-30 12:20:00,76.61,78.34,20
2018-05-30 12:25:00,76.61,78.34,25
2018-05-30 12:30:00,78.34,83.11,30
2018-05-30 12:35:00,78.34,83.11,35
2018-05-30 12:40:00,78.34,83.11,40
2018-05-30 12:45:00,78.34,83.11,45
2018-05-30 12:50:00,78.34,83.11,50
2018-05-30 12:55:00,78.34,83.11,55
2018-05-30 13:00:00,83.11,78.24,0
2018-05-30 13:05:00,83.11,78.24,5
2018-05-30 13:10:00,83.11,78.24,10
2018-05-30 13:15:00,83.11,78.24,15
2018-05-30 13:20:00,83.11,78.24,20
2018-05-30 13:25:00,83.11,78.24,25
2018-05-30 13:30:00,78.24,80.67,30
2018-05-30 13:35:00,78.24,80.67,35
2018-05-30 13:40:00,78.24,80.67,40
2018-05-30 13:45:00,78.24,80.67,45
2018-05-30 13:50:00,78.24,80.67,50
2018-05-30 13:55:00,78.24,80.67,55
2018-05-30 14:00:00,80.67,78.8,0
2018-05-30 14:05:00,80.67,78.8,5
2018-05-30 14:10:00,80.67,78.8,10
2018-05-30 14:15:00,80.67,78.8,15
2018-05-30 14:20:00,80.67,78.8,20
2018-05-30 14:25:00,80.67,78.8,25
2018-05-30 14:30:00,78.8,76.43,30
2018-05-30 14:35:00,78.8,76.43,35
2018-05-30 14:40:00,78.8,76.43,40
2018-05-30 14:45:00,78.8,76.43,45
2018-05-30 14:50:00,78.8,76.43,50
2018-05-30 14:55:00,78.8,76.43,55
2018-05-30 15:00:00,76.43,79.32,0
2018-05-30 15:05:00,76.43,79.32,5
2018-05-30 15:10:00,76.43,79.32,10
2018-05-30 15:15:00,76.43,79.32,15
2018-05-30 15:20:00,76.43,79.32,20
2018-05-30 15:25:00,76.43,79.32,25
2018-05-30 15:30:00,79.32,74.64,30
2018-05-30 15:35:00,79.32,74.64,35
2018-05-30 15:40:00,79.32,74.64,40
2018-05-30 15:45:00,79.32,74.64,45
2018-05-30 15:50:00,79.32,74.64,50
2018-05-30 15:55:00,79.32,74.64,55
2018-05-30 16:00:00,74.64,92.17,0
2018-05-30 16:05:00,74.64,92.17,5
2018-05-30 16:10:00,74.64,92.17,10
2018-05-30 16:15:00,74.64,92.17,15
2018-05-30 16:20:00,74.64,92.17,20
2018-05-30 16:25:00,74.64,92.17,25
2018-05-30 16:30:00,92.17,95.63,30
2018-05-30 16:35:00,92.17,95.63,35
2018-05-30 16:40:00,92.17,95.63,40
2018-05-30 16:45:00,92.17,95.63,45
2018-05-30 16:50:00,92.17,95.63,50
2018-05-30 16:55:00,92.17,95.63,55
2018-05-30 17:00:00,95.63,106.4,0
2018-05-30 17:05:00,95.63,106.4,5
2018-05-30 17:10:00,95.63,106.4,10
2018-05-30 17:15:00,95.63,106.4,15
2018-05-30 17:20:00,95.63,106.4,20
2018-05-30 17:25:00,95.63,106.4,25
2018-05-30 17:30:00,106.4,107.71,30
2018-05-30 17:35:00,106.4,107.71,35
2018-05-30 17:40:00,106.4,107.71,40
2018-05-30 17:45:00,106.4,107.71,45
2018-05-30 17:50:00,106.4,107.71,50
2018-05-30 17:55:00,106.4,107.71,55
2018-05-30 18:00:00,107.71,100.25,0
2018-05-30 18:05:00,107.71,100.25,5
2018-05-30 18:10:00,107.71,100.25,10
2018-05-30 18:15:00,107.71,100.25,15
2018-05-30 18:20:00,107.71,100.25,20
2018-05-30 18:25:00,107.71,100.25,25
2018-05-30 18:30:00,100.25,95.15,30
2018-05-30 18:35:00,100.25,95.15,35
2018-05-30 18:40:00,100.25,95.15,40
2018-05-30 18:45:00,100.25,95.15,45
2018-05-30 18:50:00,100.25,95.15,50
2018-05-30 18:55:00,100.25,95.15,55
2018-05-30 19:00:00,95.15,100.25,0
2018-05-30 19:05:00,95.15,100.25,5
2018-05-30 19:10:00,95.15,100.25,10
2018-05-30 19:15:00,95.15,100.25,15
2018-05-30 19:20:00,95.15,100.25,20
2018-05-30 19:25:00,95.15,100.25,25
2018-05-30 19:30:00,100.25,97.13,30
2018-05-30 19:35:00,100.25,97.13,35
2018-05-30 19:40:00,100.25,97.13,40
2018-05-30 19:45:00,100.25,97.13,45
2018-05-30 19:50:00,100.25,97.13,50
2018-05-30 19:55:00,100.25,97.13,55
2018-05-30 20:00:00,97.13,98.8,0
2018-05-30 20:05:00,97.13,98.8,5
2018-05-30 20:10:00,97.13,98.8,10
2018-05-30 20:15:00,97.13,98.8,15
2018-05-30 20:20:00,97.13,98.8,20
2018-05-30 20:25:00,97.13,98.8,25
2018-05-30 20:30:00,98.8,86.3,30
2018-05-30 20:35:00,98.8,86.3,35
2018-05-30 20:40:00,98.8,86.3,40
2018-05-30 20:45:00,98.8,86.3,45
2018-05-30 20:50:00,98.8,86.3,50
2018-05-30 20:55:00,98.8,86.3,55
2018-05-30 21:00:00,86.3,83.79,0
2018-05-30 21:05:00,86.3,83.79,5
2018-05-30 21:10:00,86.3,83.79,10
2018-05-30 21:15:00,86.3,83.79,15
2018-05-30 21:20:00,86.3,83.79,20
2018-05-30 21:25:00,86.3,83.79,25
2018-05-30 21:30:00,83.79,80.83,30
2018-05-30 21:35:00,83.79,80.83,35
2018-05-30 21:40:00,83.79,80.83,40
2018-05-30 21:45:00,83.79,80.83,45
2018-05-30 21:50:00,83.79,80.83,50
2018-05-30 21:55:00,83.79,80.83,55
2018-05-30 22:00:00,80.83,72.16,0
2018-05-30 22:05:00,80.83,72.16,5
2018-05-30 22:10:00,80.83,72.16,10
2018-05-30 22:15:00,80.83,72.16,15
2018-05-30 22:20:00,80.83,72.16,20
2018-05-30 22:25:00,80.83,72.16,25
2018-05-30 22:30:00,72.16,70.47,30
2018-05-30 22:35:00,72.16,70.47,35
2018-05-30 22:40:00,72.16,70.47,40
2018-05-30 22:45:00,72.16,70.47,45
2018-05-30 22:50:00,72.16,70.47,50
2018-05-30 22:55:00,72.16,70.47,55
2018-05-30 23:00:00,70.47,79.02,0
2018-05-30 23:05:00,70.47,79.02,5
2018-05-30 23:10:00,70.47,79.02,10
2018-05-30 23:15:00,70.47,79.02,15
2018-05-30 23:20:00,70.47,79.02,20
2018-05-30 23:25:00,70.47,79.02,25
2018-05-30 23:30:00,79.02,79.47,30
2018-05-30 23:35:00,79.02,79.47,35
2018-05-30 23:40:00,79.02,79.47,40
2018-05-30 23:45:00,79.02,79.47,45
2018-05-30 23:50:00,79.02,79.47,50
2018-05-30 23:55:00,79.02,79.47,55
2018-05-31 00:00:00,79.47,79.24,0
2018-05-31 00:05:00,79.47,79.24,5
2018-05-31 00:10:00,79.47,79.24,10
2018-05-31 00:15:00,79.47,79.24,15
2018-05-31 00:20:00,79.47,79.24,20
2018-05-31 00:25:00,79.47,79.24,25
2018-05-31 00:30:00,79.24,71.75,30
2018-05-31 00:35:00,79.24,71.75,35
2018-05-31 00:40:00,79.24,71.75,40
2018-05-31 00:45:00,79.24,71.75,45
2018-05-31 00:50:00,79.24,71.75,50
2018-05-31 00:55:00,79.24,71.75,55
2018-05-31 01:00:00,71.75,73.65,0
2018-05-31 01:05:00,71.75,73.65,5
2018-05-31 01:10:00,71.75,73.65,10
2018-05-31 01:15:00,71.75,73.65,15
2018-05-31 01:20:00,71.75,73.65,20
2018-05-31 01:25:00,71.75,73.65,25
2018-05-31 01:30:00,73.65,70.99,30
2018-05-31 01:35:00,73.65,70.99,35
2018-05-31 01:40:00,73.65,70.99,40
2018-05-31 01:45:00,73.65,70.99,45
2018-05-31 01:50:00,73.65,70.99,50
2018-05-31 01:55:00,73.65,70.99,55
2018-05-31 02:00:00,70.99,61.8,0
2018-05-31 02:05:00,70.99,61.8,5
2018-05-31 02:10:00,70.99,61.8,10
2018-05-31 02:15:00,70.99,61.8,15
2018-05-31 02:20:00,70.99,61.8,20
2018-05-31 02:25:00,70.99,61.8,25
2018-05-31 02:30:00,61.8,68.9,30
2018-05-31 02:35:00,61.8,68.9,35
2018-05-31 02:40:00,61.8,68.9,40
2018-05-31 02:45:00,61.8,68.9,45
2018-05-31 02:50:00,61.8,68.9,50
2018-05-31 02:55:00,61.8,68.9,55
2018-05-31 03:00:00,68.9,68.79,0
2018-05-31 03:05:00,68.9,68.79,5
2018-05-31 03:10:00,68.9,68.79,10
2018-05-31 03:15:00,68.9,68.79,15
2018-05-31 03:20:00,68.9,68.79,20
2018-05-31 03:25:00,68.9,68.79,25
2018-05-31 03:30:00,68.79,70.81,30
2018-05-31 03:35:00,68.79,70.81,35
2018-05-31 03:40:00,68.79,70.81,40
2018-05-31 03:45:00,68.79,70.81,45
2018-05-31 03:50:00,68.79,70.81,50
2018-05-31 03:55:00,68.79,70.81,55
2018-05-31 04:00:00,70.81,74.34,0
2018-05-31 04:05:00,70.81,74.34,5
2018-05-31 04:10:00,70.81,74.34,10
2018-05-31 04:15:00,70.81,74.34,15
2018-05-31 04:20:00,70.81,74.34,20
2018-05-31 04:25:00,70.81,74.34,25
2018-05-31 04:30:00,74.34,76.47,30
2018-05-31 04:35:00,74.34,76.47,35
2018-05-31 04:40:00,74.34,76.47,40
2018-05-31 04:45:00,74.34,76.47,45
2018-05-31 04:50:00,74.34,76.47,50
2018-05-31 04:55:00,74.34,76.47,55
2018-05-31 05:00:00,76.47,81.29,0
2018-05-31 05:05:00,76.47,81.29,5
2018-05-31 05:10:00,76.47,81.29,10
2018-05-31 05:15:00,76.47,81.29,15
2018-05-31 05:20:00,76.47,81.29,20
2018-05-31 05:25:00,76.47,81.29,25
2018-05-31 05:30:00,81.29,106.85,30
2018-05-31 05:35:00,81.29,106.85,35
2018-05-31 05:40:00,81.29,106.85,40
2018-05-31 05:45:00,81.29,106.85,45
2018-05-31 05:50:00,81.29,106.85,50
2018-05-31 05:55:00,81.29,106.85,55
2018-05-31 06:00:00,106.85,242.38,0
2018-05-31 06:05:00,106.85,242.38,5
2018-05-31 06:10:00,106.85,242.38,10
2018-05-31 06:15:00,106.85,242.38,15
2018-05-31 06:20:00,106.85,242.38,20
2018-05-31 06:25:00,106.85,242.38,25
2018-05-31 06:30:00,242.38,119.32,30
2018-05-31 06:35:00,242.38,119.32,35
2018-05-31 06:40:00,242.38,119.32,40
2018-05-31 06:45:00,242.38,119.32,45
2018-05-31 06:50:00,242.38,119.32,50
2018-05-31 06:55:00,242.38,119.32,55
2018-05-31 07:00:00,119.32,141.73,0
2018-05-31 07:05:00,119.32,141.73,5
2018-05-31 07:10:00,119.32,141.73,10
2018-05-31 07:15:00,119.32,141.73,15
2018-05-31 07:20:00,119.32,141.73,20
2018-05-31 07:25:00,119.32,141.73,25
2018-05-31 07:30:00,141.73,144.16,30
2018-05-31 07:35:00,141.73,144.16,35
2018-05-31 07:40:00,141.73,144.16,40
2018-05-31 07:45:00,141.73,144.16,45
2018-05-31 07:50:00,141.73,144.16,50
2018-05-31 07:55:00,141.73,144.16,55
2018-05-31 08:00:00,144.16,121.52,0
2018-05-31 08:05:00,144.16,121.52,5
2018-05-31 08:10:00,144.16,121.52,10
2018-05-31 08:15:00,144.16,121.52,15
2018-05-31 08:20:00,144.16,121.52,20
2018-05-31 08:25:00,144.16,121.52,25
2018-05-31 08:30:00,121.52,102.29,30
2018-05-31 08:35:00,121.52,102.29,35
2018-05-31 08:40:00,121.52,102.29,40
2018-05-31 08:45:00,121.52,102.29,45
2018-05-31 08:50:00,121.52,102.29,50
2018-05-31 08:55:00,121.52,102.29,55
2018-05-31 09:00:00,102.29,96.84,0
2018-05-31 09:05:00,102.29,96.84,5
2018-05-31 09:10:00,102.29,96.84,10
2018-05-31 09:15:00,102.29,96.84,15
2018-05-31 09:20:00,102.29,96.84,20
2018-05-31 09:25:00,102.29,96.84,25
2018-05-31 09:30:00,96.84,94.4,30
2018-05-31 09:35:00,96.84,94.4,35
2018-05-31 09:40:00,96.84,94.4,40
2018-05-31 09:45:00,96.84,94.4,45
2018-05-31 09:50:00,96.84,94.4,50
2018-05-31 09:55:00,96.84,94.4,55
2018-05-31 10:00:00,94.4,89.43,0
2018-05-31 10:05:00,94.4,89.43,5
2018-05-31 10:10:00,94.4,89.43,10
2018-05-31 10:15:00,94.4,89.43,15
2018-05-31 10:20:00,94.4,89.43,20
2018-05-31 10:25:00,94.4,89.43,25
2018-05-31 10:30:00,89.43,88.12,30
2018-05-31 10:35:00,89.43,88.12,35
2018-05-31 10:40:00,89.43,88.12,40
2018-05-31 10:45:00,89.43,88.12,45
2018-05-31 10:50:00,89.43,88.12,50
2018-05-31 10:55:00,89.43,88.12,55
2018-05-31 11:00:00,88.12,89.0,0
2018-05-31 11:05:00,88.12,89.0,5
2018-05-31 11:10:00,88.12,89.0,10
2018-05-31 11:15:00,88.12,89.0,15
2018-05-31 11:20:00,88.12,89.0,20
2018-05-31 11:25:00,88.12,89.0,25
2018-05-31 11:30:00,89.0,86.78,30
2018-05-31 11:35:00,89.0,86.78,35
2018-05-31 11:40:00,89.0,86.78,40
2018-05-31 11:45:00,89.0,86.78,45
2018-05-31 11:50:00,89.0,86.78,50
2018-05-31 11:55:00,89.0,86.78,55
2018-05-31 12:00:00,86.78,87.86,0
2018-05-31 12:05:00,86.78,87.86,5
2018-05-31 12:10:00,86.78,87.86,10
2018-05-31 12:15:00,86.78,87.86,15
2018-05-31 12:20:00,86.78,87.86,20
2018-05-31 12:25:00,86.78,87.86,25
2018-05-31 12:30:00,87.86,86.93,30
2018-05-31 12:35:00,87.86,86.93,35
2018-05-31 12:40:00,87.86,86.93,40
2018-05-31 12:45:00,87.86,86.93,45
2018-05-31 12:50:00,87.86,86.93,50
2018-05-31 12:55:00,87.86,86.93,55
2018-05-31 13:00:00,86.93,89.0,0
2018-05-31 13:05:00,86.93,89.0,5
2018-05-31 13:10:00,86.93,89.0,10
2018-05-31 13:15:00,86.93,89.0,15
2018-05-31 13:20:00,86.93,89.0,20
2018-05-31 13:25:00,86.93,89.0,25
2018-05-31 13:30:00,89.0,89.09,30
2018-05-31 13:35:00,89.0,89.09,35
2018-05-31 13:40:00,89.0,89.09,40
2018-05-31 13:45:00,89.0,89.09,45
2018-05-31 13:50:00,89.0,89.09,50
2018-05-31 13:55:00,89.0,89.09,55
2018-05-31 14:00:00,89.09,90.34,0
2018-05-31 14:05:00,89.09,90.34,5
2018-05-31 14:10:00,89.09,90.34,10
2018-05-31 14:15:00,89.09,90.34,15
2018-05-31 14:20:00,89.09,90.34,20
2018-05-31 14:25:00,89.09,90.34,25
2018-05-31 14:30:00,90.34,90.16,30
2018-05-31 14:35:00,90.34,90.16,35
2018-05-31 14:40:00,90.34,90.16,40
2018-05-31 14:45:00,90.34,90.16,45
2018-05-31 14:50:00,90.34,90.16,50
2018-05-31 14:55:00,90.34,90.16,55
2018-05-31 15:00:00,90.16,92.24,0
2018-05-31 15:05:00,90.16,92.24,5
2018-05-31 15:10:00,90.16,92.24,10
2018-05-31 15:15:00,90.16,92.24,15
2018-05-31 15:20:00,90.16,92.24,20
2018-05-31 15:25:00,90.16,92.24,25
2018-05-31 15:30:00,92.24,98.37,30
2018-05-31 15:35:00,92.24,98.37,35
2018-05-31 15:40:00,92.24,98.37,40
2018-05-31 15:45:00,92.24,98.37,45
2018-05-31 15:50:00,92.24,98.37,50
2018-05-31 15:55:00,92.24,98.37,55
2018-05-31 16:00:00,98.37,106.73,0
2018-05-31 16:05:00,98.37,106.73,5
2018-05-31 16:10:00,98.37,106.73,10
2018-05-31 16:15:00,98.37,106.73,15
2018-05-31 16:20:00,98.37,106.73,20
2018-05-31 16:25:00,98.37,106.73,25
2018-05-31 16:30:00,106.73,120.85,30
2018-05-31 16:35:00,106.73,120.85,35
2018-05-31 16:40:00,106.73,120.85,40
2018-05-31 16:45:00,106.73,120.85,45
2018-05-31 16:50:00,106.73,120.85,50
2018-05-31 16:55:00,106.73,120.85,55
2018-05-31 17:00:00,120.85,251.56,0
2018-05-31 17:05:00,120.85,251.56,5
2018-05-31 17:10:00,120.85,251.56,10
2018-05-31 17:15:00,120.85,251.56,15
2018-05-31 17:20:00,120.85,251.56,20
2018-05-31 17:25:00,120.85,251.56,25
2018-05-31 17:30:00,251.56,199.1,30
2018-05-31 17:35:00,251.56,199.1,35
2018-05-31 17:40:00,251.56,199.1,40
2018-05-31 17:45:00,251.56,199.1,45
2018-05-31 17:50:00,251.56,199.1,50
2018-05-31 17:55:00,251.56,199.1,55
2018-05-31 18:00:00,199.1,122.88,0
2018-05-31 18:05:00,199.1,122.88,5
2018-05-31 18:10:00,199.1,122.88,10
2018-05-31 18:15:00,199.1,122.88,15
2018-05-31 18:20:00,199.1,122.88,20
2018-05-31 18:25:00,199.1,122.88,25
2018-05-31 18:30:00,122.88,121.21,30
2018-05-31 18:35:00,122.88,121.21,35
2018-05-31 18:40:00,122.88,121.21,40
2018-05-31 18:45:00,122.88,121.21,45
2018-05-31 18:50:00,122.88,121.21,50
2018-05-31 18:55:00,122.88,121.21,55
2018-05-31 19:00:00,121.21,118.34,0
2018-05-31 19:05:00,121.21,118.34,5
2018-05-31 19:10:00,121.21,118.34,10
2018-05-31 19:15:00,121.21,118.34,15
2018-05-31 19:20:00,121.21,118.34,20
2018-05-31 19:25:00,121.21,118.34,25
2018-05-31 19:30:00,118.34,112.87,30
2018-05-31 19:35:00,118.34,112.87,35
2018-05-31 19:40:00,118.34,112.87,40
2018-05-31 19:45:00,118.34,112.87,45
2018-05-31 19:50:00,118.34,112.87,50
2018-05-31 19:55:00,118.34,112.87,55
2018-05-31 20:00:00,112.87,116.2,0
2018-05-31 20:05:00,112.87,116.2,5
2018-05-31 20:10:00,112.87,116.2,10
2018-05-31 20:15:00,112.87,116.2,15
2018-05-31 20:20:00,112.87,116.2,20
2018-05-31 20:25:00,112.87,116.2,25
2018-05-31 20:30:00,116.2,84.53,30
2018-05-31 20:35:00,116.2,84.53,35
2018-05-31 20:40:00,116.2,84.53,40
2018-05-31 20:45:00,116.2,84.53,45
2018-05-31 20:50:00,116.2,84.53,50
2018-05-31 20:55:00,116.2,84.53,55
2018-05-31 21:00:00,84.53,78.91,0
2018-05-31 21:05:00,84.53,78.91,5
2018-05-31 21:10:00,84.53,78.91,10
2018-05-31 21:15:00,84.53,78.91,15
2018-05-31 21:20:00,84.53,78.91,20
2018-05-31 21:25:00,84.53,78.91,25
2018-05-31 21:30:00,78.91,98.37,30
2018-05-31 21:35:00,78.91,98.37,35
2018-05-31 21:40:00,78.91,98.37,40
2018-05-31 21:45:00,78.91,98.37,45
2018-05-31 21:50:00,78.91,98.37,50
2018-05-31 21:55:00,78.91,98.37,55
2018-05-31 22:00:00,98.37,76.34,0
2018-05-31 22:05:00,98.37,76.34,5
2018-05-31 22:10:00,98.37,76.34,10
2018-05-31 22:15:00,98.37,76.34,15
2018-05-31 22:20:00,98.37,76.34,20
2018-05-31 22:25:00,98.37,76.34,25
2018-05-31 22:30:00,76.34,75.57,30
2018-05-31 22:35:00,76.34,75.57,35
2018-05-31 22:40:00,76.34,75.57,40
2018-05-31 22:45:00,76.34,75.57,45
2018-05-31 22:50:00,76.34,75.57,50
2018-05-31 22:55:00,76.34,75.57,55
2018-05-31 23:00:00,75.57,95.68,0
