index,C_electricity_price [$/MWh],C_demand [MW]
08/02/2017 00:00,43.82,0.000354442
08/02/2017 00:05,43.82,0.000506512
08/02/2017 00:10,43.82,0.000153676
08/02/2017 00:15,43.82,0.000293579
08/02/2017 00:20,43.82,0.000106107
08/02/2017 00:25,43.82,0.00036606
08/02/2017 00:30,150,0
08/02/2017 00:35,150,0.000246857
08/02/2017 00:40,150,0
08/02/2017 00:45,150,0
08/02/2017 00:50,150,0
08/02/2017 00:55,150,0.000404959
08/02/2017 01:00,46.17,0
08/02/2017 01:05,46.17,0.000226886
08/02/2017 01:10,46.17,0
08/02/2017 01:15,46.17,0
08/02/2017 01:20,46.17,0.000509851
08/02/2017 01:25,46.17,0.000354323
08/02/2017 01:30,43.56,0.001734851
08/02/2017 01:35,43.56,0.00016297
08/02/2017 01:40,43.56,1.78E-05
08/02/2017 01:45,43.56,0.000476033
08/02/2017 01:50,43.56,0
08/02/2017 01:55,43.56,0.000369254
08/02/2017 02:00,43.98,0
08/02/2017 02:05,43.98,0.000237046
08/02/2017 02:10,43.98,0.000152131
08/02/2017 02:15,43.98,0
08/02/2017 02:20,43.98,0
08/02/2017 02:25,43.98,0.000489442
08/02/2017 02:30,40.99,3.21E-05
08/02/2017 02:35,40.99,0
08/02/2017 02:40,40.99,0
08/02/2017 02:45,40.99,0
08/02/2017 02:50,40.99,0
08/02/2017 02:55,40.99,0.000644392
08/02/2017 03:00,37.72,0
08/02/2017 03:05,37.72,0
08/02/2017 03:10,37.72,0.000203383
08/02/2017 03:15,37.72,0
08/02/2017 03:20,37.72,0
08/02/2017 03:25,37.72,0
08/02/2017 03:30,42.13,0
08/02/2017 03:35,42.13,0
08/02/2017 03:40,42.13,0
08/02/2017 03:45,42.13,0.000529252
08/02/2017 03:50,42.13,0.000396536
08/02/2017 03:55,42.13,0.000381687
08/02/2017 04:00,40.61,0
08/02/2017 04:05,40.61,0.001378309
08/02/2017 04:10,40.61,0
08/02/2017 04:15,40.61,0.000265826
08/02/2017 04:20,40.61,0.000101039
08/02/2017 04:25,40.61,0
08/02/2017 04:30,52.51,0
08/02/2017 04:35,52.51,7.95E-05
08/02/2017 04:40,52.51,0
08/02/2017 04:45,52.51,0
08/02/2017 04:50,52.51,3.59E-05
08/02/2017 04:55,52.51,0
08/02/2017 05:00,65.79,0
08/02/2017 05:05,65.79,0
08/02/2017 05:10,65.79,0.003177957
08/02/2017 05:15,65.79,8.05E-06
08/02/2017 05:20,65.79,0.000574168
08/02/2017 05:25,65.79,9.54E-05
08/02/2017 05:30,56.85,0.000569506
08/02/2017 05:35,56.85,0.000449046
08/02/2017 05:40,56.85,0.000649963
08/02/2017 05:45,56.85,0
08/02/2017 05:50,56.85,0
08/02/2017 05:55,56.85,0
08/02/2017 06:00,72.05,0
08/02/2017 06:05,72.05,0
08/02/2017 06:10,72.05,0
08/02/2017 06:15,72.05,0.00112431
08/02/2017 06:20,72.05,0
08/02/2017 06:25,72.05,0
08/02/2017 06:30,131.89,0.001882315
08/02/2017 06:35,131.89,0.000188408
08/02/2017 06:40,131.89,0.000406777
08/02/2017 06:45,131.89,0.001074907
08/02/2017 06:50,131.89,0.00066938
08/02/2017 06:55,131.89,0
08/02/2017 07:00,71.5,0.001247457
08/02/2017 07:05,71.5,0.002106002
08/02/2017 07:10,71.5,0.00089313
08/02/2017 07:15,71.5,0
08/02/2017 07:20,71.5,0.000107672
08/02/2017 07:25,71.5,0.000161519
08/02/2017 07:30,95.27,0
08/02/2017 07:35,95.27,0.001301278
08/02/2017 07:40,95.27,0.001958207
08/02/2017 07:45,95.27,8.02E-05
08/02/2017 07:50,95.27,2.71E-05
08/02/2017 07:55,95.27,0
08/02/2017 08:00,115.93,0
08/02/2017 08:05,115.93,1.43E-05
08/02/2017 08:10,115.93,0.000371631
08/02/2017 08:15,115.93,0.000274094
08/02/2017 08:20,115.93,0.000205504
08/02/2017 08:25,115.93,0
08/02/2017 08:30,110.33,0
08/02/2017 08:35,110.33,0
08/02/2017 08:40,110.33,6.41E-05
08/02/2017 08:45,110.33,0.000161793
08/02/2017 08:50,110.33,0
08/02/2017 08:55,110.33,0
08/02/2017 09:00,125.77,8.01E-05
08/02/2017 09:05,125.77,0
08/02/2017 09:10,125.77,0
08/02/2017 09:15,125.77,0
08/02/2017 09:20,125.77,0
08/02/2017 09:25,125.77,0.000487187
08/02/2017 09:30,122.39,1.55E-05
08/02/2017 09:35,122.39,0.000217171
08/02/2017 09:40,122.39,0
08/02/2017 09:45,122.39,8.58E-05
08/02/2017 09:50,122.39,0
08/02/2017 09:55,122.39,0
08/02/2017 10:00,115.84,0
08/02/2017 10:05,115.84,0.000464032
08/02/2017 10:10,115.84,4.45E-05
08/02/2017 10:15,115.84,0
08/02/2017 10:20,115.84,0.000129049
08/02/2017 10:25,115.84,5.75E-05
08/02/2017 10:30,118.39,0
08/02/2017 10:35,118.39,0.000170595
08/02/2017 10:40,118.39,0
08/02/2017 10:45,118.39,0.000185946
08/02/2017 10:50,118.39,9.81E-05
08/02/2017 10:55,118.39,2.84E-05
08/02/2017 11:00,130.28,0.00032172
08/02/2017 11:05,130.28,0.00023134
08/02/2017 11:10,130.28,0
08/02/2017 11:15,130.28,0.00050248
08/02/2017 11:20,130.28,0.000774262
08/02/2017 11:25,130.28,0.000530362
08/02/2017 11:30,152,0.000549265
08/02/2017 11:35,152,0
08/02/2017 11:40,152,0
08/02/2017 11:45,152,0.000391505
08/02/2017 11:50,152,0.000740307
08/02/2017 11:55,152,0.000470048
08/02/2017 12:00,163.67,0.001523326
08/02/2017 12:05,163.67,0
08/02/2017 12:10,163.67,0.00051124
08/02/2017 12:15,163.67,0.001354957
08/02/2017 12:20,163.67,0.000300996
08/02/2017 12:25,163.67,8.47E-05
08/02/2017 12:30,185.01,0.000771485
08/02/2017 12:35,185.01,0.00045754
08/02/2017 12:40,185.01,0
08/02/2017 12:45,185.01,0.000951567
08/02/2017 12:50,185.01,0
08/02/2017 12:55,185.01,1.18E-05
08/02/2017 13:00,245.97,0
08/02/2017 13:05,245.97,0
08/02/2017 13:10,245.97,0.000981548
08/02/2017 13:15,245.97,0.000720124
08/02/2017 13:20,245.97,0
08/02/2017 13:25,245.97,0
08/02/2017 13:30,375.65,0
08/02/2017 13:35,375.65,0
08/02/2017 13:40,375.65,0
08/02/2017 13:45,375.65,0.00265221
08/02/2017 13:50,375.65,0.001062976
08/02/2017 13:55,375.65,0.000916907
08/02/2017 14:00,220.48,0.000414867
08/02/2017 14:05,220.48,0
08/02/2017 14:10,220.48,0
08/02/2017 14:15,220.48,0.001949857
08/02/2017 14:20,220.48,0
08/02/2017 14:25,220.48,1.30E-05
08/02/2017 14:30,308.33,0
08/02/2017 14:35,308.33,0.000405034
08/02/2017 14:40,308.33,0
08/02/2017 14:45,308.33,8.57E-05
08/02/2017 14:50,308.33,0
08/02/2017 14:55,308.33,0.000555851
08/02/2017 15:00,2619.6,0
08/02/2017 15:05,2619.6,0.000240825
08/02/2017 15:10,2619.6,0
08/02/2017 15:15,2619.6,0
08/02/2017 15:20,2619.6,0.000728761
08/02/2017 15:25,2619.6,0.000244002
08/02/2017 15:30,437.64,0.002280867
08/02/2017 15:35,437.64,0
08/02/2017 15:40,437.64,0.000662206
08/02/2017 15:45,437.64,0.000560704
08/02/2017 15:50,437.64,0
08/02/2017 15:55,437.64,0
08/02/2017 16:00,443.97,0
08/02/2017 16:05,443.97,0.001207595
08/02/2017 16:10,443.97,0
08/02/2017 16:15,443.97,0
08/02/2017 16:20,443.97,0
08/02/2017 16:25,443.97,0
08/02/2017 16:30,2481.99,0.00028379
08/02/2017 16:35,2481.99,0
08/02/2017 16:40,2481.99,0
08/02/2017 16:45,2481.99,0.001163886
08/02/2017 16:50,2481.99,0.000423162
08/02/2017 16:55,2481.99,0.000261935
08/02/2017 17:00,11141.35,0.001223846
08/02/2017 17:05,11141.35,0.000612348
08/02/2017 17:10,11141.35,0.000846038
08/02/2017 17:15,11141.35,0.001299331
08/02/2017 17:20,11141.35,0.002780023
08/02/2017 17:25,11141.35,0.001832393
08/02/2017 17:30,13160.01,0.001236331
08/02/2017 17:35,13160.01,0.003046788
08/02/2017 17:40,13160.01,0.001158566
08/02/2017 17:45,13160.01,0
08/02/2017 17:50,13160.01,0.000872096
08/02/2017 17:55,13160.01,0.000252023
08/02/2017 18:00,13440.01,0
08/02/2017 18:05,13440.01,0.00296699
08/02/2017 18:10,13440.01,0.000782707
08/02/2017 18:15,13440.01,0
08/02/2017 18:20,13440.01,0.000628204
08/02/2017 18:25,13440.01,0
08/02/2017 18:30,9387.38,0
08/02/2017 18:35,9387.38,0.000657313
08/02/2017 18:40,9387.38,0
08/02/2017 18:45,9387.38,0
08/02/2017 18:50,9387.38,0.00193764
08/02/2017 18:55,9387.38,0
08/02/2017 19:00,13400.01,0.001177665
08/02/2017 19:05,13400.01,0.001875927
08/02/2017 19:10,13400.01,0
08/02/2017 19:15,13400.01,0.001009026
08/02/2017 19:20,13400.01,0.001260216
08/02/2017 19:25,13400.01,0
08/02/2017 19:30,240.59,0.000275907
08/02/2017 19:35,240.59,0.000200109
08/02/2017 19:40,240.59,0.001475051
08/02/2017 19:45,240.59,0
08/02/2017 19:50,240.59,0
08/02/2017 19:55,240.59,0.000410682
08/02/2017 20:00,230.12,0
08/02/2017 20:05,230.12,0.001436377
08/02/2017 20:10,230.12,0
08/02/2017 20:15,230.12,0.000557141
08/02/2017 20:20,230.12,0.0008881
08/02/2017 20:25,230.12,0.000555362
08/02/2017 20:30,231.88,5.90E-05
08/02/2017 20:35,231.88,4.36E-05
08/02/2017 20:40,231.88,7.09E-05
08/02/2017 20:45,231.88,0
08/02/2017 20:50,231.88,0.000809706
08/02/2017 20:55,231.88,0.000676265
08/02/2017 21:00,185.36,0
08/02/2017 21:05,185.36,0.000531838
08/02/2017 21:10,185.36,0.000154588
08/02/2017 21:15,185.36,0
08/02/2017 21:20,185.36,0
08/02/2017 21:25,185.36,0
08/02/2017 21:30,237.71,3.89E-06
08/02/2017 21:35,237.71,0
08/02/2017 21:40,237.71,0.000201862
08/02/2017 21:45,237.71,0
08/02/2017 21:50,237.71,0
08/02/2017 21:55,237.71,0
08/02/2017 22:00,150.22,0.000107336
08/02/2017 22:05,150.22,0
08/02/2017 22:10,150.22,0
08/02/2017 22:15,150.22,0.000129265
08/02/2017 22:20,150.22,0.000323495
08/02/2017 22:25,150.22,0.000218622
08/02/2017 22:30,143.04,0
08/02/2017 22:35,143.04,0
08/02/2017 22:40,143.04,0
08/02/2017 22:45,143.04,0
08/02/2017 22:50,143.04,0
08/02/2017 22:55,143.04,0.000325626
08/02/2017 23:00,132.08,0.000736045
08/02/2017 23:05,132.08,0.000113538
08/02/2017 23:10,132.08,3.54E-06
08/02/2017 23:15,132.08,0
08/02/2017 23:20,132.08,9.33E-07
08/02/2017 23:25,132.08,0
08/02/2017 23:30,143.98,2.82E-05
08/02/2017 23:35,143.98,0.000773872
08/02/2017 23:40,143.98,0.002982721
08/02/2017 23:45,143.98,2.62E-05
08/02/2017 23:50,143.98,0
08/02/2017 23:55,143.98,0.001295575
09/02/2017 00:00,125.35,0.00255831
09/02/2017 00:05,125.35,0
09/02/2017 00:10,125.35,0.000482347
09/02/2017 00:15,125.35,0.000257306
09/02/2017 00:20,125.35,0
09/02/2017 00:25,125.35,4.60E-06
09/02/2017 00:30,120.05,9.89E-05
09/02/2017 00:35,120.05,0
09/02/2017 00:40,120.05,0
09/02/2017 00:45,120.05,0.000666086
09/02/2017 00:50,120.05,0.000206116
09/02/2017 00:55,120.05,0.002324134
09/02/2017 01:00,91.55,0
09/02/2017 01:05,91.55,0
09/02/2017 01:10,91.55,0.00010743
09/02/2017 01:15,91.55,4.36E-05
09/02/2017 01:20,91.55,0
09/02/2017 01:25,91.55,0.000235381
09/02/2017 01:30,111.99,0.000928995
09/02/2017 01:35,111.99,0.000274349
09/02/2017 01:40,111.99,0
09/02/2017 01:45,111.99,0.000308619
09/02/2017 01:50,111.99,0
09/02/2017 01:55,111.99,0
09/02/2017 02:00,107.97,0.000272767
09/02/2017 02:05,107.97,0.000369285
09/02/2017 02:10,107.97,0.000163227
09/02/2017 02:15,107.97,0
09/02/2017 02:20,107.97,1.37E-05
09/02/2017 02:25,107.97,6.37E-05
09/02/2017 02:30,115.42,0.000316789
09/02/2017 02:35,115.42,0
09/02/2017 02:40,115.42,0.000305304
09/02/2017 02:45,115.42,0.000161909
09/02/2017 02:50,115.42,0
09/02/2017 02:55,115.42,0.000176395
09/02/2017 03:00,132.72,0.00040473
09/02/2017 03:05,132.72,4.02E-05
09/02/2017 03:10,132.72,0
09/02/2017 03:15,132.72,0.000182899
09/02/2017 03:20,132.72,0.000847252
09/02/2017 03:25,132.72,0
09/02/2017 03:30,132.3,0.000370546
09/02/2017 03:35,132.3,0
09/02/2017 03:40,132.3,0
09/02/2017 03:45,132.3,0
09/02/2017 03:50,132.3,0
09/02/2017 03:55,132.3,0.000710709
09/02/2017 04:00,121.46,0.000195772
09/02/2017 04:05,121.46,0.00155566
09/02/2017 04:10,121.46,0.001385771
09/02/2017 04:15,121.46,0.000971363
09/02/2017 04:20,121.46,0
09/02/2017 04:25,121.46,0
09/02/2017 04:30,128.4,0
09/02/2017 04:35,128.4,3.78E-06
09/02/2017 04:40,128.4,0
09/02/2017 04:45,128.4,0
09/02/2017 04:50,128.4,7.57E-05
09/02/2017 04:55,128.4,0.000298074
09/02/2017 05:00,139.6,0
09/02/2017 05:05,139.6,0.001135638
09/02/2017 05:10,139.6,0.000820499
09/02/2017 05:15,139.6,0
09/02/2017 05:20,139.6,0.00025611
09/02/2017 05:25,139.6,0.000404737
09/02/2017 05:30,152.1,0
09/02/2017 05:35,152.1,0.000316105
09/02/2017 05:40,152.1,0.000971623
09/02/2017 05:45,152.1,0.000396605
09/02/2017 05:50,152.1,0.000298665
09/02/2017 05:55,152.1,0
09/02/2017 06:00,162.28,0
09/02/2017 06:05,162.28,0
09/02/2017 06:10,162.28,0.001146352
09/02/2017 06:15,162.28,0.000388192
09/02/2017 06:20,162.28,0
09/02/2017 06:25,162.28,0.000940303
09/02/2017 06:30,350.1,0.000361887
09/02/2017 06:35,350.1,0.000517072
09/02/2017 06:40,350.1,0
09/02/2017 06:45,350.1,0.000431529
09/02/2017 06:50,350.1,0.000196
09/02/2017 06:55,350.1,0.000402909
09/02/2017 07:00,215.76,0.004682348
09/02/2017 07:05,215.76,0.002079708
09/02/2017 07:10,215.76,0
09/02/2017 07:15,215.76,0.000477412
09/02/2017 07:20,215.76,0
09/02/2017 07:25,215.76,0.000438729
09/02/2017 07:30,160.16,0.000721153
09/02/2017 07:35,160.16,0.001241349
09/02/2017 07:40,160.16,0
09/02/2017 07:45,160.16,8.89E-05
09/02/2017 07:50,160.16,0
09/02/2017 07:55,160.16,0.000561031
09/02/2017 08:00,256.37,0
09/02/2017 08:05,256.37,0
09/02/2017 08:10,256.37,0
09/02/2017 08:15,256.37,0.000121055
09/02/2017 08:20,256.37,0
09/02/2017 08:25,256.37,0
09/02/2017 08:30,317.15,0
09/02/2017 08:35,317.15,0
09/02/2017 08:40,317.15,0
09/02/2017 08:45,317.15,0
09/02/2017 08:50,317.15,0.000565507
09/02/2017 08:55,317.15,3.41E-05
09/02/2017 09:00,336.05,0
09/02/2017 09:05,336.05,0
09/02/2017 09:10,336.05,0
09/02/2017 09:15,336.05,0.000221881
09/02/2017 09:20,336.05,0
09/02/2017 09:25,336.05,0
09/02/2017 09:30,165.34,0.000291477
09/02/2017 09:35,165.34,6.88E-05
09/02/2017 09:40,165.34,0.000210541
09/02/2017 09:45,165.34,6.71E-05
09/02/2017 09:50,165.34,0
09/02/2017 09:55,165.34,0
09/02/2017 10:00,320.72,0
09/02/2017 10:05,320.72,0.000379956
09/02/2017 10:10,320.72,0.000213354
09/02/2017 10:15,320.72,0.00065768
09/02/2017 10:20,320.72,6.33E-05
09/02/2017 10:25,320.72,0
09/02/2017 10:30,427.02,5.76E-06
09/02/2017 10:35,427.02,0.000143378
09/02/2017 10:40,427.02,0.000346649
09/02/2017 10:45,427.02,0
09/02/2017 10:50,427.02,0
09/02/2017 10:55,427.02,0.000372473
09/02/2017 11:00,423.25,0
09/02/2017 11:05,423.25,0
09/02/2017 11:10,423.25,0.002010723
09/02/2017 11:15,423.25,0
09/02/2017 11:20,423.25,0
09/02/2017 11:25,423.25,0.0020399
09/02/2017 11:30,362.87,0.000824732
09/02/2017 11:35,362.87,0
09/02/2017 11:40,362.87,7.70E-05
09/02/2017 11:45,362.87,0
09/02/2017 11:50,362.87,0.000532922
09/02/2017 11:55,362.87,0
09/02/2017 12:00,337.7,0
09/02/2017 12:05,337.7,0.000131583
09/02/2017 12:10,337.7,0.000316609
09/02/2017 12:15,337.7,0
09/02/2017 12:20,337.7,0
09/02/2017 12:25,337.7,0
09/02/2017 12:30,338.8,0.000150139
09/02/2017 12:35,338.8,0
09/02/2017 12:40,338.8,0.000656203
09/02/2017 12:45,338.8,0.000191792
09/02/2017 12:50,338.8,0.0001434
09/02/2017 12:55,338.8,0
09/02/2017 13:00,349.83,0
09/02/2017 13:05,349.83,0
09/02/2017 13:10,349.83,0
09/02/2017 13:15,349.83,0
09/02/2017 13:20,349.83,0
09/02/2017 13:25,349.83,0
09/02/2017 13:30,350.74,0.001281874
09/02/2017 13:35,350.74,0.00019167
09/02/2017 13:40,350.74,0.000143984
09/02/2017 13:45,350.74,0
09/02/2017 13:50,350.74,0.001077741
09/02/2017 13:55,350.74,0.001149805
09/02/2017 14:00,267.81,0
09/02/2017 14:05,267.81,0.000286177
09/02/2017 14:10,267.81,0.001059565
09/02/2017 14:15,267.81,0
09/02/2017 14:20,267.81,0
09/02/2017 14:25,267.81,0.001165614
09/02/2017 14:30,266.7,0
09/02/2017 14:35,266.7,0.000433805
09/02/2017 14:40,266.7,0.001175016
09/02/2017 14:45,266.7,0.000233741
09/02/2017 14:50,266.7,0.00011409
09/02/2017 14:55,266.7,0.001042894
09/02/2017 15:00,299.8,0.000720731
09/02/2017 15:05,299.8,0.000252427
09/02/2017 15:10,299.8,0.000239162
09/02/2017 15:15,299.8,0
09/02/2017 15:20,299.8,0.001244109
09/02/2017 15:25,299.8,0
09/02/2017 15:30,285.32,0.002163764
09/02/2017 15:35,285.32,0.000515548
09/02/2017 15:40,285.32,0.000311406
09/02/2017 15:45,285.32,0
09/02/2017 15:50,285.32,0
09/02/2017 15:55,285.32,0.000801043
09/02/2017 16:00,2481.17,0.001202913
09/02/2017 16:05,2481.17,0
09/02/2017 16:10,2481.17,0
09/02/2017 16:15,2481.17,0.000273594
09/02/2017 16:20,2481.17,6.00E-05
09/02/2017 16:25,2481.17,0
09/02/2017 16:30,6755,0.001366394
09/02/2017 16:35,6755,0.000869927
09/02/2017 16:40,6755,0.001236911
09/02/2017 16:45,6755,0.000333451
09/02/2017 16:50,6755,0.001779417
09/02/2017 16:55,6755,0.00183606
09/02/2017 17:00,8957.71,0.00099594
09/02/2017 17:05,8957.71,0.000793297
09/02/2017 17:10,8957.71,0
09/02/2017 17:15,8957.71,0.001579104
09/02/2017 17:20,8957.71,0.001807677
09/02/2017 17:25,8957.71,0.000714171
09/02/2017 17:30,132.72,0
09/02/2017 17:35,132.72,0
09/02/2017 17:40,132.72,0
09/02/2017 17:45,132.72,0.000746543
09/02/2017 17:50,132.72,0.001505755
09/02/2017 17:55,132.72,0
09/02/2017 18:00,9509.52,0.003725294
09/02/2017 18:05,9509.52,0.001771884
09/02/2017 18:10,9509.52,0.001012511
09/02/2017 18:15,9509.52,0.0025831
09/02/2017 18:20,9509.52,0.000875488
09/02/2017 18:25,9509.52,0.000894991
09/02/2017 18:30,412.69,0
09/02/2017 18:35,412.69,0.000821881
09/02/2017 18:40,412.69,0
09/02/2017 18:45,412.69,0.001404171
09/02/2017 18:50,412.69,0.000137776
09/02/2017 18:55,412.69,0
09/02/2017 19:00,579.7,0
09/02/2017 19:05,579.7,0
09/02/2017 19:10,579.7,0.000253907
09/02/2017 19:15,579.7,2.09E-05
09/02/2017 19:20,579.7,0.000701044
09/02/2017 19:25,579.7,0
09/02/2017 19:30,232.69,0
09/02/2017 19:35,232.69,0.000269173
09/02/2017 19:40,232.69,0.000332554
09/02/2017 19:45,232.69,0
09/02/2017 19:50,232.69,0.000550919
09/02/2017 19:55,232.69,0
09/02/2017 20:00,187.65,0.000791368
09/02/2017 20:05,187.65,0.00025123
09/02/2017 20:10,187.65,0.00030531
09/02/2017 20:15,187.65,0.000812431
09/02/2017 20:20,187.65,0.001065128
09/02/2017 20:25,187.65,0
09/02/2017 20:30,190.21,0.000243595
09/02/2017 20:35,190.21,0
09/02/2017 20:40,190.21,0.000317637
09/02/2017 20:45,190.21,8.91E-05
09/02/2017 20:50,190.21,0
09/02/2017 20:55,190.21,0.0005633
09/02/2017 21:00,254.4,0
09/02/2017 21:05,254.4,0.000654285
09/02/2017 21:10,254.4,0.00061219
09/02/2017 21:15,254.4,0.000819151
09/02/2017 21:20,254.4,0
09/02/2017 21:25,254.4,0.000298776
09/02/2017 21:30,124.99,0.001502731
09/02/2017 21:35,124.99,0.000237557
09/02/2017 21:40,124.99,0.000454845
09/02/2017 21:45,124.99,0.000689955
09/02/2017 21:50,124.99,0
09/02/2017 21:55,124.99,0.000661966
09/02/2017 22:00,182.62,0
09/02/2017 22:05,182.62,0.000278108
09/02/2017 22:10,182.62,0.000248848
09/02/2017 22:15,182.62,0.000141181
09/02/2017 22:20,182.62,0.000712701
09/02/2017 22:25,182.62,0.000267124
09/02/2017 22:30,198.36,0
09/02/2017 22:35,198.36,0.000508014
09/02/2017 22:40,198.36,0.000231297
09/02/2017 22:45,198.36,0
09/02/2017 22:50,198.36,0
09/02/2017 22:55,198.36,0.000970791
09/02/2017 23:00,126.11,0.000460706
09/02/2017 23:05,126.11,0.000111543
09/02/2017 23:10,126.11,0
09/02/2017 23:15,126.11,0
09/02/2017 23:20,126.11,1.26E-06
09/02/2017 23:25,126.11,0
09/02/2017 23:30,106.27,0
09/02/2017 23:35,106.27,0
09/02/2017 23:40,106.27,0.000384837
09/02/2017 23:45,106.27,2.08E-05
09/02/2017 23:50,106.27,0.000746091
09/02/2017 23:55,106.27,0
10/02/2017 00:00,104.9,0.000169303
10/02/2017 00:05,104.9,0
10/02/2017 00:10,104.9,0
10/02/2017 00:15,104.9,0.000892315
10/02/2017 00:20,104.9,0
10/02/2017 00:25,104.9,0.000618431
10/02/2017 00:30,127.82,0
10/02/2017 00:35,127.82,0
10/02/2017 00:40,127.82,0
10/02/2017 00:45,127.82,0
10/02/2017 00:50,127.82,0.00013189
10/02/2017 00:55,127.82,0
10/02/2017 01:00,154.88,0.000721356
10/02/2017 01:05,154.88,0
10/02/2017 01:10,154.88,0
10/02/2017 01:15,154.88,0.000147082
10/02/2017 01:20,154.88,0
10/02/2017 01:25,154.88,4.99E-06
10/02/2017 01:30,189.62,0.000951129
10/02/2017 01:35,189.62,0.001218623
10/02/2017 01:40,189.62,0.000393917
10/02/2017 01:45,189.62,0.000620418
10/02/2017 01:50,189.62,0
10/02/2017 01:55,189.62,0
10/02/2017 02:00,164.93,0.00038423
10/02/2017 02:05,164.93,0
10/02/2017 02:10,164.93,0.000422862
10/02/2017 02:15,164.93,0
10/02/2017 02:20,164.93,0
10/02/2017 02:25,164.93,0
10/02/2017 02:30,127.03,0.000233037
10/02/2017 02:35,127.03,7.37E-05
10/02/2017 02:40,127.03,9.72E-05
10/02/2017 02:45,127.03,0.000346306
10/02/2017 02:50,127.03,0
10/02/2017 02:55,127.03,0.000341503
10/02/2017 03:00,116.92,0.000326549
10/02/2017 03:05,116.92,1.08E-05
10/02/2017 03:10,116.92,8.98E-05
10/02/2017 03:15,116.92,7.69E-05
10/02/2017 03:20,116.92,0
10/02/2017 03:25,116.92,0
10/02/2017 03:30,116.66,0.000102602
10/02/2017 03:35,116.66,0
10/02/2017 03:40,116.66,0.000532828
10/02/2017 03:45,116.66,1.59E-05
10/02/2017 03:50,116.66,0.000638239
10/02/2017 03:55,116.66,0
10/02/2017 04:00,139.22,0.001728327
10/02/2017 04:05,139.22,0.000241641
10/02/2017 04:10,139.22,0.001231452
10/02/2017 04:15,139.22,0.000766866
10/02/2017 04:20,139.22,9.22E-05
10/02/2017 04:25,139.22,0
10/02/2017 04:30,103.88,0
10/02/2017 04:35,103.88,3.11E-05
10/02/2017 04:40,103.88,0
10/02/2017 04:45,103.88,0
10/02/2017 04:50,103.88,0
10/02/2017 04:55,103.88,0
10/02/2017 05:00,145.66,0
10/02/2017 05:05,145.66,0.00125844
10/02/2017 05:10,145.66,0.000956086
10/02/2017 05:15,145.66,0
10/02/2017 05:20,145.66,0.000597675
10/02/2017 05:25,145.66,0
10/02/2017 05:30,149.5,0.000190543
10/02/2017 05:35,149.5,0
10/02/2017 05:40,149.5,0
10/02/2017 05:45,149.5,0.000240359
10/02/2017 05:50,149.5,0
10/02/2017 05:55,149.5,9.35E-06
10/02/2017 06:00,183.36,0.000706814
10/02/2017 06:05,183.36,0.000891034
10/02/2017 06:10,183.36,0.000257532
10/02/2017 06:15,183.36,0
10/02/2017 06:20,183.36,0
10/02/2017 06:25,183.36,0.00061701
10/02/2017 06:30,232.7,0.000685708
10/02/2017 06:35,232.7,0.001678519
10/02/2017 06:40,232.7,0.000628502
10/02/2017 06:45,232.7,0.000646959
10/02/2017 06:50,232.7,0.000206174
10/02/2017 06:55,232.7,0
10/02/2017 07:00,137.31,0.001555613
10/02/2017 07:05,137.31,0.001571983
10/02/2017 07:10,137.31,0.000378057
10/02/2017 07:15,137.31,6.04E-05
10/02/2017 07:20,137.31,0
10/02/2017 07:25,137.31,0.000669568
10/02/2017 07:30,144.32,0.000526751
10/02/2017 07:35,144.32,0.001170196
10/02/2017 07:40,144.32,0.000477488
10/02/2017 07:45,144.32,0.000491124
10/02/2017 07:50,144.32,0.000302087
10/02/2017 07:55,144.32,0.000453286
10/02/2017 08:00,280.06,0
10/02/2017 08:05,280.06,0.000184672
10/02/2017 08:10,280.06,0.000302134
10/02/2017 08:15,280.06,0
10/02/2017 08:20,280.06,0
10/02/2017 08:25,280.06,0.000362548
10/02/2017 08:30,188.21,7.80E-05
10/02/2017 08:35,188.21,2.95E-05
10/02/2017 08:40,188.21,9.72E-06
10/02/2017 08:45,188.21,0.000142722
10/02/2017 08:50,188.21,0
10/02/2017 08:55,188.21,0.000129577
10/02/2017 09:00,237,0
10/02/2017 09:05,237,0.000211344
10/02/2017 09:10,237,0.000337969
10/02/2017 09:15,237,3.51E-05
10/02/2017 09:20,237,0
10/02/2017 09:25,237,0
10/02/2017 09:30,200.1,4.31E-05
10/02/2017 09:35,200.1,0
10/02/2017 09:40,200.1,0
10/02/2017 09:45,200.1,0
10/02/2017 09:50,200.1,0
10/02/2017 09:55,200.1,0
10/02/2017 10:00,251.32,0
10/02/2017 10:05,251.32,0.000200928
10/02/2017 10:10,251.32,0
10/02/2017 10:15,251.32,0.000863859
10/02/2017 10:20,251.32,0
10/02/2017 10:25,251.32,0.00025801
10/02/2017 10:30,408.24,0.000227984
10/02/2017 10:35,408.24,0.00026636
10/02/2017 10:40,408.24,0
10/02/2017 10:45,408.24,0.001579511
10/02/2017 10:50,408.24,0.000470031
10/02/2017 10:55,408.24,0.000500834
10/02/2017 11:00,573.89,0
10/02/2017 11:05,573.89,0
10/02/2017 11:10,573.89,0
10/02/2017 11:15,573.89,0
10/02/2017 11:20,573.89,0.000456179
10/02/2017 11:25,573.89,0
10/02/2017 11:30,425.56,0.000488421
10/02/2017 11:35,425.56,0.000295029
10/02/2017 11:40,425.56,0.001300578
10/02/2017 11:45,425.56,0.000944484
10/02/2017 11:50,425.56,0.001395121
10/02/2017 11:55,425.56,0.000405308
10/02/2017 12:00,237.66,0.001009716
10/02/2017 12:05,237.66,0.000634246
10/02/2017 12:10,237.66,0.000122085
10/02/2017 12:15,237.66,0
10/02/2017 12:20,237.66,0.000320379
10/02/2017 12:25,237.66,0.000285352
10/02/2017 12:30,341.1,0.001204
10/02/2017 12:35,341.1,0
10/02/2017 12:40,341.1,0.001887072
10/02/2017 12:45,341.1,0
10/02/2017 12:50,341.1,0
10/02/2017 12:55,341.1,1.05E-05
10/02/2017 13:00,311.66,1.89E-05
10/02/2017 13:05,311.66,0.000255065
10/02/2017 13:10,311.66,0
10/02/2017 13:15,311.66,0
10/02/2017 13:20,311.66,0
10/02/2017 13:25,311.66,0
10/02/2017 13:30,900.2,0.000624622
10/02/2017 13:35,900.2,0
10/02/2017 13:40,900.2,0.000432838
10/02/2017 13:45,900.2,0
10/02/2017 13:50,900.2,0.000187386
10/02/2017 13:55,900.2,0.000646669
10/02/2017 14:00,291.01,0.000545094
10/02/2017 14:05,291.01,0.000331788
10/02/2017 14:10,291.01,0.000750748
10/02/2017 14:15,291.01,0.000461615
10/02/2017 14:20,291.01,0.000792647
10/02/2017 14:25,291.01,0.000341154
10/02/2017 14:30,258.14,0.000119035
10/02/2017 14:35,258.14,0.00123247
10/02/2017 14:40,258.14,0.002582968
10/02/2017 14:45,258.14,0.000362269
10/02/2017 14:50,258.14,0.00070884
10/02/2017 14:55,258.14,0
10/02/2017 15:00,2112.8,0
10/02/2017 15:05,2112.8,0
10/02/2017 15:10,2112.8,0.000292399
10/02/2017 15:15,2112.8,0
10/02/2017 15:20,2112.8,0
10/02/2017 15:25,2112.8,0
10/02/2017 15:30,1945.88,0.000900577
10/02/2017 15:35,1945.88,0.00130727
10/02/2017 15:40,1945.88,0
10/02/2017 15:45,1945.88,0.000738042
10/02/2017 15:50,1945.88,0.001072787
10/02/2017 15:55,1945.88,0
10/02/2017 16:00,1389.91,0
10/02/2017 16:05,1389.91,0.00271192
10/02/2017 16:10,1389.91,0.002803405
10/02/2017 16:15,1389.91,0.002372499
10/02/2017 16:20,1389.91,0
10/02/2017 16:25,1389.91,0
10/02/2017 16:30,442.32,0.001588685
10/02/2017 16:35,442.32,0.000853195
10/02/2017 16:40,442.32,0
10/02/2017 16:45,442.32,0
10/02/2017 16:50,442.32,0.001345747
10/02/2017 16:55,442.32,0.00089888
10/02/2017 17:00,358.8,0.001631932
10/02/2017 17:05,358.8,0.000643699
10/02/2017 17:10,358.8,0
10/02/2017 17:15,358.8,0
10/02/2017 17:20,358.8,0.002243127
10/02/2017 17:25,358.8,0
10/02/2017 17:30,1998.64,0.001894336
10/02/2017 17:35,1998.64,0.002255384
10/02/2017 17:40,1998.64,0.000280246
10/02/2017 17:45,1998.64,0
10/02/2017 17:50,1998.64,0.000848083
10/02/2017 17:55,1998.64,0.001119226
10/02/2017 18:00,398.14,0
10/02/2017 18:05,398.14,0
10/02/2017 18:10,398.14,0.000979518
10/02/2017 18:15,398.14,0.002331238
10/02/2017 18:20,398.14,0.001126584
10/02/2017 18:25,398.14,7.78E-05
10/02/2017 18:30,333.83,0
10/02/2017 18:35,333.83,0.001128249
10/02/2017 18:40,333.83,0.001128886
10/02/2017 18:45,333.83,0.002427332
10/02/2017 18:50,333.83,0.000412812
10/02/2017 18:55,333.83,0.000750419
10/02/2017 19:00,284.36,0
10/02/2017 19:05,284.36,0
10/02/2017 19:10,284.36,0
10/02/2017 19:15,284.36,0
10/02/2017 19:20,284.36,0.000222631
10/02/2017 19:25,284.36,0
10/02/2017 19:30,300.29,0
10/02/2017 19:35,300.29,0.001578238
10/02/2017 19:40,300.29,0
10/02/2017 19:45,300.29,0.000680787
10/02/2017 19:50,300.29,0.000449107
10/02/2017 19:55,300.29,0.000188103
10/02/2017 20:00,268.5,0
10/02/2017 20:05,268.5,0
10/02/2017 20:10,268.5,0
10/02/2017 20:15,268.5,0.000455924
10/02/2017 20:20,268.5,0
10/02/2017 20:25,268.5,0.000851102
10/02/2017 20:30,271.31,0.000208757
10/02/2017 20:35,271.31,0
10/02/2017 20:40,271.31,0
10/02/2017 20:45,271.31,0
10/02/2017 20:50,271.31,0
10/02/2017 20:55,271.31,0.000100345
10/02/2017 21:00,303.19,0
10/02/2017 21:05,303.19,0.000825179
10/02/2017 21:10,303.19,0.00081849
10/02/2017 21:15,303.19,0
10/02/2017 21:20,303.19,0.000871556
10/02/2017 21:25,303.19,0
10/02/2017 21:30,220.17,0
10/02/2017 21:35,220.17,0
10/02/2017 21:40,220.17,7.20E-05
10/02/2017 21:45,220.17,0
10/02/2017 21:50,220.17,0
10/02/2017 21:55,220.17,0.000135305
10/02/2017 22:00,320.36,0
10/02/2017 22:05,320.36,0
10/02/2017 22:10,320.36,0
10/02/2017 22:15,320.36,0
10/02/2017 22:20,320.36,0.000430999
10/02/2017 22:25,320.36,9.95E-05
10/02/2017 22:30,252.09,0
10/02/2017 22:35,252.09,0
10/02/2017 22:40,252.09,0
10/02/2017 22:45,252.09,0
10/02/2017 22:50,252.09,0
10/02/2017 22:55,252.09,0
10/02/2017 23:00,196.34,0.001532924
10/02/2017 23:05,196.34,5.23E-05
10/02/2017 23:10,196.34,5.19E-06
10/02/2017 23:15,196.34,0
10/02/2017 23:20,196.34,1.00E-06
10/02/2017 23:25,196.34,0
10/02/2017 23:30,177.41,7.74E-07
10/02/2017 23:35,177.41,0
10/02/2017 23:40,177.41,0
10/02/2017 23:45,177.41,0
10/02/2017 23:50,177.41,0
10/02/2017 23:55,177.41,0.000850499
11/02/2017 00:00,124.88,0.000271482
11/02/2017 00:05,124.88,0.000335935
11/02/2017 00:10,124.88,0
11/02/2017 00:15,124.88,0.000276809
11/02/2017 00:20,124.88,6.06E-05
11/02/2017 00:25,124.88,0.000420703
11/02/2017 00:30,150.51,0.000711103
11/02/2017 00:35,150.51,0.000397454
11/02/2017 00:40,150.51,0
11/02/2017 00:45,150.51,2.55E-05
11/02/2017 00:50,150.51,0
11/02/2017 00:55,150.51,4.05E-05
11/02/2017 01:00,171.86,0
11/02/2017 01:05,171.86,5.51E-05
11/02/2017 01:10,171.86,0.000108406
11/02/2017 01:15,171.86,0.000215466
11/02/2017 01:20,171.86,0
11/02/2017 01:25,171.86,0
11/02/2017 01:30,199.99,0.00081867
11/02/2017 01:35,199.99,0
11/02/2017 01:40,199.99,0.000914464
11/02/2017 01:45,199.99,0
11/02/2017 01:50,199.99,0
11/02/2017 01:55,199.99,0
11/02/2017 02:00,188,0.000137031
11/02/2017 02:05,188,0
11/02/2017 02:10,188,0.000550202
11/02/2017 02:15,188,0
11/02/2017 02:20,188,0
11/02/2017 02:25,188,0.000188331
11/02/2017 02:30,192.87,0
11/02/2017 02:35,192.87,0
11/02/2017 02:40,192.87,0.000235171
11/02/2017 02:45,192.87,1.21E-05
11/02/2017 02:50,192.87,0.000298432
11/02/2017 02:55,192.87,0.000254945
11/02/2017 03:00,143.05,0.000198106
11/02/2017 03:05,143.05,0.000474821
11/02/2017 03:10,143.05,0.000161952
11/02/2017 03:15,143.05,0.000113426
11/02/2017 03:20,143.05,0
11/02/2017 03:25,143.05,0
11/02/2017 03:30,112.53,9.12E-05
11/02/2017 03:35,112.53,0.000451544
11/02/2017 03:40,112.53,3.98E-05
11/02/2017 03:45,112.53,0.00179059
11/02/2017 03:50,112.53,0
11/02/2017 03:55,112.53,0
11/02/2017 04:00,134.73,0
11/02/2017 04:05,134.73,0.00092183
11/02/2017 04:10,134.73,0
11/02/2017 04:15,134.73,0
11/02/2017 04:20,134.73,0.000290338
11/02/2017 04:25,134.73,0.000112631
11/02/2017 04:30,111.17,0
11/02/2017 04:35,111.17,0.00014711
11/02/2017 04:40,111.17,0
11/02/2017 04:45,111.17,0
11/02/2017 04:50,111.17,5.03E-05
11/02/2017 04:55,111.17,0.000162236
11/02/2017 05:00,111.31,0
11/02/2017 05:05,111.31,3.47E-05
11/02/2017 05:10,111.31,0.002287132
11/02/2017 05:15,111.31,0
11/02/2017 05:20,111.31,0.00096669
11/02/2017 05:25,111.31,0.000197642
11/02/2017 05:30,87.82,0
11/02/2017 05:35,87.82,6.84E-05
11/02/2017 05:40,87.82,0.000439285
11/02/2017 05:45,87.82,0.000141867
11/02/2017 05:50,87.82,0.000269191
11/02/2017 05:55,87.82,0.000719505
11/02/2017 06:00,95.52,0
11/02/2017 06:05,95.52,0.000157983
11/02/2017 06:10,95.52,0.000711035
11/02/2017 06:15,95.52,0
11/02/2017 06:20,95.52,0.000394026
11/02/2017 06:25,95.52,0.00117236
11/02/2017 06:30,116.19,0.001526989
11/02/2017 06:35,116.19,0.001399706
11/02/2017 06:40,116.19,0
11/02/2017 06:45,116.19,0.001698784
11/02/2017 06:50,116.19,0.000307216
11/02/2017 06:55,116.19,0.00059091
11/02/2017 07:00,141.63,0.002447609
11/02/2017 07:05,141.63,0
11/02/2017 07:10,141.63,0.000669496
11/02/2017 07:15,141.63,0.000276681
11/02/2017 07:20,141.63,0.00029276
11/02/2017 07:25,141.63,0.000181458
11/02/2017 07:30,126.69,0
11/02/2017 07:35,126.69,0.00045176
11/02/2017 07:40,126.69,0.001358128
11/02/2017 07:45,126.69,0
11/02/2017 07:50,126.69,0.000512665
11/02/2017 07:55,126.69,8.61E-06
11/02/2017 08:00,149.55,0
11/02/2017 08:05,149.55,0.000459802
11/02/2017 08:10,149.55,0.00019673
11/02/2017 08:15,149.55,0
11/02/2017 08:20,149.55,0.000983043
11/02/2017 08:25,149.55,0.000424936
11/02/2017 08:30,170.5,0
11/02/2017 08:35,170.5,0.000246853
11/02/2017 08:40,170.5,0
11/02/2017 08:45,170.5,9.86E-05
11/02/2017 08:50,170.5,0
11/02/2017 08:55,170.5,0
11/02/2017 09:00,173.94,0
11/02/2017 09:05,173.94,0
11/02/2017 09:10,173.94,0
11/02/2017 09:15,173.94,0
11/02/2017 09:20,173.94,0
11/02/2017 09:25,173.94,0.000173562
11/02/2017 09:30,219.97,0
11/02/2017 09:35,219.97,3.88E-05
11/02/2017 09:40,219.97,0.00026907
11/02/2017 09:45,219.97,0.000101406
11/02/2017 09:50,219.97,0
11/02/2017 09:55,219.97,0
11/02/2017 10:00,219.76,0
11/02/2017 10:05,219.76,0.000656552
11/02/2017 10:10,219.76,0.001038281
11/02/2017 10:15,219.76,0
11/02/2017 10:20,219.76,0
11/02/2017 10:25,219.76,0
11/02/2017 10:30,242.64,0
11/02/2017 10:35,242.64,7.16E-05
11/02/2017 10:40,242.64,0.001907848
11/02/2017 10:45,242.64,0.000901675
11/02/2017 10:50,242.64,0
11/02/2017 10:55,242.64,0
11/02/2017 11:00,190,0
11/02/2017 11:05,190,0
11/02/2017 11:10,190,0.00018886
11/02/2017 11:15,190,0.000679992
11/02/2017 11:20,190,0
11/02/2017 11:25,190,0
11/02/2017 11:30,136.05,0.001174469
11/02/2017 11:35,136.05,0.000931943
11/02/2017 11:40,136.05,7.54E-05
11/02/2017 11:45,136.05,0.000213503
11/02/2017 11:50,136.05,0
11/02/2017 11:55,136.05,0.000227247
11/02/2017 12:00,98.96,0.001002838
11/02/2017 12:05,98.96,4.86E-05
11/02/2017 12:10,98.96,0.000251201
11/02/2017 12:15,98.96,0
11/02/2017 12:20,98.96,0.00041171
11/02/2017 12:25,98.96,0
11/02/2017 12:30,77.61,0
11/02/2017 12:35,77.61,0.000944483
11/02/2017 12:40,77.61,0.000286377
11/02/2017 12:45,77.61,0
11/02/2017 12:50,77.61,0
11/02/2017 12:55,77.61,0
11/02/2017 13:00,88.44,0
11/02/2017 13:05,88.44,3.64E-05
11/02/2017 13:10,88.44,0
11/02/2017 13:15,88.44,0
11/02/2017 13:20,88.44,0
11/02/2017 13:25,88.44,0
11/02/2017 13:30,117.26,0.000614567
11/02/2017 13:35,117.26,0.000367303
11/02/2017 13:40,117.26,7.73E-05
11/02/2017 13:45,117.26,0.001357773
11/02/2017 13:50,117.26,0
11/02/2017 13:55,117.26,0
11/02/2017 14:00,124.94,0.00188187
11/02/2017 14:05,124.94,0.001496463
11/02/2017 14:10,124.94,0.00052519
11/02/2017 14:15,124.94,0
11/02/2017 14:20,124.94,0.000677641
11/02/2017 14:25,124.94,0.0016605
11/02/2017 14:30,107.34,0
11/02/2017 14:35,107.34,6.84E-05
11/02/2017 14:40,107.34,0
11/02/2017 14:45,107.34,0.000727222
11/02/2017 14:50,107.34,0
11/02/2017 14:55,107.34,0.000911151
11/02/2017 15:00,69.24,0.000750565
11/02/2017 15:05,69.24,0.000129536
11/02/2017 15:10,69.24,0
11/02/2017 15:15,69.24,0.001565141
11/02/2017 15:20,69.24,0.000735713
11/02/2017 15:25,69.24,0.000646058
11/02/2017 15:30,119.66,0.00011525
11/02/2017 15:35,119.66,0.001879547
11/02/2017 15:40,119.66,0.001320153
11/02/2017 15:45,119.66,0.000519106
11/02/2017 15:50,119.66,0.000214912
11/02/2017 15:55,119.66,0
11/02/2017 16:00,124.99,0.002967504
11/02/2017 16:05,124.99,0.000437564
11/02/2017 16:10,124.99,0.00063794
11/02/2017 16:15,124.99,0
11/02/2017 16:20,124.99,0.001655031
11/02/2017 16:25,124.99,0
11/02/2017 16:30,124.99,0
11/02/2017 16:35,124.99,0.001066434
11/02/2017 16:40,124.99,0
11/02/2017 16:45,124.99,0.001941759
11/02/2017 16:50,124.99,0
11/02/2017 16:55,124.99,0.000354429
11/02/2017 17:00,127.61,0.00046333
11/02/2017 17:05,127.61,0
11/02/2017 17:10,127.61,0.001453026
11/02/2017 17:15,127.61,0
11/02/2017 17:20,127.61,0
11/02/2017 17:25,127.61,0.000747615
11/02/2017 17:30,116.95,0
11/02/2017 17:35,116.95,0.001258041
11/02/2017 17:40,116.95,0.002780019
11/02/2017 17:45,116.95,1.68E-06
11/02/2017 17:50,116.95,0.000275589
11/02/2017 17:55,116.95,0.001770212
11/02/2017 18:00,124.94,0
11/02/2017 18:05,124.94,0.000106359
11/02/2017 18:10,124.94,0
11/02/2017 18:15,124.94,1.00E-05
11/02/2017 18:20,124.94,0.001313006
11/02/2017 18:25,124.94,0.000804718
11/02/2017 18:30,97.89,0.003023806
11/02/2017 18:35,97.89,0
11/02/2017 18:40,97.89,0
11/02/2017 18:45,97.89,0.000508137
11/02/2017 18:50,97.89,0.000679044
11/02/2017 18:55,97.89,0.000176872
11/02/2017 19:00,124.99,0.00104462
11/02/2017 19:05,124.99,0.001079526
11/02/2017 19:10,124.99,0
11/02/2017 19:15,124.99,0.000108764
11/02/2017 19:20,124.99,0.000613049
11/02/2017 19:25,124.99,0.001001397
11/02/2017 19:30,124.99,0.000883444
11/02/2017 19:35,124.99,0.001166807
11/02/2017 19:40,124.99,0
11/02/2017 19:45,124.99,0.001475263
11/02/2017 19:50,124.99,0
11/02/2017 19:55,124.99,0.001426797
11/02/2017 20:00,71.52,0
11/02/2017 20:05,71.52,0
11/02/2017 20:10,71.52,0.001363754
11/02/2017 20:15,71.52,0.001390837
11/02/2017 20:20,71.52,0
11/02/2017 20:25,71.52,0.001074872
11/02/2017 20:30,18.23,0.000161793
11/02/2017 20:35,18.23,0
11/02/2017 20:40,18.23,0.000138672
11/02/2017 20:45,18.23,0.000206613
11/02/2017 20:50,18.23,0
11/02/2017 20:55,18.23,0.001050122
11/02/2017 21:00,65.79,0.000409427
11/02/2017 21:05,65.79,0
11/02/2017 21:10,65.79,0.000299904
11/02/2017 21:15,65.79,0.000175925
11/02/2017 21:20,65.79,0
11/02/2017 21:25,65.79,0
11/02/2017 21:30,79.82,0.000572858
11/02/2017 21:35,79.82,0.000198334
11/02/2017 21:40,79.82,0.000397534
11/02/2017 21:45,79.82,0.000122783
11/02/2017 21:50,79.82,0.000488328
11/02/2017 21:55,79.82,0
11/02/2017 22:00,77.81,0.000159768
11/02/2017 22:05,77.81,0
11/02/2017 22:10,77.81,1.19E-05
11/02/2017 22:15,77.81,0.000136065
11/02/2017 22:20,77.81,0.000184176
11/02/2017 22:25,77.81,0
11/02/2017 22:30,158.5,9.65E-05
11/02/2017 22:35,158.5,0.000368926
11/02/2017 22:40,158.5,0.000454528
11/02/2017 22:45,158.5,0
11/02/2017 22:50,158.5,0.000131798
11/02/2017 22:55,158.5,0.000387704
11/02/2017 23:00,173.64,0.001692456
11/02/2017 23:05,173.64,5.56E-05
11/02/2017 23:10,173.64,0
11/02/2017 23:15,173.64,0
11/02/2017 23:20,173.64,0
11/02/2017 23:25,173.64,0
11/02/2017 23:30,137.05,0.000458366
11/02/2017 23:35,137.05,0.000242434
11/02/2017 23:40,137.05,0.003748348
11/02/2017 23:45,137.05,0.000214591
11/02/2017 23:50,137.05,0
11/02/2017 23:55,137.05,0
12/02/2017 00:00,80.51,0.000651694
12/02/2017 00:05,80.51,0
12/02/2017 00:10,80.51,0.000140468
12/02/2017 00:15,80.51,0.0002846
12/02/2017 00:20,80.51,0.000460522
12/02/2017 00:25,80.51,0.000812537
12/02/2017 00:30,73.36,0
12/02/2017 00:35,73.36,0.000314533
12/02/2017 00:40,73.36,0
12/02/2017 00:45,73.36,0
12/02/2017 00:50,73.36,0
12/02/2017 00:55,73.36,0
12/02/2017 01:00,64.94,0
12/02/2017 01:05,64.94,0
12/02/2017 01:10,64.94,0.000302436
12/02/2017 01:15,64.94,0.000439039
12/02/2017 01:20,64.94,0.000296507
12/02/2017 01:25,64.94,0
12/02/2017 01:30,53.26,0.001266784
12/02/2017 01:35,53.26,0
12/02/2017 01:40,53.26,0.000294245
12/02/2017 01:45,53.26,0.000363091
12/02/2017 01:50,53.26,0.000420555
12/02/2017 01:55,53.26,0.000118235
12/02/2017 02:00,221.02,9.18E-05
12/02/2017 02:05,221.02,8.08E-05
12/02/2017 02:10,221.02,0
12/02/2017 02:15,221.02,6.68E-05
12/02/2017 02:20,221.02,0.000362519
12/02/2017 02:25,221.02,0.000430974
12/02/2017 02:30,73.71,5.46E-05
12/02/2017 02:35,73.71,7.59E-05
12/02/2017 02:40,73.71,0
12/02/2017 02:45,73.71,0.000220445
12/02/2017 02:50,73.71,0.000387579
12/02/2017 02:55,73.71,0
12/02/2017 03:00,71.35,0
12/02/2017 03:05,71.35,0.000292902
12/02/2017 03:10,71.35,0.000145862
12/02/2017 03:15,71.35,8.17E-05
12/02/2017 03:20,71.35,0
12/02/2017 03:25,71.35,0.00029075
12/02/2017 03:30,72.85,3.14E-05
12/02/2017 03:35,72.85,0.000221741
12/02/2017 03:40,72.85,0.00010145
12/02/2017 03:45,72.85,0
12/02/2017 03:50,72.85,0
12/02/2017 03:55,72.85,0.000401315
12/02/2017 04:00,64.07,0
12/02/2017 04:05,64.07,0.001050267
12/02/2017 04:10,64.07,0
12/02/2017 04:15,64.07,0
12/02/2017 04:20,64.07,5.94E-05
12/02/2017 04:25,64.07,0
12/02/2017 04:30,49.98,0.000237703
12/02/2017 04:35,49.98,0
12/02/2017 04:40,49.98,0
12/02/2017 04:45,49.98,0
12/02/2017 04:50,49.98,1.72E-06
12/02/2017 04:55,49.98,0
12/02/2017 05:00,59.02,0
12/02/2017 05:05,59.02,0.001391453
12/02/2017 05:10,59.02,0.000406849
12/02/2017 05:15,59.02,0.000835464
12/02/2017 05:20,59.02,7.10E-05
12/02/2017 05:25,59.02,0.000173506
12/02/2017 05:30,52.27,3.80E-05
12/02/2017 05:35,52.27,0.000245286
12/02/2017 05:40,52.27,0
12/02/2017 05:45,52.27,0.000230252
12/02/2017 05:50,52.27,0.000242113
12/02/2017 05:55,52.27,0.000528148
12/02/2017 06:00,49.28,4.69E-06
12/02/2017 06:05,49.28,9.13E-05
12/02/2017 06:10,49.28,0.000425309
12/02/2017 06:15,49.28,0
12/02/2017 06:20,49.28,0
12/02/2017 06:25,49.28,0
12/02/2017 06:30,64.63,5.21E-05
12/02/2017 06:35,64.63,0
12/02/2017 06:40,64.63,0
12/02/2017 06:45,64.63,0.000659725
12/02/2017 06:50,64.63,0
12/02/2017 06:55,64.63,0.002801021
12/02/2017 07:00,38.57,0.002383107
12/02/2017 07:05,38.57,0
12/02/2017 07:10,38.57,0.000104717
12/02/2017 07:15,38.57,0
12/02/2017 07:20,38.57,0
12/02/2017 07:25,38.57,0.000235636
12/02/2017 07:30,40.77,0.000834598
12/02/2017 07:35,40.77,0
12/02/2017 07:40,40.77,0
12/02/2017 07:45,40.77,0.000435092
12/02/2017 07:50,40.77,2.62E-05
12/02/2017 07:55,40.77,0.000355485
12/02/2017 08:00,57.57,0.001584145
12/02/2017 08:05,57.57,0.001152618
12/02/2017 08:10,57.57,0.000104987
12/02/2017 08:15,57.57,0
12/02/2017 08:20,57.57,0
12/02/2017 08:25,57.57,0
12/02/2017 08:30,58.4,0
12/02/2017 08:35,58.4,0
12/02/2017 08:40,58.4,0.000418478
12/02/2017 08:45,58.4,0.000150188
12/02/2017 08:50,58.4,0
12/02/2017 08:55,58.4,5.54E-05
12/02/2017 09:00,21.29,3.48E-05
12/02/2017 09:05,21.29,0
12/02/2017 09:10,21.29,0.000136251
12/02/2017 09:15,21.29,0
12/02/2017 09:20,21.29,0.000712504
12/02/2017 09:25,21.29,0
12/02/2017 09:30,14.05,0.000426841
12/02/2017 09:35,14.05,0
12/02/2017 09:40,14.05,1.14E-05
12/02/2017 09:45,14.05,4.07E-05
12/02/2017 09:50,14.05,0
12/02/2017 09:55,14.05,0
12/02/2017 10:00,13.91,0
12/02/2017 10:05,13.91,0.000304657
12/02/2017 10:10,13.91,0
12/02/2017 10:15,13.91,0
12/02/2017 10:20,13.91,0
12/02/2017 10:25,13.91,0
12/02/2017 10:30,8.67,0
12/02/2017 10:35,8.67,0.000640493
12/02/2017 10:40,8.67,0
12/02/2017 10:45,8.67,5.34E-05
12/02/2017 10:50,8.67,0
12/02/2017 10:55,8.67,0.000104199
12/02/2017 11:00,7.5,0
12/02/2017 11:05,7.5,8.02E-05
12/02/2017 11:10,7.5,0.000987991
12/02/2017 11:15,7.5,0
12/02/2017 11:20,7.5,0
12/02/2017 11:25,7.5,0
12/02/2017 11:30,9.9,0.001721757
12/02/2017 11:35,9.9,0
12/02/2017 11:40,9.9,0
12/02/2017 11:45,9.9,0.000259868
12/02/2017 11:50,9.9,0.001953336
12/02/2017 11:55,9.9,0.001099842
12/02/2017 12:00,-8.3,3.96E-05
12/02/2017 12:05,-8.3,0.000121186
12/02/2017 12:10,-8.3,0.000969578
12/02/2017 12:15,-8.3,0
12/02/2017 12:20,-8.3,0
12/02/2017 12:25,-8.3,0.000671214
12/02/2017 12:30,3.54,0.000756346
12/02/2017 12:35,3.54,0.001288041
12/02/2017 12:40,3.54,0.000180871
12/02/2017 12:45,3.54,0.000179246
12/02/2017 12:50,3.54,4.65E-05
12/02/2017 12:55,3.54,0.000427912
12/02/2017 13:00,-0.28,0
12/02/2017 13:05,-0.28,0
12/02/2017 13:10,-0.28,0
12/02/2017 13:15,-0.28,0
12/02/2017 13:20,-0.28,0
12/02/2017 13:25,-0.28,0
12/02/2017 13:30,2.53,0.000146686
12/02/2017 13:35,2.53,0.000219216
12/02/2017 13:40,2.53,0.000341505
12/02/2017 13:45,2.53,0
12/02/2017 13:50,2.53,0
12/02/2017 13:55,2.53,0
12/02/2017 14:00,9.37,0.001410843
12/02/2017 14:05,9.37,0
12/02/2017 14:10,9.37,0
12/02/2017 14:15,9.37,0.001111786
12/02/2017 14:20,9.37,0.000122171
12/02/2017 14:25,9.37,0
12/02/2017 14:30,10.61,0
12/02/2017 14:35,10.61,0.00157614
12/02/2017 14:40,10.61,0.001524772
12/02/2017 14:45,10.61,0
12/02/2017 14:50,10.61,0.000219094
12/02/2017 14:55,10.61,0.000453667
12/02/2017 15:00,7.94,0
12/02/2017 15:05,7.94,0.001531285
12/02/2017 15:10,7.94,0
12/02/2017 15:15,7.94,0.000547669
12/02/2017 15:20,7.94,0
12/02/2017 15:25,7.94,0.0028938
12/02/2017 15:30,14.2,0.000596881
12/02/2017 15:35,14.2,0.001094778
12/02/2017 15:40,14.2,0
12/02/2017 15:45,14.2,0
12/02/2017 15:50,14.2,2.33E-05
12/02/2017 15:55,14.2,0.001853828
12/02/2017 16:00,14.27,0.000996746
12/02/2017 16:05,14.27,0
12/02/2017 16:10,14.27,2.78E-05
12/02/2017 16:15,14.27,0.001277656
12/02/2017 16:20,14.27,0.000442374
12/02/2017 16:25,14.27,0.000290841
12/02/2017 16:30,28.44,0.000373246
12/02/2017 16:35,28.44,0.000816846
12/02/2017 16:40,28.44,0.000406749
12/02/2017 16:45,28.44,0
12/02/2017 16:50,28.44,0.001964015
12/02/2017 16:55,28.44,0.000837928
12/02/2017 17:00,9.57,0
12/02/2017 17:05,9.57,0.002252481
12/02/2017 17:10,9.57,0
12/02/2017 17:15,9.57,0.002259423
12/02/2017 17:20,9.57,0.001239209
12/02/2017 17:25,9.57,0.000572628
12/02/2017 17:30,16.35,0.00114623
12/02/2017 17:35,16.35,0.002379847
12/02/2017 17:40,16.35,0.000436211
12/02/2017 17:45,16.35,0.000507467
12/02/2017 17:50,16.35,0
12/02/2017 17:55,16.35,0.002125305
12/02/2017 18:00,32.12,0
12/02/2017 18:05,32.12,0.003120286
12/02/2017 18:10,32.12,0.00251331
12/02/2017 18:15,32.12,0
12/02/2017 18:20,32.12,0.000614562
12/02/2017 18:25,32.12,0.001774165
12/02/2017 18:30,37.2,0.001463459
12/02/2017 18:35,37.2,6.11E-05
12/02/2017 18:40,37.2,0.001089912
12/02/2017 18:45,37.2,0.001831588
12/02/2017 18:50,37.2,8.74E-05
12/02/2017 18:55,37.2,0
12/02/2017 19:00,45.81,0.000660142
12/02/2017 19:05,45.81,0.001659639
12/02/2017 19:10,45.81,0.00155069
12/02/2017 19:15,45.81,4.45E-06
12/02/2017 19:20,45.81,0.000109436
12/02/2017 19:25,45.81,0
12/02/2017 19:30,53.21,0.000535059
12/02/2017 19:35,53.21,0
12/02/2017 19:40,53.21,0.000764571
12/02/2017 19:45,53.21,0
12/02/2017 19:50,53.21,0.000699033
12/02/2017 19:55,53.21,0
12/02/2017 20:00,57.14,7.15E-05
12/02/2017 20:05,57.14,0
12/02/2017 20:10,57.14,0.001939674
12/02/2017 20:15,57.14,0.000425184
12/02/2017 20:20,57.14,0
12/02/2017 20:25,57.14,0.000665375
12/02/2017 20:30,60.94,0.000411372
12/02/2017 20:35,60.94,3.95E-05
12/02/2017 20:40,60.94,0.000343159
12/02/2017 20:45,60.94,0
12/02/2017 20:50,60.94,0
12/02/2017 20:55,60.94,0
12/02/2017 21:00,55.54,0.002521124
12/02/2017 21:05,55.54,0.000679558
12/02/2017 21:10,55.54,0.000112753
12/02/2017 21:15,55.54,1.36E-05
12/02/2017 21:20,55.54,0
12/02/2017 21:25,55.54,0
12/02/2017 21:30,57.03,0.000626985
12/02/2017 21:35,57.03,7.92E-05
12/02/2017 21:40,57.03,0.000430038
12/02/2017 21:45,57.03,0
12/02/2017 21:50,57.03,0.00036887
12/02/2017 21:55,57.03,0.000219881
12/02/2017 22:00,50.05,0
12/02/2017 22:05,50.05,7.89E-05
12/02/2017 22:10,50.05,0.000229567
12/02/2017 22:15,50.05,0.000183151
12/02/2017 22:20,50.05,0.000142578
12/02/2017 22:25,50.05,0
12/02/2017 22:30,50.55,0.000737246
12/02/2017 22:35,50.55,0
12/02/2017 22:40,50.55,0.000723174
12/02/2017 22:45,50.55,0
12/02/2017 22:50,50.55,4.09E-05
12/02/2017 22:55,50.55,0.000651739
12/02/2017 23:00,33.44,0
12/02/2017 23:05,33.44,0
12/02/2017 23:10,33.44,0
12/02/2017 23:15,33.44,0
12/02/2017 23:20,33.44,0
12/02/2017 23:25,33.44,0
12/02/2017 23:30,45.28,0
12/02/2017 23:35,45.28,0
12/02/2017 23:40,45.28,0
12/02/2017 23:45,45.28,0
12/02/2017 23:50,45.28,0
12/02/2017 23:55,45.28,0.000667202
13/02/2017 00:00,88.04,0
13/02/2017 00:05,88.04,0
13/02/2017 00:10,88.04,0
13/02/2017 00:15,88.04,0.00054632
13/02/2017 00:20,88.04,0.000323323
13/02/2017 00:25,88.04,0
13/02/2017 00:30,87.13,0
13/02/2017 00:35,87.13,0.001263638
13/02/2017 00:40,87.13,0.00057279
13/02/2017 00:45,87.13,0
13/02/2017 00:50,87.13,4.84E-05
13/02/2017 00:55,87.13,0.000605164
13/02/2017 01:00,74.63,0.000862605
13/02/2017 01:05,74.63,0
13/02/2017 01:10,74.63,0
13/02/2017 01:15,74.63,0.000141408
13/02/2017 01:20,74.63,0
13/02/2017 01:25,74.63,0
13/02/2017 01:30,67.66,6.47E-06
13/02/2017 01:35,67.66,0
13/02/2017 01:40,67.66,0
13/02/2017 01:45,67.66,0
13/02/2017 01:50,67.66,0.000348908
13/02/2017 01:55,67.66,0
13/02/2017 02:00,63.56,0.000216185
13/02/2017 02:05,63.56,7.98E-05
13/02/2017 02:10,63.56,0.000522121
13/02/2017 02:15,63.56,0.000339311
13/02/2017 02:20,63.56,0.000344115
13/02/2017 02:25,63.56,0
13/02/2017 02:30,76.61,0
13/02/2017 02:35,76.61,0.000266318
13/02/2017 02:40,76.61,0
13/02/2017 02:45,76.61,0.000504636
13/02/2017 02:50,76.61,0
13/02/2017 02:55,76.61,0.000916208
13/02/2017 03:00,75.1,9.00E-05
13/02/2017 03:05,75.1,0.000166492
13/02/2017 03:10,75.1,0
13/02/2017 03:15,75.1,0
13/02/2017 03:20,75.1,0
13/02/2017 03:25,75.1,0.000225932
13/02/2017 03:30,62.74,0
13/02/2017 03:35,62.74,0
13/02/2017 03:40,62.74,0.000246863
13/02/2017 03:45,62.74,0.000581179
13/02/2017 03:50,62.74,4.98E-05
13/02/2017 03:55,62.74,0.000269992
13/02/2017 04:00,66.82,0.000562171
13/02/2017 04:05,66.82,0
13/02/2017 04:10,66.82,0.00072026
13/02/2017 04:15,66.82,0.001069007
13/02/2017 04:20,66.82,0.000256749
13/02/2017 04:25,66.82,0.000412846
13/02/2017 04:30,88.45,3.72E-05
13/02/2017 04:35,88.45,5.50E-05
13/02/2017 04:40,88.45,0
13/02/2017 04:45,88.45,0
13/02/2017 04:50,88.45,0
13/02/2017 04:55,88.45,0
13/02/2017 05:00,132.09,0
13/02/2017 05:05,132.09,0
13/02/2017 05:10,132.09,0
13/02/2017 05:15,132.09,0.000769782
13/02/2017 05:20,132.09,0.000815698
13/02/2017 05:25,132.09,0.000110571
13/02/2017 05:30,162.74,0.000267214
13/02/2017 05:35,162.74,0.000230097
13/02/2017 05:40,162.74,0.000282487
13/02/2017 05:45,162.74,0
13/02/2017 05:50,162.74,0.000561194
13/02/2017 05:55,162.74,0.000491416
13/02/2017 06:00,119.4,0.00038845
13/02/2017 06:05,119.4,0.000395274
13/02/2017 06:10,119.4,0
13/02/2017 06:15,119.4,0.000222913
13/02/2017 06:20,119.4,0
13/02/2017 06:25,119.4,0
13/02/2017 06:30,107.44,0.000657211
13/02/2017 06:35,107.44,0
13/02/2017 06:40,107.44,0
13/02/2017 06:45,107.44,0.000738223
13/02/2017 06:50,107.44,0
13/02/2017 06:55,107.44,0.00026354
13/02/2017 07:00,103.15,0
13/02/2017 07:05,103.15,0.002057878
13/02/2017 07:10,103.15,0.000107238
13/02/2017 07:15,103.15,6.09E-05
13/02/2017 07:20,103.15,0.000133384
13/02/2017 07:25,103.15,0.000199481
13/02/2017 07:30,100.66,0
13/02/2017 07:35,100.66,0
13/02/2017 07:40,100.66,0
13/02/2017 07:45,100.66,0.00028736
13/02/2017 07:50,100.66,0
13/02/2017 07:55,100.66,0.00085181
13/02/2017 08:00,105.1,0.001279092
13/02/2017 08:05,105.1,0
13/02/2017 08:10,105.1,3.60E-05
13/02/2017 08:15,105.1,0.000153313
13/02/2017 08:20,105.1,0
13/02/2017 08:25,105.1,0
13/02/2017 08:30,98.52,9.93E-05
13/02/2017 08:35,98.52,0.000168569
13/02/2017 08:40,98.52,0.000186645
13/02/2017 08:45,98.52,0.000262681
13/02/2017 08:50,98.52,0.000683233
13/02/2017 08:55,98.52,0.000479087
13/02/2017 09:00,96.71,0.00013657
13/02/2017 09:05,96.71,0
13/02/2017 09:10,96.71,0.000197846
13/02/2017 09:15,96.71,0
13/02/2017 09:20,96.71,0.000156484
13/02/2017 09:25,96.71,0
13/02/2017 09:30,104.58,7.03E-05
13/02/2017 09:35,104.58,0
13/02/2017 09:40,104.58,0
13/02/2017 09:45,104.58,4.47E-05
13/02/2017 09:50,104.58,0
13/02/2017 09:55,104.58,0
13/02/2017 10:00,108.96,0
13/02/2017 10:05,108.96,0.000402651
13/02/2017 10:10,108.96,0
13/02/2017 10:15,108.96,0.000308266
13/02/2017 10:20,108.96,0
13/02/2017 10:25,108.96,0
13/02/2017 10:30,117.97,0.000116025
13/02/2017 10:35,117.97,0.000307546
13/02/2017 10:40,117.97,0
13/02/2017 10:45,117.97,0
13/02/2017 10:50,117.97,0
13/02/2017 10:55,117.97,0.000104961
13/02/2017 11:00,122.04,0.000720735
13/02/2017 11:05,122.04,0
13/02/2017 11:10,122.04,0.000223741
13/02/2017 11:15,122.04,0.000111711
13/02/2017 11:20,122.04,0.000158745
13/02/2017 11:25,122.04,0
13/02/2017 11:30,120.58,0
13/02/2017 11:35,120.58,0
13/02/2017 11:40,120.58,0
13/02/2017 11:45,120.58,0.001386313
13/02/2017 11:50,120.58,0.000487986
13/02/2017 11:55,120.58,0
13/02/2017 12:00,109.61,0.000676873
13/02/2017 12:05,109.61,0.000373688
13/02/2017 12:10,109.61,0.000107835
13/02/2017 12:15,109.61,0.000661098
13/02/2017 12:20,109.61,0
13/02/2017 12:25,109.61,0
13/02/2017 12:30,99.75,0.001603302
13/02/2017 12:35,99.75,0
13/02/2017 12:40,99.75,0
13/02/2017 12:45,99.75,0.00039034
13/02/2017 12:50,99.75,0.000282699
13/02/2017 12:55,99.75,0.000586402
13/02/2017 13:00,82.55,0.000113666
13/02/2017 13:05,82.55,0
13/02/2017 13:10,82.55,0
13/02/2017 13:15,82.55,9.52E-05
13/02/2017 13:20,82.55,0
13/02/2017 13:25,82.55,0
13/02/2017 13:30,83.59,0.000775049
13/02/2017 13:35,83.59,0
13/02/2017 13:40,83.59,0
13/02/2017 13:45,83.59,0.000135125
13/02/2017 13:50,83.59,0
13/02/2017 13:55,83.59,0
13/02/2017 14:00,88.01,0.000876153
13/02/2017 14:05,88.01,0.000205517
13/02/2017 14:10,88.01,0.000740635
13/02/2017 14:15,88.01,0.000143905
13/02/2017 14:20,88.01,0
13/02/2017 14:25,88.01,0.000732833
13/02/2017 14:30,100,0.001672344
13/02/2017 14:35,100,0.001296726
13/02/2017 14:40,100,0
13/02/2017 14:45,100,0.000178145
13/02/2017 14:50,100,0.000259356
13/02/2017 14:55,100,0
13/02/2017 15:00,79.34,0
13/02/2017 15:05,79.34,0.000440396
13/02/2017 15:10,79.34,0.000923477
13/02/2017 15:15,79.34,0.000687773
13/02/2017 15:20,79.34,8.92E-05
13/02/2017 15:25,79.34,0.000397725
13/02/2017 15:30,85.15,0.00011594
13/02/2017 15:35,85.15,0.000456518
13/02/2017 15:40,85.15,0
13/02/2017 15:45,85.15,0.00020697
13/02/2017 15:50,85.15,0
13/02/2017 15:55,85.15,0
13/02/2017 16:00,79.78,0.001300956
13/02/2017 16:05,79.78,0.001492574
13/02/2017 16:10,79.78,0.000442692
13/02/2017 16:15,79.78,0.001698195
13/02/2017 16:20,79.78,0.001861528
13/02/2017 16:25,79.78,0.001478767
13/02/2017 16:30,80,0
13/02/2017 16:35,80,0
13/02/2017 16:40,80,0
13/02/2017 16:45,80,0.000495947
13/02/2017 16:50,80,0
13/02/2017 16:55,80,0.000140707
13/02/2017 17:00,79.77,0
13/02/2017 17:05,79.77,0
13/02/2017 17:10,79.77,0.000976254
13/02/2017 17:15,79.77,9.94E-06
13/02/2017 17:20,79.77,0.000253365
13/02/2017 17:25,79.77,0.001566016
13/02/2017 17:30,89.08,0
13/02/2017 17:35,89.08,0
13/02/2017 17:40,89.08,0.001564006
13/02/2017 17:45,89.08,0.000477714
13/02/2017 17:50,89.08,0
13/02/2017 17:55,89.08,0.001382791
13/02/2017 18:00,91.7,0.000512027
13/02/2017 18:05,91.7,0.000258063
13/02/2017 18:10,91.7,4.50E-05
13/02/2017 18:15,91.7,0.002288445
13/02/2017 18:20,91.7,0.002683101
13/02/2017 18:25,91.7,0.00249858
13/02/2017 18:30,94.96,0.002423323
13/02/2017 18:35,94.96,0.001791944
13/02/2017 18:40,94.96,0
13/02/2017 18:45,94.96,0
13/02/2017 18:50,94.96,0.000887566
13/02/2017 18:55,94.96,0.000425227
13/02/2017 19:00,86.53,0.000155986
13/02/2017 19:05,86.53,0.003796893
13/02/2017 19:10,86.53,0.000435555
13/02/2017 19:15,86.53,7.27E-05
13/02/2017 19:20,86.53,0
13/02/2017 19:25,86.53,0.000789391
13/02/2017 19:30,80.68,0.001280183
13/02/2017 19:35,80.68,4.71E-06
13/02/2017 19:40,80.68,0
13/02/2017 19:45,80.68,9.33E-05
13/02/2017 19:50,80.68,0.00017577
13/02/2017 19:55,80.68,0
13/02/2017 20:00,83.5,0.000888642
13/02/2017 20:05,83.5,2.62E-05
13/02/2017 20:10,83.5,0.000544708
13/02/2017 20:15,83.5,0
13/02/2017 20:20,83.5,0
13/02/2017 20:25,83.5,7.23E-05
13/02/2017 20:30,80.99,0.000114656
13/02/2017 20:35,80.99,7.71E-05
13/02/2017 20:40,80.99,0
13/02/2017 20:45,80.99,0.000994135
13/02/2017 20:50,80.99,0.000609808
13/02/2017 20:55,80.99,0.001916413
13/02/2017 21:00,63.3,0
13/02/2017 21:05,63.3,0
13/02/2017 21:10,63.3,8.92E-05
13/02/2017 21:15,63.3,0.000509398
13/02/2017 21:20,63.3,0
13/02/2017 21:25,63.3,0
13/02/2017 21:30,62.08,0.000111331
13/02/2017 21:35,62.08,0
13/02/2017 21:40,62.08,0
13/02/2017 21:45,62.08,0
13/02/2017 21:50,62.08,0.000781105
13/02/2017 21:55,62.08,0
13/02/2017 22:00,79.77,0.000146133
13/02/2017 22:05,79.77,0
13/02/2017 22:10,79.77,0
13/02/2017 22:15,79.77,0.000479592
13/02/2017 22:20,79.77,0
13/02/2017 22:25,79.77,1.03E-05
13/02/2017 22:30,77.7,0
13/02/2017 22:35,77.7,0
13/02/2017 22:40,77.7,0.00051211
13/02/2017 22:45,77.7,0
13/02/2017 22:50,77.7,0
13/02/2017 22:55,77.7,0
13/02/2017 23:00,84.58,0
13/02/2017 23:05,84.58,0
13/02/2017 23:10,84.58,9.33E-05
13/02/2017 23:15,84.58,0
13/02/2017 23:20,84.58,9.14E-07
13/02/2017 23:25,84.58,0
13/02/2017 23:30,87.5,0.000124599
13/02/2017 23:35,87.5,0.000793649
13/02/2017 23:40,87.5,0.001962407
13/02/2017 23:45,87.5,0
13/02/2017 23:50,87.5,0
13/02/2017 23:55,87.5,0
14/02/2017 00:00,77.43,0.000869799
14/02/2017 00:05,77.43,0
14/02/2017 00:10,77.43,8.50E-05
14/02/2017 00:15,77.43,0
14/02/2017 00:20,77.43,0.000650124
14/02/2017 00:25,77.43,0
14/02/2017 00:30,72.37,0
14/02/2017 00:35,72.37,0.001487567
14/02/2017 00:40,72.37,0.001644601
14/02/2017 00:45,72.37,0.000286117
14/02/2017 00:50,72.37,0
14/02/2017 00:55,72.37,0.001945195
14/02/2017 01:00,53.36,4.42E-06
14/02/2017 01:05,53.36,0.000476581
14/02/2017 01:10,53.36,0.000236823
14/02/2017 01:15,53.36,0
14/02/2017 01:20,53.36,0.001407928
14/02/2017 01:25,53.36,7.27E-05
14/02/2017 01:30,53.65,0
14/02/2017 01:35,53.65,0
14/02/2017 01:40,53.65,0
14/02/2017 01:45,53.65,0
14/02/2017 01:50,53.65,0
14/02/2017 01:55,53.65,3.51E-05
14/02/2017 02:00,57.42,0.001029932
14/02/2017 02:05,57.42,0.000284123
14/02/2017 02:10,57.42,0
14/02/2017 02:15,57.42,0.000366529
14/02/2017 02:20,57.42,0
14/02/2017 02:25,57.42,0.00016352
14/02/2017 02:30,50.38,0.000193712
14/02/2017 02:35,50.38,0.000192948
14/02/2017 02:40,50.38,0
14/02/2017 02:45,50.38,0.000176567
14/02/2017 02:50,50.38,0.00019907
14/02/2017 02:55,50.38,0
14/02/2017 03:00,57.38,0.000451408
14/02/2017 03:05,57.38,0
14/02/2017 03:10,57.38,0
14/02/2017 03:15,57.38,0.000149324
14/02/2017 03:20,57.38,0
14/02/2017 03:25,57.38,0
14/02/2017 03:30,51.15,0
14/02/2017 03:35,51.15,8.71E-05
14/02/2017 03:40,51.15,0
14/02/2017 03:45,51.15,0.001743939
14/02/2017 03:50,51.15,0.000601139
14/02/2017 03:55,51.15,0.000111826
14/02/2017 04:00,62.73,6.44E-05
14/02/2017 04:05,62.73,0.000267876
14/02/2017 04:10,62.73,0.000175541
14/02/2017 04:15,62.73,0.000132276
14/02/2017 04:20,62.73,0.000121886
14/02/2017 04:25,62.73,0
14/02/2017 04:30,84.74,0.000312071
14/02/2017 04:35,84.74,0
14/02/2017 04:40,84.74,0
14/02/2017 04:45,84.74,0
14/02/2017 04:50,84.74,0
14/02/2017 04:55,84.74,3.83E-05
14/02/2017 05:00,115.39,0
14/02/2017 05:05,115.39,0.000102516
14/02/2017 05:10,115.39,0.00142581
14/02/2017 05:15,115.39,0.000249825
14/02/2017 05:20,115.39,0.000714141
14/02/2017 05:25,115.39,0.00011892
14/02/2017 05:30,126.06,0
14/02/2017 05:35,126.06,0.000466622
14/02/2017 05:40,126.06,0.000318937
14/02/2017 05:45,126.06,0.000403407
14/02/2017 05:50,126.06,0
14/02/2017 05:55,126.06,0.000385865
14/02/2017 06:00,120.84,0
14/02/2017 06:05,120.84,8.33E-05
14/02/2017 06:10,120.84,9.35E-05
14/02/2017 06:15,120.84,0
14/02/2017 06:20,120.84,0.000344864
14/02/2017 06:25,120.84,0.000676204
14/02/2017 06:30,125.22,0
14/02/2017 06:35,125.22,0
14/02/2017 06:40,125.22,0.000963222
14/02/2017 06:45,125.22,0.000855684
14/02/2017 06:50,125.22,0.000507889
14/02/2017 06:55,125.22,1.24E-05
14/02/2017 07:00,114.81,0.001733846
14/02/2017 07:05,114.81,0
14/02/2017 07:10,114.81,0.000608289
14/02/2017 07:15,114.81,0.000433732
14/02/2017 07:20,114.81,0.000276456
14/02/2017 07:25,114.81,0.000630331
14/02/2017 07:30,105.41,0
14/02/2017 07:35,105.41,0
14/02/2017 07:40,105.41,0
14/02/2017 07:45,105.41,0
14/02/2017 07:50,105.41,0
14/02/2017 07:55,105.41,0
14/02/2017 08:00,120.43,0.000103343
14/02/2017 08:05,120.43,0.000857596
14/02/2017 08:10,120.43,0
14/02/2017 08:15,120.43,0.000422656
14/02/2017 08:20,120.43,0.000275501
14/02/2017 08:25,120.43,0
14/02/2017 08:30,124.92,0.000124885
14/02/2017 08:35,124.92,0.000444189
14/02/2017 08:40,124.92,0
14/02/2017 08:45,124.92,0
14/02/2017 08:50,124.92,0.000186276
14/02/2017 08:55,124.92,0
14/02/2017 09:00,111.83,0
14/02/2017 09:05,111.83,0.00026989
14/02/2017 09:10,111.83,0.000481344
14/02/2017 09:15,111.83,0
14/02/2017 09:20,111.83,5.21E-05
14/02/2017 09:25,111.83,0
14/02/2017 09:30,126.01,2.93E-05
14/02/2017 09:35,126.01,3.46E-06
14/02/2017 09:40,126.01,0
14/02/2017 09:45,126.01,0
14/02/2017 09:50,126.01,0
14/02/2017 09:55,126.01,0
14/02/2017 10:00,124.99,0
14/02/2017 10:05,124.99,0
14/02/2017 10:10,124.99,0.000122415
14/02/2017 10:15,124.99,0.000525939
14/02/2017 10:20,124.99,9.92E-05
14/02/2017 10:25,124.99,0.000188672
14/02/2017 10:30,124.99,0.000112364
14/02/2017 10:35,124.99,0
14/02/2017 10:40,124.99,0.002127324
14/02/2017 10:45,124.99,0
14/02/2017 10:50,124.99,0
14/02/2017 10:55,124.99,0.000610985
14/02/2017 11:00,123.8,0.000884958
14/02/2017 11:05,123.8,0
14/02/2017 11:10,123.8,0.001482479
14/02/2017 11:15,123.8,0
14/02/2017 11:20,123.8,0
14/02/2017 11:25,123.8,0
14/02/2017 11:30,122.63,0
14/02/2017 11:35,122.63,0.001471271
14/02/2017 11:40,122.63,0
14/02/2017 11:45,122.63,0
14/02/2017 11:50,122.63,0
14/02/2017 11:55,122.63,0.001433071
14/02/2017 12:00,124.8,0.000548534
14/02/2017 12:05,124.8,0.000746869
14/02/2017 12:10,124.8,0.001081954
14/02/2017 12:15,124.8,0
14/02/2017 12:20,124.8,3.24E-06
14/02/2017 12:25,124.8,0.000770496
14/02/2017 12:30,124.31,0.000836475
14/02/2017 12:35,124.31,0
14/02/2017 12:40,124.31,0.000607028
14/02/2017 12:45,124.31,0.000212579
14/02/2017 12:50,124.31,0
14/02/2017 12:55,124.31,0
14/02/2017 13:00,121.22,0
14/02/2017 13:05,121.22,0.000289567
14/02/2017 13:10,121.22,0.000475033
14/02/2017 13:15,121.22,0
14/02/2017 13:20,121.22,0
14/02/2017 13:25,121.22,0
14/02/2017 13:30,123.56,0.002019352
14/02/2017 13:35,123.56,0
14/02/2017 13:40,123.56,0
14/02/2017 13:45,123.56,0
14/02/2017 13:50,123.56,0
14/02/2017 13:55,123.56,0
14/02/2017 14:00,120.1,0.000867697
14/02/2017 14:05,120.1,0
14/02/2017 14:10,120.1,0
14/02/2017 14:15,120.1,0.001051734
14/02/2017 14:20,120.1,0.00078507
14/02/2017 14:25,120.1,0.001231892
14/02/2017 14:30,121.12,0.000708156
14/02/2017 14:35,121.12,0
14/02/2017 14:40,121.12,0
14/02/2017 14:45,121.12,0.000141846
14/02/2017 14:50,121.12,2.57E-05
14/02/2017 14:55,121.12,0.000584493
14/02/2017 15:00,118.67,0
14/02/2017 15:05,118.67,0
14/02/2017 15:10,118.67,0.001226251
14/02/2017 15:15,118.67,0.000214435
14/02/2017 15:20,118.67,0
14/02/2017 15:25,118.67,0
14/02/2017 15:30,119.33,0.001508151
14/02/2017 15:35,119.33,8.59E-05
14/02/2017 15:40,119.33,0
14/02/2017 15:45,119.33,0
14/02/2017 15:50,119.33,0
14/02/2017 15:55,119.33,0
14/02/2017 16:00,121.01,0.001107344
14/02/2017 16:05,121.01,0.000855431
14/02/2017 16:10,121.01,0
14/02/2017 16:15,121.01,0.001250211
14/02/2017 16:20,121.01,0
14/02/2017 16:25,121.01,0.003096794
14/02/2017 16:30,114.66,0.000878847
14/02/2017 16:35,114.66,0
14/02/2017 16:40,114.66,0
14/02/2017 16:45,114.66,0.000138303
14/02/2017 16:50,114.66,0.002100518
14/02/2017 16:55,114.66,0.00053941
14/02/2017 17:00,111.71,0.001366093
14/02/2017 17:05,111.71,0
14/02/2017 17:10,111.71,0
14/02/2017 17:15,111.71,0
14/02/2017 17:20,111.71,0.001053944
14/02/2017 17:25,111.71,0.001152399
14/02/2017 17:30,112.41,0.001179045
14/02/2017 17:35,112.41,0.000274595
14/02/2017 17:40,112.41,0.001161552
14/02/2017 17:45,112.41,0.001500948
14/02/2017 17:50,112.41,0
14/02/2017 17:55,112.41,0.000757839
14/02/2017 18:00,108.22,0.001151167
14/02/2017 18:05,108.22,0.000258297
14/02/2017 18:10,108.22,0
14/02/2017 18:15,108.22,0
14/02/2017 18:20,108.22,0
14/02/2017 18:25,108.22,0.000462627
14/02/2017 18:30,132.4,0.001129123
14/02/2017 18:35,132.4,0
14/02/2017 18:40,132.4,0.000931109
14/02/2017 18:45,132.4,0.001570034
14/02/2017 18:50,132.4,0
14/02/2017 18:55,132.4,0
14/02/2017 19:00,118.08,0.000872238
14/02/2017 19:05,118.08,0
14/02/2017 19:10,118.08,0.001971961
14/02/2017 19:15,118.08,0.000325032
14/02/2017 19:20,118.08,0.000395467
14/02/2017 19:25,118.08,0.001289002
14/02/2017 19:30,109.38,0.000157093
14/02/2017 19:35,109.38,0.000625233
14/02/2017 19:40,109.38,0.001600837
14/02/2017 19:45,109.38,0.000871356
14/02/2017 19:50,109.38,0
14/02/2017 19:55,109.38,0.00034939
14/02/2017 20:00,109.2,0.00125611
14/02/2017 20:05,109.2,0.000518736
14/02/2017 20:10,109.2,0
14/02/2017 20:15,109.2,0.001723132
14/02/2017 20:20,109.2,0.001392831
14/02/2017 20:25,109.2,0
14/02/2017 20:30,99.71,0.000631718
14/02/2017 20:35,99.71,0
14/02/2017 20:40,99.71,0.000216755
14/02/2017 20:45,99.71,0
14/02/2017 20:50,99.71,0.000230115
14/02/2017 20:55,99.71,0.000371536
14/02/2017 21:00,87.06,0.001430982
14/02/2017 21:05,87.06,0.000417709
14/02/2017 21:10,87.06,0
14/02/2017 21:15,87.06,3.60E-05
14/02/2017 21:20,87.06,0
14/02/2017 21:25,87.06,0
14/02/2017 21:30,75.26,0
14/02/2017 21:35,75.26,0
14/02/2017 21:40,75.26,0.000332795
14/02/2017 21:45,75.26,0
14/02/2017 21:50,75.26,0.001248522
14/02/2017 21:55,75.26,0.000146156
14/02/2017 22:00,81.75,0.000312295
14/02/2017 22:05,81.75,0
14/02/2017 22:10,81.75,0.000180523
14/02/2017 22:15,81.75,9.39E-05
14/02/2017 22:20,81.75,0
14/02/2017 22:25,81.75,0
14/02/2017 22:30,83.23,0.000343979
14/02/2017 22:35,83.23,0
14/02/2017 22:40,83.23,0
14/02/2017 22:45,83.23,0
14/02/2017 22:50,83.23,0
14/02/2017 22:55,83.23,0.001252876
14/02/2017 23:00,83.86,0.001601912
14/02/2017 23:05,83.86,5.47E-05
14/02/2017 23:10,83.86,0
14/02/2017 23:15,83.86,0
14/02/2017 23:20,83.86,0
14/02/2017 23:25,83.86,0
14/02/2017 23:30,77.96,0
14/02/2017 23:35,77.96,0
14/02/2017 23:40,77.96,0
14/02/2017 23:45,77.96,0.000994454
14/02/2017 23:50,77.96,0
14/02/2017 23:55,77.96,0
15/02/2017 00:00,65.07,0.004575823
15/02/2017 00:05,65.07,0.00166337
15/02/2017 00:10,65.07,0.000672508
15/02/2017 00:15,65.07,0
15/02/2017 00:20,65.07,0
15/02/2017 00:25,65.07,0
15/02/2017 00:30,55.92,0
15/02/2017 00:35,55.92,0.000500406
15/02/2017 00:40,55.92,0.000516696
15/02/2017 00:45,55.92,0.000228808
15/02/2017 00:50,55.92,0
15/02/2017 00:55,55.92,0.000197107
15/02/2017 01:00,52.58,0.000377454
15/02/2017 01:05,52.58,0
15/02/2017 01:10,52.58,0.000148925
15/02/2017 01:15,52.58,2.84E-05
15/02/2017 01:20,52.58,0.000473873
15/02/2017 01:25,52.58,0.000215631
15/02/2017 01:30,57.17,0
15/02/2017 01:35,57.17,0
15/02/2017 01:40,57.17,0
15/02/2017 01:45,57.17,0.000359996
15/02/2017 01:50,57.17,0
15/02/2017 01:55,57.17,0.00054043
15/02/2017 02:00,47.08,0.000113594
15/02/2017 02:05,47.08,0.000585388
15/02/2017 02:10,47.08,0.000480956
15/02/2017 02:15,47.08,0.000439876
15/02/2017 02:20,47.08,0.000295849
15/02/2017 02:25,47.08,0.000344339
15/02/2017 02:30,44.58,0.000259658
15/02/2017 02:35,44.58,0
15/02/2017 02:40,44.58,0.000321013
15/02/2017 02:45,44.58,0.00038087
15/02/2017 02:50,44.58,0
15/02/2017 02:55,44.58,0
15/02/2017 03:00,44.73,0
15/02/2017 03:05,44.73,0
15/02/2017 03:10,44.73,0
15/02/2017 03:15,44.73,0.00010508
15/02/2017 03:20,44.73,0.000831258
15/02/2017 03:25,44.73,0.000302206
15/02/2017 03:30,44.64,0
15/02/2017 03:35,44.64,0.000624354
15/02/2017 03:40,44.64,0
15/02/2017 03:45,44.64,0.001918189
15/02/2017 03:50,44.64,0
15/02/2017 03:55,44.64,0.002043093
15/02/2017 04:00,41.92,0.000131294
15/02/2017 04:05,41.92,0.000534836
15/02/2017 04:10,41.92,0.000208944
15/02/2017 04:15,41.92,0.001013185
15/02/2017 04:20,41.92,0.000253578
15/02/2017 04:25,41.92,0.000240057
15/02/2017 04:30,49.13,0.00029086
15/02/2017 04:35,49.13,0
15/02/2017 04:40,49.13,0
15/02/2017 04:45,49.13,0
15/02/2017 04:50,49.13,0
15/02/2017 04:55,49.13,0
15/02/2017 05:00,60.62,0
15/02/2017 05:05,60.62,0
15/02/2017 05:10,60.62,0.000615274
15/02/2017 05:15,60.62,0
15/02/2017 05:20,60.62,0.000495738
15/02/2017 05:25,60.62,0
15/02/2017 05:30,57.69,0
15/02/2017 05:35,57.69,0
15/02/2017 05:40,57.69,0
15/02/2017 05:45,57.69,0.000619587
15/02/2017 05:50,57.69,0.000484774
15/02/2017 05:55,57.69,0.00024421
15/02/2017 06:00,68.98,0
15/02/2017 06:05,68.98,0.000148527
15/02/2017 06:10,68.98,0
15/02/2017 06:15,68.98,0
15/02/2017 06:20,68.98,0.000259136
15/02/2017 06:25,68.98,0.000124016
15/02/2017 06:30,86,0
15/02/2017 06:35,86,0
15/02/2017 06:40,86,0
15/02/2017 06:45,86,0.00163422
15/02/2017 06:50,86,0.000808004
15/02/2017 06:55,86,0.000178807
15/02/2017 07:00,80.84,8.21E-05
15/02/2017 07:05,80.84,0.000885905
15/02/2017 07:10,80.84,0.000432713
15/02/2017 07:15,80.84,0.000217682
15/02/2017 07:20,80.84,0
15/02/2017 07:25,80.84,0
15/02/2017 07:30,78.56,0
15/02/2017 07:35,78.56,0
15/02/2017 07:40,78.56,0.002119483
15/02/2017 07:45,78.56,0.001148346
15/02/2017 07:50,78.56,9.26E-05
15/02/2017 07:55,78.56,0.000508811
15/02/2017 08:00,79.71,0
15/02/2017 08:05,79.71,6.05E-05
15/02/2017 08:10,79.71,2.62E-05
15/02/2017 08:15,79.71,0
15/02/2017 08:20,79.71,0
15/02/2017 08:25,79.71,0.000128285
15/02/2017 08:30,81.43,0.000392648
15/02/2017 08:35,81.43,0.000516031
15/02/2017 08:40,81.43,0
15/02/2017 08:45,81.43,3.98E-05
15/02/2017 08:50,81.43,0
15/02/2017 08:55,81.43,0.000140912
15/02/2017 09:00,79.99,0.000134244
15/02/2017 09:05,79.99,0
15/02/2017 09:10,79.99,0
15/02/2017 09:15,79.99,0
15/02/2017 09:20,79.99,0
15/02/2017 09:25,79.99,0
15/02/2017 09:30,60.79,0
15/02/2017 09:35,60.79,5.20E-05
15/02/2017 09:40,60.79,2.70E-06
15/02/2017 09:45,60.79,4.60E-06
15/02/2017 09:50,60.79,0
15/02/2017 09:55,60.79,0
15/02/2017 10:00,43.05,0
15/02/2017 10:05,43.05,0
15/02/2017 10:10,43.05,0.000360095
15/02/2017 10:15,43.05,0.000373148
15/02/2017 10:20,43.05,0.000331983
15/02/2017 10:25,43.05,0.000141689
15/02/2017 10:30,27.12,1.90E-05
15/02/2017 10:35,27.12,0.001121481
15/02/2017 10:40,27.12,0
15/02/2017 10:45,27.12,0.000476758
15/02/2017 10:50,27.12,0.000545347
15/02/2017 10:55,27.12,0.000262019
15/02/2017 11:00,17.36,0.000452063
15/02/2017 11:05,17.36,0.000829828
15/02/2017 11:10,17.36,0
15/02/2017 11:15,17.36,0.000307606
15/02/2017 11:20,17.36,0.000276471
15/02/2017 11:25,17.36,0
15/02/2017 11:30,31.98,0
15/02/2017 11:35,31.98,0.000437563
15/02/2017 11:40,31.98,0.000315962
15/02/2017 11:45,31.98,0.000473086
15/02/2017 11:50,31.98,0.001023725
15/02/2017 11:55,31.98,0.000269239
15/02/2017 12:00,38.23,0
15/02/2017 12:05,38.23,0.000214296
15/02/2017 12:10,38.23,0
15/02/2017 12:15,38.23,0
15/02/2017 12:20,38.23,8.68E-06
15/02/2017 12:25,38.23,0.002158999
15/02/2017 12:30,29.99,0.001139595
15/02/2017 12:35,29.99,0
15/02/2017 12:40,29.99,0.000905573
15/02/2017 12:45,29.99,6.72E-05
15/02/2017 12:50,29.99,5.01E-05
15/02/2017 12:55,29.99,0.00017635
15/02/2017 13:00,49.58,0.000761259
15/02/2017 13:05,49.58,0
15/02/2017 13:10,49.58,0.000558893
15/02/2017 13:15,49.58,0
15/02/2017 13:20,49.58,0
15/02/2017 13:25,49.58,0
15/02/2017 13:30,74.6,0
15/02/2017 13:35,74.6,0
15/02/2017 13:40,74.6,0
15/02/2017 13:45,74.6,0.000527355
15/02/2017 13:50,74.6,0
15/02/2017 13:55,74.6,0.001216482
15/02/2017 14:00,88.35,0.000101392
15/02/2017 14:05,88.35,0.00045752
15/02/2017 14:10,88.35,0.000122732
15/02/2017 14:15,88.35,0.00165259
15/02/2017 14:20,88.35,3.18E-05
15/02/2017 14:25,88.35,0
15/02/2017 14:30,90.96,0.001360167
15/02/2017 14:35,90.96,0.000501429
15/02/2017 14:40,90.96,0.000285644
15/02/2017 14:45,90.96,0
15/02/2017 14:50,90.96,0
15/02/2017 14:55,90.96,0.001683138
15/02/2017 15:00,93.11,0.001306024
15/02/2017 15:05,93.11,0.00270854
15/02/2017 15:10,93.11,0.000384538
15/02/2017 15:15,93.11,0.000809486
15/02/2017 15:20,93.11,0.000734138
15/02/2017 15:25,93.11,0.000286964
15/02/2017 15:30,117.09,0.000487738
15/02/2017 15:35,117.09,0
15/02/2017 15:40,117.09,0.002053349
15/02/2017 15:45,117.09,0.001061497
15/02/2017 15:50,117.09,0.001699247
15/02/2017 15:55,117.09,0.002035261
15/02/2017 16:00,116.03,0.002534103
15/02/2017 16:05,116.03,0.000834253
15/02/2017 16:10,116.03,0.000337021
15/02/2017 16:15,116.03,0.000562429
15/02/2017 16:20,116.03,0.002710587
15/02/2017 16:25,116.03,0.002624632
15/02/2017 16:30,118.28,0.001834313
15/02/2017 16:35,118.28,0
15/02/2017 16:40,118.28,0.000542104
15/02/2017 16:45,118.28,0.001105967
15/02/2017 16:50,118.28,0.000588405
15/02/2017 16:55,118.28,0.000754608
15/02/2017 17:00,111.66,0
15/02/2017 17:05,111.66,0.001672088
15/02/2017 17:10,111.66,0.000161384
15/02/2017 17:15,111.66,0.00103829
15/02/2017 17:20,111.66,0.000124144
15/02/2017 17:25,111.66,0.002071696
15/02/2017 17:30,111.52,0.000806866
15/02/2017 17:35,111.52,0
15/02/2017 17:40,111.52,0.001464475
15/02/2017 17:45,111.52,0
15/02/2017 17:50,111.52,2.65E-05
15/02/2017 17:55,111.52,0.001341519
15/02/2017 18:00,107.65,0.001409553
15/02/2017 18:05,107.65,0.001161607
15/02/2017 18:10,107.65,0.000565226
15/02/2017 18:15,107.65,0.000716124
15/02/2017 18:20,107.65,0.000908307
15/02/2017 18:25,107.65,0
15/02/2017 18:30,114.75,0.001146071
15/02/2017 18:35,114.75,0
15/02/2017 18:40,114.75,0.000793189
15/02/2017 18:45,114.75,0.001012371
15/02/2017 18:50,114.75,0.000637064
15/02/2017 18:55,114.75,0.000678895
15/02/2017 19:00,112.37,0
15/02/2017 19:05,112.37,0
15/02/2017 19:10,112.37,0.002084713
15/02/2017 19:15,112.37,0
15/02/2017 19:20,112.37,0.000937206
15/02/2017 19:25,112.37,0.000400889
15/02/2017 19:30,110.98,0
15/02/2017 19:35,110.98,0
15/02/2017 19:40,110.98,0
15/02/2017 19:45,110.98,0
15/02/2017 19:50,110.98,0.000222833
15/02/2017 19:55,110.98,0.000282029
15/02/2017 20:00,112.88,0.001168126
15/02/2017 20:05,112.88,0.000158667
15/02/2017 20:10,112.88,0
15/02/2017 20:15,112.88,0
15/02/2017 20:20,112.88,0
15/02/2017 20:25,112.88,0
15/02/2017 20:30,112.3,5.33E-05
15/02/2017 20:35,112.3,2.14E-05
15/02/2017 20:40,112.3,0
15/02/2017 20:45,112.3,0.002120786
15/02/2017 20:50,112.3,0.000581939
15/02/2017 20:55,112.3,0.000298242
15/02/2017 21:00,115.02,0.000634206
15/02/2017 21:05,115.02,0
15/02/2017 21:10,115.02,6.64E-05
15/02/2017 21:15,115.02,0.00092778
15/02/2017 21:20,115.02,3.60E-05
15/02/2017 21:25,115.02,0
15/02/2017 21:30,94.53,0
15/02/2017 21:35,94.53,0
15/02/2017 21:40,94.53,0
15/02/2017 21:45,94.53,0
15/02/2017 21:50,94.53,0
15/02/2017 21:55,94.53,1.81E-05
15/02/2017 22:00,111.34,0.000217193
15/02/2017 22:05,111.34,0.000305322
15/02/2017 22:10,111.34,0
15/02/2017 22:15,111.34,0
15/02/2017 22:20,111.34,0
15/02/2017 22:25,111.34,0
15/02/2017 22:30,92.48,0.000198004
15/02/2017 22:35,92.48,1.49E-05
15/02/2017 22:40,92.48,0
15/02/2017 22:45,92.48,0
15/02/2017 22:50,92.48,4.00E-05
15/02/2017 22:55,92.48,0.001121521
15/02/2017 23:00,94.26,0.000648748
15/02/2017 23:05,94.26,0
15/02/2017 23:10,94.26,0
15/02/2017 23:15,94.26,0
15/02/2017 23:20,94.26,0
15/02/2017 23:25,94.26,0
15/02/2017 23:30,95.35,0.000554095
15/02/2017 23:35,95.35,0.00077798
15/02/2017 23:40,95.35,0.002541878
15/02/2017 23:45,95.35,0.001309359
15/02/2017 23:50,95.35,0
15/02/2017 23:55,95.35,0.001872381