tempus_interval_time,C_electricity_price [$/MWh],C_demand [MW]
2018-05-24 23:05:00,86.08,0.8916623275282141
2018-05-24 23:10:00,86.08,0.42468227387711804
2018-05-24 23:15:00,86.08,0.6937965745816825
2018-05-24 23:20:00,86.08,0.0010069574539628978
2018-05-24 23:25:00,86.08,0.2995554591847323
2018-05-24 23:30:00,125.53,0.0
2018-05-24 23:35:00,125.53,0.0
2018-05-24 23:40:00,125.53,0.0007464079903840679
2018-05-24 23:45:00,125.53,0.0
2018-05-24 23:50:00,125.53,0.04243630011271628
2018-05-24 23:55:00,125.53,0.222622719747654
2018-05-25 00:00:00,84.91,0.17460083864663015
2018-05-25 00:05:00,84.91,0.2631440247717748
2018-05-25 00:10:00,84.91,0.643381752625555
2018-05-25 00:15:00,84.91,3.0532283140369536
2018-05-25 00:20:00,84.91,2.0817213878283343
2018-05-25 00:25:00,84.91,0.0
2018-05-25 00:30:00,79.62,1.846084443111953
2018-05-25 00:35:00,79.62,2.4825245805908525
2018-05-25 00:40:00,79.62,0.5443412179844014
2018-05-25 00:45:00,79.62,0.0
2018-05-25 00:50:00,79.62,0.0
2018-05-25 00:55:00,79.62,0.0
2018-05-25 01:00:00,68.4,0.0
2018-05-25 01:05:00,68.4,1.0015650929114068
2018-05-25 01:10:00,68.4,0.9494905626647263
2018-05-25 01:15:00,68.4,0.7676452013217063
2018-05-25 01:20:00,68.4,0.0
2018-05-25 01:25:00,68.4,0.0
2018-05-25 01:30:00,64.86,2.4679363825637273
2018-05-25 01:35:00,64.86,2.101930796187574
2018-05-25 01:40:00,64.86,4.090770774408992
2018-05-25 01:45:00,64.86,1.4202200903942055
2018-05-25 01:50:00,64.86,0.8623681455247847
2018-05-25 01:55:00,64.86,0.0
2018-05-25 02:00:00,55.74,4.126193194999418
2018-05-25 02:05:00,55.74,6.929063812540839
2018-05-25 02:10:00,55.74,1.261966386446768
2018-05-25 02:15:00,55.74,0.0
2018-05-25 02:20:00,55.74,0.8052144525960012
2018-05-25 02:25:00,55.74,2.320286661763061
2018-05-25 02:30:00,55.5,0.0
2018-05-25 02:35:00,55.5,1.8434467112907726
2018-05-25 02:40:00,55.5,1.38290407736122
2018-05-25 02:45:00,55.5,0.6647106275846957
2018-05-25 02:50:00,55.5,1.027786460619862
2018-05-25 02:55:00,55.5,0.691821523407476
2018-05-25 03:00:00,54.28,0.0
2018-05-25 03:05:00,54.28,0.0
2018-05-25 03:10:00,54.28,0.26041627233172615
2018-05-25 03:15:00,54.28,0.11312973596170545
2018-05-25 03:20:00,54.28,0.00026509976511704793
2018-05-25 03:25:00,54.28,0.462944260850096
2018-05-25 03:30:00,53.22,0.0
2018-05-25 03:35:00,53.22,0.0
2018-05-25 03:40:00,53.22,0.002815844402175839
2018-05-25 03:45:00,53.22,0.0
2018-05-25 03:50:00,53.22,0.0
2018-05-25 03:55:00,53.22,0.0
2018-05-25 04:00:00,54.36,0.1451404763883727
2018-05-25 04:05:00,54.36,1.4002040860288638
2018-05-25 04:10:00,54.36,0.0
2018-05-25 04:15:00,54.36,0.0
2018-05-25 04:20:00,54.36,0.7329950141139316
2018-05-25 04:25:00,54.36,0.18266330693060356
2018-05-25 04:30:00,56.26,3.163543910134109
2018-05-25 04:35:00,56.26,0.03644253693348018
2018-05-25 04:40:00,56.26,0.23421651583319264
2018-05-25 04:45:00,56.26,0.0
2018-05-25 04:50:00,56.26,0.0
2018-05-25 04:55:00,56.26,0.0
2018-05-25 05:00:00,56.46,0.40687003494559537
2018-05-25 05:05:00,56.46,1.4480032257185629
2018-05-25 05:10:00,56.46,1.2273203705727407
2018-05-25 05:15:00,56.46,0.4459995971479511
2018-05-25 05:20:00,56.46,0.0
2018-05-25 05:25:00,56.46,0.9489384967665744
2018-05-25 05:30:00,63.7,2.707950757196635
2018-05-25 05:35:00,63.7,0.8405890623915488
2018-05-25 05:40:00,63.7,0.0
2018-05-25 05:45:00,63.7,0.3115186151056868
2018-05-25 05:50:00,63.7,0.0
2018-05-25 05:55:00,63.7,0.80915637440757
2018-05-25 06:00:00,87.55,4.3932393266939425
2018-05-25 06:05:00,87.55,0.0
2018-05-25 06:10:00,87.55,0.09531712044872487
2018-05-25 06:15:00,87.55,1.034641168731896
2018-05-25 06:20:00,87.55,0.0
2018-05-25 06:25:00,87.55,5.423135951814412
2018-05-25 06:30:00,156.69,1.8645736243900664
2018-05-25 06:35:00,156.69,0.0
2018-05-25 06:40:00,156.69,0.9350021689560404
2018-05-25 06:45:00,156.69,0.5181773121761378
2018-05-25 06:50:00,156.69,2.089885368203227
2018-05-25 06:55:00,156.69,1.7735727262445424
2018-05-25 07:00:00,88.57,0.07467106080717192
2018-05-25 07:05:00,88.57,1.087342424821382
2018-05-25 07:10:00,88.57,0.0
2018-05-25 07:15:00,88.57,0.1469252376584843
2018-05-25 07:20:00,88.57,0.0
2018-05-25 07:25:00,88.57,0.07922912251371125
2018-05-25 07:30:00,108.83,2.189791585977678
2018-05-25 07:35:00,108.83,2.284548367803738
2018-05-25 07:40:00,108.83,0.0009066446501635737
2018-05-25 07:45:00,108.83,0.03882789105519957
2018-05-25 07:50:00,108.83,1.0808424449648995
2018-05-25 07:55:00,108.83,0.6512094414121781
2018-05-25 08:00:00,94.5,0.0
2018-05-25 08:05:00,94.5,0.15607634602275322
2018-05-25 08:10:00,94.5,0.742856660944799
2018-05-25 08:15:00,94.5,0.0
2018-05-25 08:20:00,94.5,1.3493071600110615
2018-05-25 08:25:00,94.5,0.8427476504363403
2018-05-25 08:30:00,92.66,3.0212797583987827
2018-05-25 08:35:00,92.66,0.6930862556270397
2018-05-25 08:40:00,92.66,0.0
2018-05-25 08:45:00,92.66,0.0
2018-05-25 08:50:00,92.66,0.0
2018-05-25 08:55:00,92.66,0.0
2018-05-25 09:00:00,91.88,0.871276777419379
2018-05-25 09:05:00,91.88,0.6220145463938453
2018-05-25 09:10:00,91.88,0.0
2018-05-25 09:15:00,91.88,1.2531095503382368
2018-05-25 09:20:00,91.88,0.8680984460677275
2018-05-25 09:25:00,91.88,0.0
2018-05-25 09:30:00,87.14,0.0
2018-05-25 09:35:00,87.14,0.0
2018-05-25 09:40:00,87.14,2.0828869328771598
2018-05-25 09:45:00,87.14,0.0
2018-05-25 09:50:00,87.14,1.2396765491572104
2018-05-25 09:55:00,87.14,0.0
2018-05-25 10:00:00,82.05,2.551463370681382
2018-05-25 10:05:00,82.05,6.680610905807683
2018-05-25 10:10:00,82.05,6.556903776716497
2018-05-25 10:15:00,82.05,0.0
2018-05-25 10:20:00,82.05,5.664274438368547
2018-05-25 10:25:00,82.05,0.0
2018-05-25 10:30:00,84.22,0.0
2018-05-25 10:35:00,84.22,3.109181394671294
2018-05-25 10:40:00,84.22,0.9410465545219642
2018-05-25 10:45:00,84.22,1.7249069001433495
2018-05-25 10:50:00,84.22,0.0
2018-05-25 10:55:00,84.22,0.0
2018-05-25 11:00:00,77.82,0.7201040819308229
2018-05-25 11:05:00,77.82,0.0
2018-05-25 11:10:00,77.82,0.4468527417421911
2018-05-25 11:15:00,77.82,0.10273699586222551
2018-05-25 11:20:00,77.82,0.0
2018-05-25 11:25:00,77.82,0.05202863846297352
2018-05-25 11:30:00,82.89,3.68514914849154
2018-05-25 11:35:00,82.89,1.0093099822561582
2018-05-25 11:40:00,82.89,0.0
2018-05-25 11:45:00,82.89,0.0
2018-05-25 11:50:00,82.89,0.0
2018-05-25 11:55:00,82.89,0.27266551624998425
2018-05-25 12:00:00,84.22,0.1043950674206577
2018-05-25 12:05:00,84.22,0.5775251416716429
2018-05-25 12:10:00,84.22,0.0
2018-05-25 12:15:00,84.22,1.3651638985835544
2018-05-25 12:20:00,84.22,0.0
2018-05-25 12:25:00,84.22,0.23666578414600278
2018-05-25 12:30:00,89.26,0.6018006798813067
2018-05-25 12:35:00,89.26,0.0
2018-05-25 12:40:00,89.26,0.4695883192659034
2018-05-25 12:45:00,89.26,0.0
2018-05-25 12:50:00,89.26,0.0
2018-05-25 12:55:00,89.26,0.0
2018-05-25 13:00:00,86.96,0.0
2018-05-25 13:05:00,86.96,2.1093915527193654
2018-05-25 13:10:00,86.96,0.7592580847592053
2018-05-25 13:15:00,86.96,0.7523915627864775
2018-05-25 13:20:00,86.96,0.029994687401869835
2018-05-25 13:25:00,86.96,0.0
2018-05-25 13:30:00,82.93,0.6258896082289975
2018-05-25 13:35:00,82.93,1.3809875266073566
2018-05-25 13:40:00,82.93,0.0
2018-05-25 13:45:00,82.93,7.648889332838644
2018-05-25 13:50:00,82.93,0.0
2018-05-25 13:55:00,82.93,5.1842252800846484
2018-05-25 14:00:00,89.77,0.0
2018-05-25 14:05:00,89.77,0.0
2018-05-25 14:10:00,89.77,1.1921191371517526
2018-05-25 14:15:00,89.77,5.808963624884013
2018-05-25 14:20:00,89.77,1.307742518416422
2018-05-25 14:25:00,89.77,0.0
2018-05-25 14:30:00,94.17,1.5328632257491435
2018-05-25 14:35:00,94.17,1.6887215666378088
2018-05-25 14:40:00,94.17,1.603119602049933
2018-05-25 14:45:00,94.17,1.1525740721937412
2018-05-25 14:50:00,94.17,0.0
2018-05-25 14:55:00,94.17,0.7025310676015435
2018-05-25 15:00:00,106.57,0.15619392692569434
2018-05-25 15:05:00,106.57,0.4126026446064705
2018-05-25 15:10:00,106.57,0.48154661835286533
2018-05-25 15:15:00,106.57,0.09917051655985593
2018-05-25 15:20:00,106.57,0.0
2018-05-25 15:25:00,106.57,0.014882740160765134
2018-05-25 15:30:00,116.57,1.8746288753493754
2018-05-25 15:35:00,116.57,0.0
2018-05-25 15:40:00,116.57,0.0
2018-05-25 15:45:00,116.57,0.0
2018-05-25 15:50:00,116.57,0.0
2018-05-25 15:55:00,116.57,0.0
2018-05-25 16:00:00,123.45,0.0
2018-05-25 16:05:00,123.45,0.8269019010314442
2018-05-25 16:10:00,123.45,1.4242019512543906
2018-05-25 16:15:00,123.45,0.0
2018-05-25 16:20:00,123.45,1.033254994195309
2018-05-25 16:25:00,123.45,0.0
2018-05-25 16:30:00,162.13,1.322741608351432
2018-05-25 16:35:00,162.13,0.7999660962312785
2018-05-25 16:40:00,162.13,0.13739357920639306
2018-05-25 16:45:00,162.13,0.0
2018-05-25 16:50:00,162.13,0.0
2018-05-25 16:55:00,162.13,0.0
2018-05-25 17:00:00,139.73,0.5343277394982549
2018-05-25 17:05:00,139.73,0.6117438889289512
2018-05-25 17:10:00,139.73,0.253452279634756
2018-05-25 17:15:00,139.73,2.1527196369001285
2018-05-25 17:20:00,139.73,0.0
2018-05-25 17:25:00,139.73,0.0
2018-05-25 17:30:00,154.3,1.7770125694313093
2018-05-25 17:35:00,154.3,0.0
2018-05-25 17:40:00,154.3,8.44527014316135
2018-05-25 17:45:00,154.3,1.5395115288186765
2018-05-25 17:50:00,154.3,0.0
2018-05-25 17:55:00,154.3,0.5916933217289202
2018-05-25 18:00:00,138.69,4.627805208536724
2018-05-25 18:05:00,138.69,0.37121660284783076
2018-05-25 18:10:00,138.69,8.055986270622213
2018-05-25 18:15:00,138.69,3.5979290999641806
2018-05-25 18:20:00,138.69,5.345437799159849
2018-05-25 18:25:00,138.69,1.2241247950803842
2018-05-25 18:30:00,116.57,0.1051132707331176
2018-05-25 18:35:00,116.57,1.201947476222858
2018-05-25 18:40:00,116.57,3.1913313824052874
2018-05-25 18:45:00,116.57,0.0
2018-05-25 18:50:00,116.57,0.28347569596555466
2018-05-25 18:55:00,116.57,0.12133047996194976
2018-05-25 19:00:00,103.46,1.7359717363760987
2018-05-25 19:05:00,103.46,1.288521034328835
2018-05-25 19:10:00,103.46,0.11418073460588576
2018-05-25 19:15:00,103.46,0.13605582939357333
2018-05-25 19:20:00,103.46,0.0005407879654578039
2018-05-25 19:25:00,103.46,0.13688717721231175
2018-05-25 19:30:00,109.17,2.8880052237480762
2018-05-25 19:35:00,109.17,0.6734372753596962
2018-05-25 19:40:00,109.17,0.0
2018-05-25 19:45:00,109.17,0.0
2018-05-25 19:50:00,109.17,0.0
2018-05-25 19:55:00,109.17,0.0
2018-05-25 20:00:00,104.68,0.10811625282387438
2018-05-25 20:05:00,104.68,1.0386192965473293
2018-05-25 20:10:00,104.68,0.8314639023222453
2018-05-25 20:15:00,104.68,0.2943332671248575
2018-05-25 20:20:00,104.68,0.35777939284246246
2018-05-25 20:25:00,104.68,0.2894415291999334
2018-05-25 20:30:00,95.59,0.0
2018-05-25 20:35:00,95.59,0.19898283191270746
2018-05-25 20:40:00,95.59,0.0
2018-05-25 20:45:00,95.59,0.0
2018-05-25 20:50:00,95.59,0.0
2018-05-25 20:55:00,95.59,0.0
2018-05-25 21:00:00,91.25,1.014367729017033
2018-05-25 21:05:00,91.25,1.02595077519973
2018-05-25 21:10:00,91.25,1.2111703274837382
2018-05-25 21:15:00,91.25,0.5439459475269919
2018-05-25 21:20:00,91.25,0.0
2018-05-25 21:25:00,91.25,3.3050612741572563
2018-05-25 21:30:00,84.81,0.0
2018-05-25 21:35:00,84.81,0.15898904669661273
2018-05-25 21:40:00,84.81,0.0
2018-05-25 21:45:00,84.81,4.552668593047772
2018-05-25 21:50:00,84.81,4.6379834839301095
2018-05-25 21:55:00,84.81,3.133140548741408
2018-05-25 22:00:00,125.26,2.251003805896192
2018-05-25 22:05:00,125.26,0.0
2018-05-25 22:10:00,125.26,0.0
2018-05-25 22:15:00,125.26,2.293879758585768
2018-05-25 22:20:00,125.26,0.0
2018-05-25 22:25:00,125.26,0.0
2018-05-25 22:30:00,78.86,0.0
2018-05-25 22:35:00,78.86,0.36858120087602675
2018-05-25 22:40:00,78.86,0.4713381608846681
2018-05-25 22:45:00,78.86,0.0
2018-05-25 22:50:00,78.86,0.0
2018-05-25 22:55:00,78.86,0.4975790235140127
2018-05-25 23:00:00,80.96,1.1916998692398657
2018-05-25 23:05:00,80.96,0.0
2018-05-25 23:10:00,80.96,0.0
2018-05-25 23:15:00,80.96,0.009540512161393344
2018-05-25 23:20:00,80.96,0.0004133899942053729
2018-05-25 23:25:00,80.96,0.0
2018-05-25 23:30:00,83.15,0.0
2018-05-25 23:35:00,83.15,0.0
2018-05-25 23:40:00,83.15,0.0016273008352580217
2018-05-25 23:45:00,83.15,0.1701481984815613
2018-05-25 23:50:00,83.15,0.0
2018-05-25 23:55:00,83.15,0.0
2018-05-26 00:00:00,86.84,0.0
2018-05-26 00:05:00,86.84,0.7686172311319406
2018-05-26 00:10:00,86.84,0.0
2018-05-26 00:15:00,86.84,0.0
2018-05-26 00:20:00,86.84,0.3764778158706167
2018-05-26 00:25:00,86.84,0.7748398240402145
2018-05-26 00:30:00,78.87,0.0
2018-05-26 00:35:00,78.87,1.6450888190995387
2018-05-26 00:40:00,78.87,0.0
2018-05-26 00:45:00,78.87,0.0
2018-05-26 00:50:00,78.87,0.0
2018-05-26 00:55:00,78.87,0.0
2018-05-26 01:00:00,67.97,0.0
2018-05-26 01:05:00,67.97,0.49077765277449137
2018-05-26 01:10:00,67.97,1.1910912086409569
2018-05-26 01:15:00,67.97,0.0
2018-05-26 01:20:00,67.97,0.0
2018-05-26 01:25:00,67.97,1.9028766506581944
2018-05-26 01:30:00,63.31,1.5658399551035214
2018-05-26 01:35:00,63.31,3.4161288459154426
2018-05-26 01:40:00,63.31,0.0
2018-05-26 01:45:00,63.31,1.9895000484520708
2018-05-26 01:50:00,63.31,1.0578689666961743
2018-05-26 01:55:00,63.31,5.912405007911913
2018-05-26 02:00:00,48.15,5.248550515679228
2018-05-26 02:05:00,48.15,0.29628542037396377
2018-05-26 02:10:00,48.15,4.762834350030045
2018-05-26 02:15:00,48.15,0.0
2018-05-26 02:20:00,48.15,3.492377923961544
2018-05-26 02:25:00,48.15,0.2911947016174339
2018-05-26 02:30:00,50.63,0.0
2018-05-26 02:35:00,50.63,1.7229969450928238
2018-05-26 02:40:00,50.63,2.6532904223300995
2018-05-26 02:45:00,50.63,0.0
2018-05-26 02:50:00,50.63,0.0
2018-05-26 02:55:00,50.63,0.0
2018-05-26 03:00:00,42.2,0.7170801192899565
2018-05-26 03:05:00,42.2,0.0
2018-05-26 03:10:00,42.2,0.07328191057190582
2018-05-26 03:15:00,42.2,0.06713588206910953
2018-05-26 03:20:00,42.2,0.0002606859790802253
2018-05-26 03:25:00,42.2,0.0
2018-05-26 03:30:00,44.16,0.0
2018-05-26 03:35:00,44.16,0.0
2018-05-26 03:40:00,44.16,0.0
2018-05-26 03:45:00,44.16,0.0
2018-05-26 03:50:00,44.16,0.6854702132525761
2018-05-26 03:55:00,44.16,0.0
2018-05-26 04:00:00,47.69,0.029491858238389564
2018-05-26 04:05:00,47.69,0.0
2018-05-26 04:10:00,47.69,0.0
2018-05-26 04:15:00,47.69,0.3276515680201536
2018-05-26 04:20:00,47.69,0.5603239941332023
2018-05-26 04:25:00,47.69,0.45444154722328123
2018-05-26 04:30:00,50.5,0.9399012900755594
2018-05-26 04:35:00,50.5,0.0
2018-05-26 04:40:00,50.5,0.4606454273646255
2018-05-26 04:45:00,50.5,0.0
2018-05-26 04:50:00,50.5,0.0
2018-05-26 04:55:00,50.5,0.0
2018-05-26 05:00:00,51.26,0.9875659086972355
2018-05-26 05:05:00,51.26,0.7664582921215621
2018-05-26 05:10:00,51.26,0.0
2018-05-26 05:15:00,51.26,2.0502693725104475
2018-05-26 05:20:00,51.26,0.0
2018-05-26 05:25:00,51.26,0.0
2018-05-26 05:30:00,53.47,0.0
2018-05-26 05:35:00,53.47,0.5411650803692482
2018-05-26 05:40:00,53.47,1.4307464402239647
2018-05-26 05:45:00,53.47,1.4162031729937437
2018-05-26 05:50:00,53.47,3.094760152622138
2018-05-26 05:55:00,53.47,7.718823444913707
2018-05-26 06:00:00,58.56,4.727239535882322
2018-05-26 06:05:00,58.56,1.4694508771299497
2018-05-26 06:10:00,58.56,0.6866924578384492
2018-05-26 06:15:00,58.56,2.384226449126798
2018-05-26 06:20:00,58.56,1.0457757383496014
2018-05-26 06:25:00,58.56,3.486818423023349
2018-05-26 06:30:00,72.63,0.0
2018-05-26 06:35:00,72.63,0.10479580514894876
2018-05-26 06:40:00,72.63,0.7848204703903694
2018-05-26 06:45:00,72.63,0.342753691988007
2018-05-26 06:50:00,72.63,0.618233350268568
2018-05-26 06:55:00,72.63,0.394589164160157
2018-05-26 07:00:00,78.82,0.16398775948453287
2018-05-26 07:05:00,78.82,0.49723406159796957
2018-05-26 07:10:00,78.82,0.0
2018-05-26 07:15:00,78.82,0.3280743994635828
2018-05-26 07:20:00,78.82,0.0
2018-05-26 07:25:00,78.82,0.0
2018-05-26 07:30:00,88.23,3.085952790307649
2018-05-26 07:35:00,88.23,1.5123408364746662
2018-05-26 07:40:00,88.23,0.0
2018-05-26 07:45:00,88.23,0.0
2018-05-26 07:50:00,88.23,0.16023472528855554
2018-05-26 07:55:00,88.23,0.6034770050140141
2018-05-26 08:00:00,160.88,0.11602783996114113
2018-05-26 08:05:00,160.88,0.0
2018-05-26 08:10:00,160.88,0.0
2018-05-26 08:15:00,160.88,0.0
2018-05-26 08:20:00,160.88,0.16323391931850725
2018-05-26 08:25:00,160.88,0.0
2018-05-26 08:30:00,81.74,0.0
2018-05-26 08:35:00,81.74,0.0
2018-05-26 08:40:00,81.74,0.3391831465529555
2018-05-26 08:45:00,81.74,0.0
2018-05-26 08:50:00,81.74,0.0
2018-05-26 08:55:00,81.74,0.0
2018-05-26 09:00:00,79.37,1.1059963645703672
2018-05-26 09:05:00,79.37,0.0
2018-05-26 09:10:00,79.37,0.0
2018-05-26 09:15:00,79.37,0.1860810870648748
2018-05-26 09:20:00,79.37,1.1031934263124734
2018-05-26 09:25:00,79.37,2.9622362359926533
2018-05-26 09:30:00,61.15,0.6233642168894081
2018-05-26 09:35:00,61.15,1.1565994670406625
2018-05-26 09:40:00,61.15,1.2822471366040082
2018-05-26 09:45:00,61.15,1.966721847694935
2018-05-26 09:50:00,61.15,0.0
2018-05-26 09:55:00,61.15,8.008457034588897
2018-05-26 10:00:00,57.08,1.3245279782993404
2018-05-26 10:05:00,57.08,3.321683279448692
2018-05-26 10:10:00,57.08,0.0
2018-05-26 10:15:00,57.08,0.8656010421706082
2018-05-26 10:20:00,57.08,4.849033820514637
2018-05-26 10:25:00,57.08,2.3314183553713175
2018-05-26 10:30:00,54.66,2.620362759850822
2018-05-26 10:35:00,54.66,0.0
2018-05-26 10:40:00,54.66,1.947389268280864
2018-05-26 10:45:00,54.66,2.554638047807485
2018-05-26 10:50:00,54.66,2.147525470290279
2018-05-26 10:55:00,54.66,0.0
2018-05-26 11:00:00,53.61,0.0
2018-05-26 11:05:00,53.61,1.0357990405495807
2018-05-26 11:10:00,53.61,0.5524755282920806
2018-05-26 11:15:00,53.61,0.0
2018-05-26 11:20:00,53.61,0.0
2018-05-26 11:25:00,53.61,0.07968219395253634
2018-05-26 11:30:00,55.7,3.249857456107499
2018-05-26 11:35:00,55.7,0.5295651163550991
2018-05-26 11:40:00,55.7,0.0020448047167145773
2018-05-26 11:45:00,55.7,0.0
2018-05-26 11:50:00,55.7,0.3016008567024563
2018-05-26 11:55:00,55.7,0.0
2018-05-26 12:00:00,54.06,0.0
2018-05-26 12:05:00,54.06,0.0
2018-05-26 12:10:00,54.06,0.3120212534635677
2018-05-26 12:15:00,54.06,0.20843321581571433
2018-05-26 12:20:00,54.06,0.7248309523769432
2018-05-26 12:25:00,54.06,0.0
2018-05-26 12:30:00,56.96,0.0
2018-05-26 12:35:00,56.96,0.0
2018-05-26 12:40:00,56.96,0.0
2018-05-26 12:45:00,56.96,0.0
2018-05-26 12:50:00,56.96,0.0
2018-05-26 12:55:00,56.96,0.0
2018-05-26 13:00:00,55.2,1.1321984411984056
2018-05-26 13:05:00,55.2,1.0018883096786197
2018-05-26 13:10:00,55.2,1.376503910293747
2018-05-26 13:15:00,55.2,0.9175297472280814
2018-05-26 13:20:00,55.2,0.0
2018-05-26 13:25:00,55.2,2.210572102344899
2018-05-26 13:30:00,57.02,0.0
2018-05-26 13:35:00,57.02,0.0
2018-05-26 13:40:00,57.02,7.9049708697767445
2018-05-26 13:45:00,57.02,0.0
2018-05-26 13:50:00,57.02,5.6158749126862775
2018-05-26 13:55:00,57.02,0.0
2018-05-26 14:00:00,58.85,2.951369867670003
2018-05-26 14:05:00,58.85,0.0
2018-05-26 14:10:00,58.85,0.0
2018-05-26 14:15:00,58.85,2.0257034485461394
2018-05-26 14:20:00,58.85,2.7830587317213884
2018-05-26 14:25:00,58.85,2.2862087667389166
2018-05-26 14:30:00,60.86,0.3259753319194779
2018-05-26 14:35:00,60.86,0.0
2018-05-26 14:40:00,60.86,1.786363229508754
2018-05-26 14:45:00,60.86,0.0
2018-05-26 14:50:00,60.86,0.27779485382715785
2018-05-26 14:55:00,60.86,0.421071709416158
2018-05-26 15:00:00,64.42,0.36000409995303406
2018-05-26 15:05:00,64.42,0.7984657156484046
2018-05-26 15:10:00,64.42,0.2287932849619722
2018-05-26 15:15:00,64.42,0.0
2018-05-26 15:20:00,64.42,0.00019439983218136133
2018-05-26 15:25:00,64.42,0.030593150866567484
2018-05-26 15:30:00,70.59,0.0
2018-05-26 15:35:00,70.59,0.0
2018-05-26 15:40:00,70.59,0.0022988661479043915
2018-05-26 15:45:00,70.59,0.0
2018-05-26 15:50:00,70.59,0.0
2018-05-26 15:55:00,70.59,1.4088967294749148
2018-05-26 16:00:00,74.47,0.0
2018-05-26 16:05:00,74.47,0.14656741802750442
2018-05-26 16:10:00,74.47,0.0
2018-05-26 16:15:00,74.47,0.3815209821335986
2018-05-26 16:20:00,74.47,2.025281441302984
2018-05-26 16:25:00,74.47,0.5655581679044733
2018-05-26 16:30:00,86.1,0.0
2018-05-26 16:35:00,86.1,0.992971578524751
2018-05-26 16:40:00,86.1,0.0
2018-05-26 16:45:00,86.1,0.0
2018-05-26 16:50:00,86.1,0.0
2018-05-26 16:55:00,86.1,0.0
2018-05-26 17:00:00,112.75,0.0
2018-05-26 17:05:00,112.75,0.06418668068810995
2018-05-26 17:10:00,112.75,1.6748648836308178
2018-05-26 17:15:00,112.75,0.7580824525291555
2018-05-26 17:20:00,112.75,0.0
2018-05-26 17:25:00,112.75,0.0
2018-05-26 17:30:00,105.7,3.5591826662149764
2018-05-26 17:35:00,105.7,2.5273335857041044
2018-05-26 17:40:00,105.7,2.263359400812689
2018-05-26 17:45:00,105.7,0.0
2018-05-26 17:50:00,105.7,5.65747454899456
2018-05-26 17:55:00,105.7,3.8030502715832744
2018-05-26 18:00:00,99.85,3.948916531282116
2018-05-26 18:05:00,99.85,0.0
2018-05-26 18:10:00,99.85,0.9355423914741361
2018-05-26 18:15:00,99.85,3.596227490394206
2018-05-26 18:20:00,99.85,0.0
2018-05-26 18:25:00,99.85,1.6312221788853674
2018-05-26 18:30:00,101.18,0.0
2018-05-26 18:35:00,101.18,0.0
2018-05-26 18:40:00,101.18,1.9860220228243581
2018-05-26 18:45:00,101.18,0.0
2018-05-26 18:50:00,101.18,0.7327118177260175
2018-05-26 18:55:00,101.18,0.0
2018-05-26 19:00:00,92.55,1.098024097196956
2018-05-26 19:05:00,92.55,0.0
2018-05-26 19:10:00,92.55,0.2521240604100418
2018-05-26 19:15:00,92.55,0.33944850321565245
2018-05-26 19:20:00,92.55,0.00021537390378792318
2018-05-26 19:25:00,92.55,0.0238750323018745
2018-05-26 19:30:00,90.5,1.8689415312914046
2018-05-26 19:35:00,90.5,0.0
2018-05-26 19:40:00,90.5,0.0
2018-05-26 19:45:00,90.5,0.0
2018-05-26 19:50:00,90.5,1.0682563311858095
2018-05-26 19:55:00,90.5,0.16946941926315823
2018-05-26 20:00:00,77.94,0.0
2018-05-26 20:05:00,77.94,0.6076821380173092
2018-05-26 20:10:00,77.94,1.1906717646011469
2018-05-26 20:15:00,77.94,2.8106778376484973
2018-05-26 20:20:00,77.94,1.0239487599370674
2018-05-26 20:25:00,77.94,0.3076122069037709
2018-05-26 20:30:00,63.26,0.0
2018-05-26 20:35:00,63.26,0.3030101206701175
2018-05-26 20:40:00,63.26,0.0
2018-05-26 20:45:00,63.26,0.0
2018-05-26 20:50:00,63.26,0.0
2018-05-26 20:55:00,63.26,0.0
2018-05-26 21:00:00,71.1,0.0
2018-05-26 21:05:00,71.1,0.0
2018-05-26 21:10:00,71.1,0.0
2018-05-26 21:15:00,71.1,0.0
2018-05-26 21:20:00,71.1,0.010115171525487854
2018-05-26 21:25:00,71.1,0.0
2018-05-26 21:30:00,66.16,0.0
2018-05-26 21:35:00,66.16,2.4828295545910626
2018-05-26 21:40:00,66.16,4.102201385741978
2018-05-26 21:45:00,66.16,2.0866152657421537
2018-05-26 21:50:00,66.16,2.9809121679492927
2018-05-26 21:55:00,66.16,0.0
2018-05-26 22:00:00,63.53,0.0
2018-05-26 22:05:00,63.53,5.228735690892079
2018-05-26 22:10:00,63.53,0.0
2018-05-26 22:15:00,63.53,4.79538057166285
2018-05-26 22:20:00,63.53,0.0
2018-05-26 22:25:00,63.53,2.2960427521719806
2018-05-26 22:30:00,60.46,0.0
2018-05-26 22:35:00,60.46,0.0
2018-05-26 22:40:00,60.46,0.990700104107228
2018-05-26 22:45:00,60.46,0.0
2018-05-26 22:50:00,60.46,1.9640118546275445
2018-05-26 22:55:00,60.46,0.28524818230339033
2018-05-26 23:00:00,61.09,0.0
2018-05-26 23:05:00,61.09,0.0
2018-05-26 23:10:00,61.09,0.4585290925426052
2018-05-26 23:15:00,61.09,0.15862746675614706
2018-05-26 23:20:00,61.09,0.0
2018-05-26 23:25:00,61.09,0.09485791806261422
2018-05-26 23:30:00,63.98,0.0
2018-05-26 23:35:00,63.98,0.562253682284779
2018-05-26 23:40:00,63.98,0.0
2018-05-26 23:45:00,63.98,0.0
2018-05-26 23:50:00,63.98,0.11890808362897813
2018-05-26 23:55:00,63.98,0.0
2018-05-27 00:00:00,54.29,0.0
2018-05-27 00:05:00,54.29,0.23383598649976878
2018-05-27 00:10:00,54.29,1.6626816144372538
2018-05-27 00:15:00,54.29,0.3307193618795492
2018-05-27 00:20:00,54.29,0.0
2018-05-27 00:25:00,54.29,0.0
2018-05-27 00:30:00,53.67,3.0272406857839846
2018-05-27 00:35:00,53.67,0.0
2018-05-27 00:40:00,53.67,0.3985509441711456
2018-05-27 00:45:00,53.67,0.0
2018-05-27 00:50:00,53.67,0.0
2018-05-27 00:55:00,53.67,0.0
2018-05-27 01:00:00,42.38,0.10228109087992557
2018-05-27 01:05:00,42.38,0.0
2018-05-27 01:10:00,42.38,0.16039329048980278
2018-05-27 01:15:00,42.38,0.9714945628855418
2018-05-27 01:20:00,42.38,0.0
2018-05-27 01:25:00,42.38,0.0
2018-05-27 01:30:00,35.99,2.605081360105471
2018-05-27 01:35:00,35.99,1.4777984473326728
2018-05-27 01:40:00,35.99,2.892760887953237
2018-05-27 01:45:00,35.99,3.306314079175001
2018-05-27 01:50:00,35.99,0.0
2018-05-27 01:55:00,35.99,1.0801482628802195
2018-05-27 02:00:00,24.92,0.31644181192680243
2018-05-27 02:05:00,24.92,0.0
2018-05-27 02:10:00,24.92,0.7887098175337957
2018-05-27 02:15:00,24.92,5.77987084450744
2018-05-27 02:20:00,24.92,5.044654297791693
2018-05-27 02:25:00,24.92,3.422595361672696
2018-05-27 02:30:00,21.37,3.8970423058205252
2018-05-27 02:35:00,21.37,3.254384734481261
2018-05-27 02:40:00,21.37,0.0
2018-05-27 02:45:00,21.37,1.2438907213430104
2018-05-27 02:50:00,21.37,0.7525526653967456
2018-05-27 02:55:00,21.37,0.0
2018-05-27 03:00:00,21.83,0.23402003795992748
2018-05-27 03:05:00,21.83,0.4971803779158115
2018-05-27 03:10:00,21.83,0.0
2018-05-27 03:15:00,21.83,0.056585109115795326
2018-05-27 03:20:00,21.83,0.0
2018-05-27 03:25:00,21.83,0.0
2018-05-27 03:30:00,21.72,3.00419376622683
2018-05-27 03:35:00,21.72,0.06879626460748167
2018-05-27 03:40:00,21.72,0.0
2018-05-27 03:45:00,21.72,0.008389364642585544
2018-05-27 03:50:00,21.72,0.4393981743055866
2018-05-27 03:55:00,21.72,0.0
2018-05-27 04:00:00,20.8,0.17072603435103373
2018-05-27 04:05:00,20.8,0.7683658500287207
2018-05-27 04:10:00,20.8,1.944333899126604
2018-05-27 04:15:00,20.8,0.0040484912544749285
2018-05-27 04:20:00,20.8,0.5613983457438272
2018-05-27 04:25:00,20.8,0.0
2018-05-27 04:30:00,16.09,0.0
2018-05-27 04:35:00,16.09,0.18292642252153624
2018-05-27 04:40:00,16.09,0.014476428963167233
2018-05-27 04:45:00,16.09,0.0
2018-05-27 04:50:00,16.09,0.0
2018-05-27 04:55:00,16.09,0.0
2018-05-27 05:00:00,12.97,0.6842407727429125
2018-05-27 05:05:00,12.97,2.387976267713104
2018-05-27 05:10:00,12.97,0.37349451529904865
2018-05-27 05:15:00,12.97,1.007677876155082
2018-05-27 05:20:00,12.97,1.2516100551865128
2018-05-27 05:25:00,12.97,0.04132153914533454
2018-05-27 05:30:00,20.26,0.0
2018-05-27 05:35:00,20.26,1.2030049660790618
2018-05-27 05:40:00,20.26,0.8132449452456867
2018-05-27 05:45:00,20.26,1.566848097533555
2018-05-27 05:50:00,20.26,3.020602295471388
2018-05-27 05:55:00,20.26,0.8804442059169517
2018-05-27 06:00:00,18.46,0.0
2018-05-27 06:05:00,18.46,0.5821429545592385
2018-05-27 06:10:00,18.46,0.7022943558564065
2018-05-27 06:15:00,18.46,0.7656227853051654
2018-05-27 06:20:00,18.46,5.017689558611955
2018-05-27 06:25:00,18.46,0.18945854775206017
2018-05-27 06:30:00,21.68,0.0
2018-05-27 06:35:00,21.68,0.0
2018-05-27 06:40:00,21.68,1.9460871698914288
2018-05-27 06:45:00,21.68,0.0
2018-05-27 06:50:00,21.68,0.0
2018-05-27 06:55:00,21.68,0.0
2018-05-27 07:00:00,19.48,0.16295930514083404
2018-05-27 07:05:00,19.48,0.0
2018-05-27 07:10:00,19.48,0.6826467639396425
2018-05-27 07:15:00,19.48,0.09355756838114243
2018-05-27 07:20:00,19.48,0.0010611510139093537
2018-05-27 07:25:00,19.48,0.11339991789204738
2018-05-27 07:30:00,25.21,0.582608199766645
2018-05-27 07:35:00,25.21,1.3010321058827654
2018-05-27 07:40:00,25.21,0.002557346952251871
2018-05-27 07:45:00,25.21,0.0
2018-05-27 07:50:00,25.21,0.4432382259246544
2018-05-27 07:55:00,25.21,1.0527585112499263
2018-05-27 08:00:00,45.43,0.0
2018-05-27 08:05:00,45.43,0.44682971092602186
2018-05-27 08:10:00,45.43,0.0
2018-05-27 08:15:00,45.43,0.0
2018-05-27 08:20:00,45.43,1.053927007956633
2018-05-27 08:25:00,45.43,0.0
2018-05-27 08:30:00,50.96,3.0862537838015673
2018-05-27 08:35:00,50.96,0.45508398861794974
2018-05-27 08:40:00,50.96,0.0
2018-05-27 08:45:00,50.96,0.0
2018-05-27 08:50:00,50.96,0.0
2018-05-27 08:55:00,50.96,0.0
2018-05-27 09:00:00,51.63,0.7902490727432538
2018-05-27 09:05:00,51.63,0.0
2018-05-27 09:10:00,51.63,2.618039098949351
2018-05-27 09:15:00,51.63,0.0
2018-05-27 09:20:00,51.63,0.03530974368356832
2018-05-27 09:25:00,51.63,0.5688019563410687
2018-05-27 09:30:00,46.4,1.4871997901435563
2018-05-27 09:35:00,46.4,0.8346549989267471
2018-05-27 09:40:00,46.4,4.346857767883221
2018-05-27 09:45:00,46.4,1.8296835683654766
2018-05-27 09:50:00,46.4,5.579057397563246
2018-05-27 09:55:00,46.4,0.0
2018-05-27 10:00:00,56.66,4.215080750937046
2018-05-27 10:05:00,56.66,0.0
2018-05-27 10:10:00,56.66,0.0
2018-05-27 10:15:00,56.66,2.386539320396883
2018-05-27 10:20:00,56.66,0.0
2018-05-27 10:25:00,56.66,1.2590732104390259
2018-05-27 10:30:00,66.11,4.382446128536361
2018-05-27 10:35:00,66.11,2.9748020932052706
2018-05-27 10:40:00,66.11,1.1343163337412474
2018-05-27 10:45:00,66.11,0.06254245478183246
2018-05-27 10:50:00,66.11,0.9993082337986208
2018-05-27 10:55:00,66.11,0.0
2018-05-27 11:00:00,68.91,1.0031755636356445
2018-05-27 11:05:00,68.91,0.0
2018-05-27 11:10:00,68.91,0.38530048528295535
2018-05-27 11:15:00,68.91,0.0
2018-05-27 11:20:00,68.91,0.0
2018-05-27 11:25:00,68.91,0.0214603313586831
2018-05-27 11:30:00,78.63,2.234943787066466
2018-05-27 11:35:00,78.63,2.4039657802942136
2018-05-27 11:40:00,78.63,0.0005412687774350741
2018-05-27 11:45:00,78.63,0.0
2018-05-27 11:50:00,78.63,0.0
2018-05-27 11:55:00,78.63,0.0
2018-05-27 12:00:00,78.15,0.0
2018-05-27 12:05:00,78.15,0.0
2018-05-27 12:10:00,78.15,0.7523514954889277
2018-05-27 12:15:00,78.15,0.0
2018-05-27 12:20:00,78.15,0.0
2018-05-27 12:25:00,78.15,0.0
2018-05-27 12:30:00,71.71,2.2389178220054795
2018-05-27 12:35:00,71.71,0.23208300613512456
2018-05-27 12:40:00,71.71,0.15043943249521513
2018-05-27 12:45:00,71.71,0.0
2018-05-27 12:50:00,71.71,0.0
2018-05-27 12:55:00,71.71,0.0
2018-05-27 13:00:00,72.01,0.0
2018-05-27 13:05:00,72.01,1.6830287427599795
2018-05-27 13:10:00,72.01,0.4704412552587346
2018-05-27 13:15:00,72.01,0.8925925732957203
2018-05-27 13:20:00,72.01,0.4377498004825288
2018-05-27 13:25:00,72.01,0.0
2018-05-27 13:30:00,67.61,2.200441747044946
2018-05-27 13:35:00,67.61,0.0
2018-05-27 13:40:00,67.61,7.570473544418958
2018-05-27 13:45:00,67.61,1.4857114113940086
2018-05-27 13:50:00,67.61,3.2300337047213317
2018-05-27 13:55:00,67.61,1.5069868936499975
2018-05-27 14:00:00,64.44,0.3386581791036869
2018-05-27 14:05:00,64.44,9.73657295465618
2018-05-27 14:10:00,64.44,0.7475936015690059
2018-05-27 14:15:00,64.44,4.0276516800408295
2018-05-27 14:20:00,64.44,6.736428414555113
2018-05-27 14:25:00,64.44,0.0
2018-05-27 14:30:00,62.01,2.9419140798543446
2018-05-27 14:35:00,62.01,3.902255157355229
2018-05-27 14:40:00,62.01,1.271011294092094
2018-05-27 14:45:00,62.01,0.0
2018-05-27 14:50:00,62.01,0.0
2018-05-27 14:55:00,62.01,0.0
2018-05-27 15:00:00,58.64,0.8814652736821804
2018-05-27 15:05:00,58.64,0.0
2018-05-27 15:10:00,58.64,0.0738960301672095
2018-05-27 15:15:00,58.64,0.0
2018-05-27 15:20:00,58.64,2.9045775068295986e-05
2018-05-27 15:25:00,58.64,0.003702553927880211
2018-05-27 15:30:00,59.14,0.7836106151216828
2018-05-27 15:35:00,59.14,0.9361083767659855
2018-05-27 15:40:00,59.14,0.0005501531480425617
2018-05-27 15:45:00,59.14,0.030092946638495363
2018-05-27 15:50:00,59.14,0.8824248274737491
2018-05-27 15:55:00,59.14,0.0
2018-05-27 16:00:00,67.4,0.11714390491659463
2018-05-27 16:05:00,67.4,0.0
2018-05-27 16:10:00,67.4,0.0
2018-05-27 16:15:00,67.4,0.0
2018-05-27 16:20:00,67.4,2.902828622450526
2018-05-27 16:25:00,67.4,0.1823382930066291
2018-05-27 16:30:00,77.81,0.0
2018-05-27 16:35:00,77.81,0.9945119156966563
2018-05-27 16:40:00,77.81,0.15108313566463896
2018-05-27 16:45:00,77.81,0.0
2018-05-27 16:50:00,77.81,0.0
2018-05-27 16:55:00,77.81,0.0
2018-05-27 17:00:00,85.13,1.0634968618034064
2018-05-27 17:05:00,85.13,0.0
2018-05-27 17:10:00,85.13,0.0
2018-05-27 17:15:00,85.13,1.3163709110950381
2018-05-27 17:20:00,85.13,0.0
2018-05-27 17:25:00,85.13,0.8196947452564154
2018-05-27 17:30:00,87.0,1.1294944190240042
2018-05-27 17:35:00,87.0,2.01085861834519
2018-05-27 17:40:00,87.0,0.0
2018-05-27 17:45:00,87.0,0.0
2018-05-27 17:50:00,87.0,3.174723558500042
2018-05-27 17:55:00,87.0,0.0
2018-05-27 18:00:00,88.67,2.268544893325313
2018-05-27 18:05:00,88.67,3.8002917389000093
2018-05-27 18:10:00,88.67,3.978337565728343
2018-05-27 18:15:00,88.67,3.0858447915295497
2018-05-27 18:20:00,88.67,0.0
2018-05-27 18:25:00,88.67,0.0
2018-05-27 18:30:00,86.31,2.75463334341062
2018-05-27 18:35:00,86.31,0.0
2018-05-27 18:40:00,86.31,0.0
2018-05-27 18:45:00,86.31,3.163707586327935
2018-05-27 18:50:00,86.31,4.01410161468874
2018-05-27 18:55:00,86.31,0.0
2018-05-27 19:00:00,78.46,0.0
2018-05-27 19:05:00,78.46,0.0
2018-05-27 19:10:00,78.46,0.3710752738169329
2018-05-27 19:15:00,78.46,0.20629566784362557
2018-05-27 19:20:00,78.46,0.0006039672032983568
2018-05-27 19:25:00,78.46,0.20563693479256823
2018-05-27 19:30:00,72.74,0.0
2018-05-27 19:35:00,72.74,0.0
2018-05-27 19:40:00,72.74,0.0
2018-05-27 19:45:00,72.74,0.0
2018-05-27 19:50:00,72.74,1.0866702768537415
2018-05-27 19:55:00,72.74,0.7133934478822053
2018-05-27 20:00:00,75.31,0.0
2018-05-27 20:05:00,75.31,0.17668015650954746
2018-05-27 20:10:00,75.31,0.9432249258800663
2018-05-27 20:15:00,75.31,0.0
2018-05-27 20:20:00,75.31,0.2074045050929098
2018-05-27 20:25:00,75.31,0.0
2018-05-27 20:30:00,74.47,1.0173844735416921
2018-05-27 20:35:00,74.47,0.7404263439025393
2018-05-27 20:40:00,74.47,0.0
2018-05-27 20:45:00,74.47,0.0
2018-05-27 20:50:00,74.47,0.0
2018-05-27 20:55:00,74.47,0.0
2018-05-27 21:00:00,62.07,0.8644844336153115
2018-05-27 21:05:00,62.07,1.2174117524662718
2018-05-27 21:10:00,62.07,0.1673951089801876
2018-05-27 21:15:00,62.07,1.0873657330557234
2018-05-27 21:20:00,62.07,0.9431973927548549
2018-05-27 21:25:00,62.07,0.0
2018-05-27 21:30:00,51.37,0.0
2018-05-27 21:35:00,51.37,0.05474584007994532
2018-05-27 21:40:00,51.37,0.0
2018-05-27 21:45:00,51.37,2.3153713268311256
2018-05-27 21:50:00,51.37,3.277328733039263
2018-05-27 21:55:00,51.37,3.9399983119914035
2018-05-27 22:00:00,50.82,0.0
2018-05-27 22:05:00,50.82,0.0
2018-05-27 22:10:00,50.82,1.466526619215128
2018-05-27 22:15:00,50.82,4.871147234645538
2018-05-27 22:20:00,50.82,2.250012257270138
2018-05-27 22:25:00,50.82,0.3636365266485234
2018-05-27 22:30:00,50.57,0.45745238572259656
2018-05-27 22:35:00,50.57,0.0
2018-05-27 22:40:00,50.57,3.7925157440298953
2018-05-27 22:45:00,50.57,0.36880745813896754
2018-05-27 22:50:00,50.57,1.3265497165323634
2018-05-27 22:55:00,50.57,0.0
2018-05-27 23:00:00,51.99,1.8157373362789901
2018-05-27 23:05:00,51.99,0.0012671062571189273
2018-05-27 23:10:00,51.99,0.0
2018-05-27 23:15:00,51.99,0.29899077992295203
2018-05-27 23:20:00,51.99,0.0006961558346097837
2018-05-27 23:25:00,51.99,0.0
2018-05-27 23:30:00,54.48,0.9623222749726905
2018-05-27 23:35:00,54.48,1.473809591417177
2018-05-27 23:40:00,54.48,0.0
2018-05-27 23:45:00,54.48,0.0
2018-05-27 23:50:00,54.48,0.9823908213558779
2018-05-27 23:55:00,54.48,0.31187320006675395
2018-05-28 00:00:00,54.53,0.21723392151499932
2018-05-28 00:05:00,54.53,0.3054921385964418
2018-05-28 00:10:00,54.53,0.0
2018-05-28 00:15:00,54.53,0.0
2018-05-28 00:20:00,54.53,0.0
2018-05-28 00:25:00,54.53,0.0
2018-05-28 00:30:00,54.26,0.1962306128891784
2018-05-28 00:35:00,54.26,2.388036621422481
2018-05-28 00:40:00,54.26,0.3051331361103752
2018-05-28 00:45:00,54.26,0.0
2018-05-28 00:50:00,54.26,0.0
2018-05-28 00:55:00,54.26,0.0
2018-05-28 01:00:00,50.29,0.14420100643497097
2018-05-28 01:05:00,50.29,0.0
2018-05-28 01:10:00,50.29,0.19001881268128212
2018-05-28 01:15:00,50.29,0.16971663554989283
2018-05-28 01:20:00,50.29,0.9044631439345947
2018-05-28 01:25:00,50.29,0.0
2018-05-28 01:30:00,39.69,1.7923671668124719
2018-05-28 01:35:00,39.69,0.0
2018-05-28 01:40:00,39.69,3.3649731681039134
2018-05-28 01:45:00,39.69,0.0
2018-05-28 01:50:00,39.69,3.821073403799735
2018-05-28 01:55:00,39.69,0.0
2018-05-28 02:00:00,25.06,0.0
2018-05-28 02:05:00,25.06,3.6376801187417005
2018-05-28 02:10:00,25.06,1.2235712762248694
2018-05-28 02:15:00,25.06,1.95339867246804
2018-05-28 02:20:00,25.06,0.0
2018-05-28 02:25:00,25.06,0.0
2018-05-28 02:30:00,20.85,0.0
2018-05-28 02:35:00,20.85,0.0
2018-05-28 02:40:00,20.85,0.15129345737629207
2018-05-28 02:45:00,20.85,0.0
2018-05-28 02:50:00,20.85,0.0
2018-05-28 02:55:00,20.85,0.0
2018-05-28 03:00:00,22.2,0.6096759088619864
2018-05-28 03:05:00,22.2,0.0
2018-05-28 03:10:00,22.2,0.4224751987223991
2018-05-28 03:15:00,22.2,0.0
2018-05-28 03:20:00,22.2,9.521980980749709e-05
2018-05-28 03:25:00,22.2,0.08951703203225836
2018-05-28 03:30:00,21.32,0.0
2018-05-28 03:35:00,21.32,0.0
2018-05-28 03:40:00,21.32,0.001357205757819156
2018-05-28 03:45:00,21.32,0.04940647385733753
2018-05-28 03:50:00,21.32,0.0
2018-05-28 03:55:00,21.32,0.0
2018-05-28 04:00:00,19.2,0.11652148751547636
2018-05-28 04:05:00,19.2,0.0
2018-05-28 04:10:00,19.2,0.0
2018-05-28 04:15:00,19.2,0.0
2018-05-28 04:20:00,19.2,0.0
2018-05-28 04:25:00,19.2,0.048121470127873135
2018-05-28 04:30:00,20.51,1.5031177402213698
2018-05-28 04:35:00,20.51,0.0
2018-05-28 04:40:00,20.51,0.04657700372616501
2018-05-28 04:45:00,20.51,0.0
2018-05-28 04:50:00,20.51,0.0
2018-05-28 04:55:00,20.51,0.0
2018-05-28 05:00:00,23.22,0.0
2018-05-28 05:05:00,23.22,1.5737991149816601
2018-05-28 05:10:00,23.22,0.2957727847154792
2018-05-28 05:15:00,23.22,0.8832480278098105
2018-05-28 05:20:00,23.22,0.07776686899971705
2018-05-28 05:25:00,23.22,1.3436063125026334
2018-05-28 05:30:00,38.2,0.0
2018-05-28 05:35:00,38.2,2.882725453150133
2018-05-28 05:40:00,38.2,0.0
2018-05-28 05:45:00,38.2,5.345038561770732
2018-05-28 05:50:00,38.2,2.471274424596256
2018-05-28 05:55:00,38.2,3.0406778313215224
2018-05-28 06:00:00,70.47,10.50755876163885
2018-05-28 06:05:00,70.47,0.5302286859007521
2018-05-28 06:10:00,70.47,4.157993808754827
2018-05-28 06:15:00,70.47,5.8233645036152994
2018-05-28 06:20:00,70.47,0.0
2018-05-28 06:25:00,70.47,1.256761566292349
2018-05-28 06:30:00,84.23,2.330220044516093
2018-05-28 06:35:00,84.23,1.9934245175917216
2018-05-28 06:40:00,84.23,0.0
2018-05-28 06:45:00,84.23,0.0
2018-05-28 06:50:00,84.23,0.0
2018-05-28 06:55:00,84.23,0.0741617184033147
2018-05-28 07:00:00,87.25,0.9034914437127427
2018-05-28 07:05:00,87.25,0.7291998475163641
2018-05-28 07:10:00,87.25,0.0
2018-05-28 07:15:00,87.25,0.0
2018-05-28 07:20:00,87.25,0.000473642003170202
2018-05-28 07:25:00,87.25,0.45477231427845505
2018-05-28 07:30:00,127.44,0.0
2018-05-28 07:35:00,127.44,0.02764871489780829
2018-05-28 07:40:00,127.44,0.0
2018-05-28 07:45:00,127.44,0.0
2018-05-28 07:50:00,127.44,0.0
2018-05-28 07:55:00,127.44,0.5336280174737269
2018-05-28 08:00:00,90.82,0.0
2018-05-28 08:05:00,90.82,0.0
2018-05-28 08:10:00,90.82,0.0
2018-05-28 08:15:00,90.82,3.4998885542079874
2018-05-28 08:20:00,90.82,4.546413768713807
2018-05-28 08:25:00,90.82,0.0
2018-05-28 08:30:00,86.18,2.745110806380877
2018-05-28 08:35:00,86.18,0.8535891976537298
2018-05-28 08:40:00,86.18,0.0
2018-05-28 08:45:00,86.18,0.0
2018-05-28 08:50:00,86.18,0.0
2018-05-28 08:55:00,86.18,0.0
2018-05-28 09:00:00,80.69,1.2774547411506267
2018-05-28 09:05:00,80.69,2.6182707711751494
2018-05-28 09:10:00,80.69,0.23330926547774433
2018-05-28 09:15:00,80.69,0.0
2018-05-28 09:20:00,80.69,0.21964738988030452
2018-05-28 09:25:00,80.69,1.7066343340272363
2018-05-28 09:30:00,71.85,1.7662579207045956
2018-05-28 09:35:00,71.85,0.0
2018-05-28 09:40:00,71.85,2.766900050681504
2018-05-28 09:45:00,71.85,0.0
2018-05-28 09:50:00,71.85,3.8351294733175765
2018-05-28 09:55:00,71.85,0.0
2018-05-28 10:00:00,65.46,0.0
2018-05-28 10:05:00,65.46,4.300006593321516
2018-05-28 10:10:00,65.46,1.3419342738472428
2018-05-28 10:15:00,65.46,6.174942242327777
2018-05-28 10:20:00,65.46,0.5005400020139886
2018-05-28 10:25:00,65.46,0.0
2018-05-28 10:30:00,52.84,2.3432072674509397
2018-05-28 10:35:00,52.84,0.8791576430107974
2018-05-28 10:40:00,52.84,0.0
2018-05-28 10:45:00,52.84,0.3299244521546565
2018-05-28 10:50:00,52.84,0.7962738811490008
2018-05-28 10:55:00,52.84,0.15963456033805565
2018-05-28 11:00:00,-118.09,0.0
2018-05-28 11:05:00,-118.09,1.040938757547137
2018-05-28 11:10:00,-118.09,0.8969813866796563
2018-05-28 11:15:00,-118.09,0.006543450667757841
2018-05-28 11:20:00,-118.09,0.0003094708027106828
2018-05-28 11:25:00,-118.09,0.23577669824135356
2018-05-28 11:30:00,30.63,0.0
2018-05-28 11:35:00,30.63,1.8471695906724817
2018-05-28 11:40:00,30.63,0.0
2018-05-28 11:45:00,30.63,0.0
2018-05-28 11:50:00,30.63,0.0
2018-05-28 11:55:00,30.63,0.13755802393334632
2018-05-28 12:00:00,20.34,0.08556582701056967
2018-05-28 12:05:00,20.34,0.0
2018-05-28 12:10:00,20.34,0.0
2018-05-28 12:15:00,20.34,0.31002851508824925
2018-05-28 12:20:00,20.34,1.4163513937117624
2018-05-28 12:25:00,20.34,0.09120801679066456
2018-05-28 12:30:00,31.35,0.0
2018-05-28 12:35:00,31.35,0.0
2018-05-28 12:40:00,31.35,0.0
2018-05-28 12:45:00,31.35,0.0
2018-05-28 12:50:00,31.35,0.0
2018-05-28 12:55:00,31.35,0.0
2018-05-28 13:00:00,41.13,1.2260815171357318
2018-05-28 13:05:00,41.13,3.1435598947945804
2018-05-28 13:10:00,41.13,1.1880745840182994
2018-05-28 13:15:00,41.13,0.9251048091751759
2018-05-28 13:20:00,41.13,0.0
2018-05-28 13:25:00,41.13,0.3850928368364426
2018-05-28 13:30:00,49.57,2.104979684829354
2018-05-28 13:35:00,49.57,2.233769540762827
2018-05-28 13:40:00,49.57,0.0
2018-05-28 13:45:00,49.57,5.324739830249635
2018-05-28 13:50:00,49.57,0.0
2018-05-28 13:55:00,49.57,6.958590209084583
2018-05-28 14:00:00,53.04,3.993354765951086
2018-05-28 14:05:00,53.04,9.307804280567495
2018-05-28 14:10:00,53.04,0.3005441331056278
2018-05-28 14:15:00,53.04,1.2696180120804108
2018-05-28 14:20:00,53.04,0.3264617298508353
2018-05-28 14:25:00,53.04,0.0
2018-05-28 14:30:00,56.84,1.0394724078996878
2018-05-28 14:35:00,56.84,1.1963546107651784
2018-05-28 14:40:00,56.84,0.6003086709661836
2018-05-28 14:45:00,56.84,0.48629682198635893
2018-05-28 14:50:00,56.84,0.0
2018-05-28 14:55:00,56.84,0.0
2018-05-28 15:00:00,56.74,0.0
2018-05-28 15:05:00,56.74,0.0
2018-05-28 15:10:00,56.74,0.0
2018-05-28 15:15:00,56.74,0.19618511175013853
2018-05-28 15:20:00,56.74,0.0
2018-05-28 15:25:00,56.74,0.22717115759211293
2018-05-28 15:30:00,65.53,2.065206075951977
2018-05-28 15:35:00,65.53,0.0
2018-05-28 15:40:00,65.53,0.0
2018-05-28 15:45:00,65.53,0.0
2018-05-28 15:50:00,65.53,0.4706110216620327
2018-05-28 15:55:00,65.53,0.13693348739730368
2018-05-28 16:00:00,70.28,0.0
2018-05-28 16:05:00,70.28,0.0
2018-05-28 16:10:00,70.28,0.5404271177742231
2018-05-28 16:15:00,70.28,0.8385662138602152
2018-05-28 16:20:00,70.28,1.5170941721739055
2018-05-28 16:25:00,70.28,0.16429777805050758
2018-05-28 16:30:00,79.35,0.4754995361619899
2018-05-28 16:35:00,79.35,0.05719804820164531
2018-05-28 16:40:00,79.35,0.43310999423531005
2018-05-28 16:45:00,79.35,0.0
2018-05-28 16:50:00,79.35,0.0
2018-05-28 16:55:00,79.35,0.0
2018-05-28 17:00:00,110.02,0.42974974368650454
2018-05-28 17:05:00,110.02,1.6494392840072458
2018-05-28 17:10:00,110.02,0.7078908747892403
2018-05-28 17:15:00,110.02,1.0418804062718223
2018-05-28 17:20:00,110.02,0.7703310599205464
2018-05-28 17:25:00,110.02,0.2860674421096195
2018-05-28 17:30:00,165.35,0.0
2018-05-28 17:35:00,165.35,1.416580645650932
2018-05-28 17:40:00,165.35,4.424959248094632
2018-05-28 17:45:00,165.35,2.1507859490598493
2018-05-28 17:50:00,165.35,1.356349796520505
2018-05-28 17:55:00,165.35,7.188077779343564
2018-05-28 18:00:00,100.15,5.9695695763337495
2018-05-28 18:05:00,100.15,3.1977439041210385
2018-05-28 18:10:00,100.15,0.0
2018-05-28 18:15:00,100.15,2.840054631016498
2018-05-28 18:20:00,100.15,5.933414949207406
2018-05-28 18:25:00,100.15,0.46270174374481965
2018-05-28 18:30:00,92.59,0.0
2018-05-28 18:35:00,92.59,1.4199598480425357
2018-05-28 18:40:00,92.59,2.365661379236252
2018-05-28 18:45:00,92.59,0.0
2018-05-28 18:50:00,92.59,2.9394810227419077
2018-05-28 18:55:00,92.59,0.0
2018-05-28 19:00:00,79.58,0.0
2018-05-28 19:05:00,79.58,0.0
2018-05-28 19:10:00,79.58,0.15668038409870977
2018-05-28 19:15:00,79.58,0.0
2018-05-28 19:20:00,79.58,0.0002940812044558324
2018-05-28 19:25:00,79.58,0.0
2018-05-28 19:30:00,88.23,0.0
2018-05-28 19:35:00,88.23,0.0
2018-05-28 19:40:00,88.23,0.0011150024992614654
2018-05-28 19:45:00,88.23,0.07060852317033253
2018-05-28 19:50:00,88.23,1.9777395224302872
2018-05-28 19:55:00,88.23,0.840952628435378
2018-05-28 20:00:00,86.89,0.1104293679854544
2018-05-28 20:05:00,86.89,0.25844389889230257
2018-05-28 20:10:00,86.89,0.0
2018-05-28 20:15:00,86.89,1.5176617240658798
2018-05-28 20:20:00,86.89,0.0
2018-05-28 20:25:00,86.89,0.01033607061085512
2018-05-28 20:30:00,75.99,1.6679978666689637
2018-05-28 20:35:00,75.99,0.0
2018-05-28 20:40:00,75.99,0.6588914659161134
2018-05-28 20:45:00,75.99,0.0
2018-05-28 20:50:00,75.99,0.0
2018-05-28 20:55:00,75.99,0.0
2018-05-28 21:00:00,61.24,0.0
2018-05-28 21:05:00,61.24,0.06302636849703303
2018-05-28 21:10:00,61.24,0.5461780137116289
2018-05-28 21:15:00,61.24,0.0
2018-05-28 21:20:00,61.24,0.0
2018-05-28 21:25:00,61.24,0.0
2018-05-28 21:30:00,61.17,0.0
2018-05-28 21:35:00,61.17,0.0
2018-05-28 21:40:00,61.17,0.0
2018-05-28 21:45:00,61.17,2.8175180410622613
2018-05-28 21:50:00,61.17,0.0
2018-05-28 21:55:00,61.17,0.0
2018-05-28 22:00:00,62.1,0.0
2018-05-28 22:05:00,62.1,0.0
2018-05-28 22:10:00,62.1,2.7381485023012626
2018-05-28 22:15:00,62.1,4.677962122676913
2018-05-28 22:20:00,62.1,2.1381130584763564
2018-05-28 22:25:00,62.1,0.0
2018-05-28 22:30:00,53.57,4.257698212508467
2018-05-28 22:35:00,53.57,4.83725030165227
2018-05-28 22:40:00,53.57,0.18132508370536385
2018-05-28 22:45:00,53.57,1.5416327371009797
2018-05-28 22:50:00,53.57,0.06104774222788256
2018-05-28 22:55:00,53.57,0.0
2018-05-28 23:00:00,56.21,0.0
2018-05-28 23:05:00,56.21,0.0
2018-05-28 23:10:00,56.21,0.0
2018-05-28 23:15:00,56.21,0.5119987691411889
2018-05-28 23:20:00,56.21,0.0
2018-05-28 23:25:00,56.21,0.04777894779761509
2018-05-28 23:30:00,56.83,0.5302979292235892
2018-05-28 23:35:00,56.83,0.0
2018-05-28 23:40:00,56.83,0.0005676875684118637
2018-05-28 23:45:00,56.83,0.0
2018-05-28 23:50:00,56.83,1.8352032322047287
2018-05-28 23:55:00,56.83,0.0
2018-05-29 00:00:00,52.73,0.0
2018-05-29 00:05:00,52.73,1.3923416919119347
2018-05-29 00:10:00,52.73,0.9260351704990378
2018-05-29 00:15:00,52.73,0.0
2018-05-29 00:20:00,52.73,0.0
2018-05-29 00:25:00,52.73,0.3906819304075947
2018-05-29 00:30:00,51.1,0.0
2018-05-29 00:35:00,51.1,0.0
2018-05-29 00:40:00,51.1,0.0
2018-05-29 00:45:00,51.1,0.0
2018-05-29 00:50:00,51.1,0.0
2018-05-29 00:55:00,51.1,0.0
2018-05-29 01:00:00,27.53,0.0
2018-05-29 01:05:00,27.53,0.0
2018-05-29 01:10:00,27.53,0.0
2018-05-29 01:15:00,27.53,0.7613221604455424
2018-05-29 01:20:00,27.53,0.0
2018-05-29 01:25:00,27.53,1.7096512175958547
2018-05-29 01:30:00,23.07,0.0
2018-05-29 01:35:00,23.07,1.1935704499144841
2018-05-29 01:40:00,23.07,2.575503689601942
2018-05-29 01:45:00,23.07,0.0
2018-05-29 01:50:00,23.07,7.112181780534736
2018-05-29 01:55:00,23.07,0.5218109171872469
2018-05-29 02:00:00,13.97,0.8131326604699787
2018-05-29 02:05:00,13.97,0.546040223515877
2018-05-29 02:10:00,13.97,6.619014382215152
2018-05-29 02:15:00,13.97,2.6779101363640985
2018-05-29 02:20:00,13.97,3.061605602416897
2018-05-29 02:25:00,13.97,1.7495259206174536
2018-05-29 02:30:00,10.85,3.545660455254743
2018-05-29 02:35:00,10.85,0.0
2018-05-29 02:40:00,10.85,0.0
2018-05-29 02:45:00,10.85,0.6817789563282792
2018-05-29 02:50:00,10.85,1.4428613417120952
2018-05-29 02:55:00,10.85,0.26995412534286556
2018-05-29 03:00:00,11.87,0.5898337764570551
2018-05-29 03:05:00,11.87,0.198816268841729
2018-05-29 03:10:00,11.87,0.0
2018-05-29 03:15:00,11.87,0.18552972277386007
2018-05-29 03:20:00,11.87,0.0
2018-05-29 03:25:00,11.87,0.07344333171432751
2018-05-29 03:30:00,15.75,1.8108781161172145
2018-05-29 03:35:00,15.75,0.0041070225118074455
2018-05-29 03:40:00,15.75,0.0
2018-05-29 03:45:00,15.75,0.07624698097479238
2018-05-29 03:50:00,15.75,0.5986140464494512
2018-05-29 03:55:00,15.75,0.2844708827356168
2018-05-29 04:00:00,16.67,0.10560618344020685
2018-05-29 04:05:00,16.67,0.0
2018-05-29 04:10:00,16.67,0.0
2018-05-29 04:15:00,16.67,1.1330725215847384
2018-05-29 04:20:00,16.67,2.2714141450515575
2018-05-29 04:25:00,16.67,0.0
2018-05-29 04:30:00,16.23,0.0
2018-05-29 04:35:00,16.23,0.0
2018-05-29 04:40:00,16.23,0.2929554532848271
2018-05-29 04:45:00,16.23,0.0
2018-05-29 04:50:00,16.23,0.0
2018-05-29 04:55:00,16.23,0.0
2018-05-29 05:00:00,19.25,0.05605341715283371
2018-05-29 05:05:00,19.25,0.0
2018-05-29 05:10:00,19.25,0.0
2018-05-29 05:15:00,19.25,0.0
2018-05-29 05:20:00,19.25,0.0
2018-05-29 05:25:00,19.25,0.8647754068991035
2018-05-29 05:30:00,26.14,0.8412671990388013
2018-05-29 05:35:00,26.14,1.210607388250036
2018-05-29 05:40:00,26.14,0.0
2018-05-29 05:45:00,26.14,4.632087055813114
2018-05-29 05:50:00,26.14,5.098461755264948
2018-05-29 05:55:00,26.14,0.0
2018-05-29 06:00:00,70.79,8.196362514666513
2018-05-29 06:05:00,70.79,4.102154159761163
2018-05-29 06:10:00,70.79,0.24476563459399836
2018-05-29 06:15:00,70.79,6.903264343288772
2018-05-29 06:20:00,70.79,4.41290612992534
2018-05-29 06:25:00,70.79,3.970004366288858
2018-05-29 06:30:00,90.39,0.0
2018-05-29 06:35:00,90.39,2.8036526527211536
2018-05-29 06:40:00,90.39,0.4157298096201925
2018-05-29 06:45:00,90.39,0.0
2018-05-29 06:50:00,90.39,0.9140172861099656
2018-05-29 06:55:00,90.39,0.0
2018-05-29 07:00:00,78.35,0.0
2018-05-29 07:05:00,78.35,0.0
2018-05-29 07:10:00,78.35,0.6551941158548632
2018-05-29 07:15:00,78.35,0.0
2018-05-29 07:20:00,78.35,0.0
2018-05-29 07:25:00,78.35,0.043832610598362944
2018-05-29 07:30:00,87.94,1.282294222374214
2018-05-29 07:35:00,87.94,2.8443438204477296
2018-05-29 07:40:00,87.94,0.0
2018-05-29 07:45:00,87.94,0.0
2018-05-29 07:50:00,87.94,0.6633677974598609
2018-05-29 07:55:00,87.94,0.3294519703791763
2018-05-29 08:00:00,83.84,0.07654410206841264
2018-05-29 08:05:00,83.84,0.08960544624177003
2018-05-29 08:10:00,83.84,0.0
2018-05-29 08:15:00,83.84,3.4997547288287727
2018-05-29 08:20:00,83.84,0.0
2018-05-29 08:25:00,83.84,0.5939310649561623
2018-05-29 08:30:00,69.49,1.555713101344418
2018-05-29 08:35:00,69.49,0.0
2018-05-29 08:40:00,69.49,0.0
2018-05-29 08:45:00,69.49,0.0
2018-05-29 08:50:00,69.49,0.0
2018-05-29 08:55:00,69.49,0.0
2018-05-29 09:00:00,73.84,0.0
2018-05-29 09:05:00,73.84,2.7795934189084353
2018-05-29 09:10:00,73.84,0.0
2018-05-29 09:15:00,73.84,0.3729351514118851
2018-05-29 09:20:00,73.84,0.0
2018-05-29 09:25:00,73.84,0.0
2018-05-29 09:30:00,65.37,0.0
2018-05-29 09:35:00,65.37,0.5077991658006087
2018-05-29 09:40:00,65.37,0.0
2018-05-29 09:45:00,65.37,2.0412754267324447
2018-05-29 09:50:00,65.37,0.0
2018-05-29 09:55:00,65.37,6.239901043220857
2018-05-29 10:00:00,62.31,3.0730637398567593
2018-05-29 10:05:00,62.31,0.0
2018-05-29 10:10:00,62.31,7.756246086494633
2018-05-29 10:15:00,62.31,2.3439797371578925
2018-05-29 10:20:00,62.31,2.5223427198919808
2018-05-29 10:25:00,62.31,1.317939265442998
2018-05-29 10:30:00,61.95,0.5619435325217932
2018-05-29 10:35:00,61.95,1.1095951370536001
2018-05-29 10:40:00,61.95,1.1575771336842084
2018-05-29 10:45:00,61.95,0.7081727162018733
2018-05-29 10:50:00,61.95,0.0
2018-05-29 10:55:00,61.95,0.0
2018-05-29 11:00:00,60.3,0.032703177159474656
2018-05-29 11:05:00,60.3,1.1786290896168996
2018-05-29 11:10:00,60.3,0.026839654983581637
2018-05-29 11:15:00,60.3,0.0
2018-05-29 11:20:00,60.3,0.000356142882245691
2018-05-29 11:25:00,60.3,0.15909423583770305
2018-05-29 11:30:00,65.34,1.479818270905243
2018-05-29 11:35:00,65.34,2.423692955679013
2018-05-29 11:40:00,65.34,0.0
2018-05-29 11:45:00,65.34,0.10936529162533469
2018-05-29 11:50:00,65.34,0.4855226018312259
2018-05-29 11:55:00,65.34,0.0
2018-05-29 12:00:00,63.82,0.11575522714228544
2018-05-29 12:05:00,63.82,0.0
2018-05-29 12:10:00,63.82,0.0
2018-05-29 12:15:00,63.82,0.0
2018-05-29 12:20:00,63.82,0.7080269222600784
2018-05-29 12:25:00,63.82,0.982357566289172
2018-05-29 12:30:00,70.5,0.0
2018-05-29 12:35:00,70.5,0.0
2018-05-29 12:40:00,70.5,0.32619322537497025
2018-05-29 12:45:00,70.5,0.0
2018-05-29 12:50:00,70.5,0.0
2018-05-29 12:55:00,70.5,0.0
2018-05-29 13:00:00,61.82,0.0
2018-05-29 13:05:00,61.82,2.7611523668708964
2018-05-29 13:10:00,61.82,0.0
2018-05-29 13:15:00,61.82,0.8646004135383192
2018-05-29 13:20:00,61.82,0.0
2018-05-29 13:25:00,61.82,0.0
2018-05-29 13:30:00,68.22,2.239248375076313
2018-05-29 13:35:00,68.22,1.6966861237647464
2018-05-29 13:40:00,68.22,0.7718995601443198
2018-05-29 13:45:00,68.22,5.786446554658912
2018-05-29 13:50:00,68.22,2.706667234960962
2018-05-29 13:55:00,68.22,8.9868642367484
2018-05-29 14:00:00,65.06,0.0
2018-05-29 14:05:00,65.06,5.703735871089709
2018-05-29 14:10:00,65.06,0.0
2018-05-29 14:15:00,65.06,0.7887758726092784
2018-05-29 14:20:00,65.06,5.4907735536471325
2018-05-29 14:25:00,65.06,4.49294533847951
2018-05-29 14:30:00,68.23,0.0
2018-05-29 14:35:00,68.23,0.0
2018-05-29 14:40:00,68.23,1.4185235207962301
2018-05-29 14:45:00,68.23,0.0
2018-05-29 14:50:00,68.23,0.0
2018-05-29 14:55:00,68.23,0.8731279337939875
2018-05-29 15:00:00,67.75,0.0
2018-05-29 15:05:00,67.75,0.0
2018-05-29 15:10:00,67.75,0.0
2018-05-29 15:15:00,67.75,0.23383062877877264
2018-05-29 15:20:00,67.75,0.0
2018-05-29 15:25:00,67.75,0.0
2018-05-29 15:30:00,70.05,0.3062801266712568
2018-05-29 15:35:00,70.05,0.0
2018-05-29 15:40:00,70.05,0.0006149844261749424
2018-05-29 15:45:00,70.05,0.12305900347660269
2018-05-29 15:50:00,70.05,0.5985624088261574
2018-05-29 15:55:00,70.05,0.0
2018-05-29 16:00:00,83.95,0.0
2018-05-29 16:05:00,83.95,0.0
2018-05-29 16:10:00,83.95,0.20862770879649456
2018-05-29 16:15:00,83.95,0.0
2018-05-29 16:20:00,83.95,1.682726517361446
2018-05-29 16:25:00,83.95,0.6594957425995461
2018-05-29 16:30:00,76.36,2.368916119167386
2018-05-29 16:35:00,76.36,0.0
2018-05-29 16:40:00,76.36,0.6795964282467758
2018-05-29 16:45:00,76.36,0.0
2018-05-29 16:50:00,76.36,0.0
2018-05-29 16:55:00,76.36,0.0
2018-05-29 17:00:00,89.12,0.24837358971438117
2018-05-29 17:05:00,89.12,2.5016404664728435
2018-05-29 17:10:00,89.12,0.8577551190684705
2018-05-29 17:15:00,89.12,0.0
2018-05-29 17:20:00,89.12,1.0956627330590227
2018-05-29 17:25:00,89.12,0.17285077632347207
2018-05-29 17:30:00,263.95,1.2569597423361403
2018-05-29 17:35:00,263.95,0.01349536709526511
2018-05-29 17:40:00,263.95,4.25272721836553
2018-05-29 17:45:00,263.95,3.392251595004315
2018-05-29 17:50:00,263.95,1.712191417489933
2018-05-29 17:55:00,263.95,3.821439533525829
2018-05-29 18:00:00,248.21,3.272537056780563
2018-05-29 18:05:00,248.21,4.730735450869486
2018-05-29 18:10:00,248.21,0.0
2018-05-29 18:15:00,248.21,1.769886955006489
2018-05-29 18:20:00,248.21,1.9624424400774092
2018-05-29 18:25:00,248.21,1.9170844179812918
2018-05-29 18:30:00,112.98,1.1160115499556906
2018-05-29 18:35:00,112.98,0.0
2018-05-29 18:40:00,112.98,0.0
2018-05-29 18:45:00,112.98,1.1799366319623692
2018-05-29 18:50:00,112.98,1.213445456532764
2018-05-29 18:55:00,112.98,0.0
2018-05-29 19:00:00,90.01,0.5601515028401114
2018-05-29 19:05:00,90.01,0.38445480820423417
2018-05-29 19:10:00,90.01,0.08862014167662594
2018-05-29 19:15:00,90.01,0.0
2018-05-29 19:20:00,90.01,0.00017468215022000026
2018-05-29 19:25:00,90.01,0.0
2018-05-29 19:30:00,91.93,0.0
2018-05-29 19:35:00,91.93,0.0
2018-05-29 19:40:00,91.93,0.0013932256654451728
2018-05-29 19:45:00,91.93,0.08651600472971051
2018-05-29 19:50:00,91.93,2.663676328717493
2018-05-29 19:55:00,91.93,0.0
2018-05-29 20:00:00,98.88,0.2851060929454467
2018-05-29 20:05:00,98.88,0.0
2018-05-29 20:10:00,98.88,0.31948402531541126
2018-05-29 20:15:00,98.88,1.7859283727341948
2018-05-29 20:20:00,98.88,0.0
2018-05-29 20:25:00,98.88,0.10218063437169628
2018-05-29 20:30:00,95.09,1.8030614581470683
2018-05-29 20:35:00,95.09,0.7617712954746192
2018-05-29 20:40:00,95.09,0.3230404971443581
2018-05-29 20:45:00,95.09,0.0
2018-05-29 20:50:00,95.09,0.0
2018-05-29 20:55:00,95.09,0.0
2018-05-29 21:00:00,108.18,0.0689361485593114
2018-05-29 21:05:00,108.18,2.5852119424896087
2018-05-29 21:10:00,108.18,0.8149225020333495
2018-05-29 21:15:00,108.18,1.8133966550213567
2018-05-29 21:20:00,108.18,0.0
2018-05-29 21:25:00,108.18,2.2650099932663363
2018-05-29 21:30:00,89.01,2.480712331057568
2018-05-29 21:35:00,89.01,1.703864982403699
2018-05-29 21:40:00,89.01,1.2312549109015392
2018-05-29 21:45:00,89.01,5.652027077946643
2018-05-29 21:50:00,89.01,2.6574731734009513
2018-05-29 21:55:00,89.01,2.3210579948224903
2018-05-29 22:00:00,188.6,0.0
2018-05-29 22:05:00,188.6,0.0
2018-05-29 22:10:00,188.6,2.2837174580315867
2018-05-29 22:15:00,188.6,0.15794832782509016
2018-05-29 22:20:00,188.6,3.6900406216907697
2018-05-29 22:25:00,188.6,3.7440474858374757
2018-05-29 22:30:00,82.57,0.5023050891326044
2018-05-29 22:35:00,82.57,0.0
2018-05-29 22:40:00,82.57,1.9716493568922897
2018-05-29 22:45:00,82.57,0.624758377062052
2018-05-29 22:50:00,82.57,0.6390839512876862
2018-05-29 22:55:00,82.57,0.36324761706545117
2018-05-29 23:00:00,75.9,1.0639394897089376
2018-05-29 23:05:00,75.9,0.7222389934776159
2018-05-29 23:10:00,75.9,0.0
2018-05-29 23:15:00,75.9,0.3303970623135045
2018-05-29 23:20:00,75.9,0.0001448460713933376
2018-05-29 23:25:00,75.9,0.12396918414839327
2018-05-29 23:30:00,86.69,3.533723866572613
2018-05-29 23:35:00,86.69,0.0
2018-05-29 23:40:00,86.69,0.0016486393334515712
2018-05-29 23:45:00,86.69,0.09931658109747164
2018-05-29 23:50:00,86.69,2.10233932131591
2018-05-29 23:55:00,86.69,0.0
2018-05-30 00:00:00,82.04,0.2048461055600396
2018-05-30 00:05:00,82.04,0.0
2018-05-30 00:10:00,82.04,0.0
2018-05-30 00:15:00,82.04,0.0
2018-05-30 00:20:00,82.04,1.6157087829861998
2018-05-30 00:25:00,82.04,0.34629641928335664
2018-05-30 00:30:00,83.18,0.3475487781795698
2018-05-30 00:35:00,83.18,0.0
2018-05-30 00:40:00,83.18,0.0
2018-05-30 00:45:00,83.18,0.0
2018-05-30 00:50:00,83.18,0.0
2018-05-30 00:55:00,83.18,0.0
2018-05-30 01:00:00,76.72,1.2596223185515554
2018-05-30 01:05:00,76.72,4.785460886564696
2018-05-30 01:10:00,76.72,0.0
2018-05-30 01:15:00,76.72,1.0397420554546248
2018-05-30 01:20:00,76.72,0.0
2018-05-30 01:25:00,76.72,0.36084433889623857
2018-05-30 01:30:00,67.38,2.833087791844838
2018-05-30 01:35:00,67.38,0.0
2018-05-30 01:40:00,67.38,0.5947251059693379
2018-05-30 01:45:00,67.38,0.007993226959826627
2018-05-30 01:50:00,67.38,2.807015659215213
2018-05-30 01:55:00,67.38,1.7875846815899177
2018-05-30 02:00:00,57.06,5.204104296204614
2018-05-30 02:05:00,57.06,1.8055363683863763
2018-05-30 02:10:00,57.06,10.962321059281429
2018-05-30 02:15:00,57.06,7.976210987153502
2018-05-30 02:20:00,57.06,0.5391126569997868
2018-05-30 02:25:00,57.06,2.659730473650572
2018-05-30 02:30:00,54.49,2.4538002681046884
2018-05-30 02:35:00,54.49,1.824898268379366
2018-05-30 02:40:00,54.49,0.0
2018-05-30 02:45:00,54.49,0.0
2018-05-30 02:50:00,54.49,1.7737094850415756
2018-05-30 02:55:00,54.49,0.5267495985162209
2018-05-30 03:00:00,51.88,0.0
2018-05-30 03:05:00,51.88,0.11994312324447882
2018-05-30 03:10:00,51.88,0.0
2018-05-30 03:15:00,51.88,0.09901063356385775
2018-05-30 03:20:00,51.88,0.000795598599280172
2018-05-30 03:25:00,51.88,0.0
2018-05-30 03:30:00,57.7,0.8840201726515771
2018-05-30 03:35:00,57.7,2.3427198513693837
2018-05-30 03:40:00,57.7,0.0
2018-05-30 03:45:00,57.7,0.11361908352995652
2018-05-30 03:50:00,57.7,0.0
2018-05-30 03:55:00,57.7,0.0
2018-05-30 04:00:00,53.16,0.0
2018-05-30 04:05:00,53.16,0.6683151094256974
2018-05-30 04:10:00,53.16,0.6062588828493202
2018-05-30 04:15:00,53.16,1.0633702638513074
2018-05-30 04:20:00,53.16,0.10394565446872109
2018-05-30 04:25:00,53.16,0.0
2018-05-30 04:30:00,51.39,2.8481265290318016
2018-05-30 04:35:00,51.39,0.0
2018-05-30 04:40:00,51.39,0.5533407141644342
2018-05-30 04:45:00,51.39,0.0
2018-05-30 04:50:00,51.39,0.0
2018-05-30 04:55:00,51.39,0.0
2018-05-30 05:00:00,66.43,0.0
2018-05-30 05:05:00,66.43,1.0024384866468954
2018-05-30 05:10:00,66.43,1.8832244851098539
2018-05-30 05:15:00,66.43,1.0191606007976772
2018-05-30 05:20:00,66.43,0.018767196261369717
2018-05-30 05:25:00,66.43,1.971053994100663
2018-05-30 05:30:00,68.94,0.0
2018-05-30 05:35:00,68.94,1.0073963015765337
2018-05-30 05:40:00,68.94,4.496653500381028
2018-05-30 05:45:00,68.94,3.8069832281131237
2018-05-30 05:50:00,68.94,6.905634564990013
2018-05-30 05:55:00,68.94,1.2063930107595442
2018-05-30 06:00:00,90.13,4.399931086799011
2018-05-30 06:05:00,90.13,4.302162764576868
2018-05-30 06:10:00,90.13,2.163750824672994
2018-05-30 06:15:00,90.13,3.567645958194354
2018-05-30 06:20:00,90.13,5.650477813956582
2018-05-30 06:25:00,90.13,1.2591735575583556
2018-05-30 06:30:00,242.57,0.0
2018-05-30 06:35:00,242.57,0.6948989810768992
2018-05-30 06:40:00,242.57,0.0
2018-05-30 06:45:00,242.57,0.0
2018-05-30 06:50:00,242.57,0.8599648689970509
2018-05-30 06:55:00,242.57,0.5968994830448313
2018-05-30 07:00:00,97.65,0.20858695825226803
2018-05-30 07:05:00,97.65,0.0
2018-05-30 07:10:00,97.65,0.5575593863728798
2018-05-30 07:15:00,97.65,0.08098390505003579
2018-05-30 07:20:00,97.65,0.00033148816080216895
2018-05-30 07:25:00,97.65,0.007366153415311584
2018-05-30 07:30:00,124.55,0.0
2018-05-30 07:35:00,124.55,0.0
2018-05-30 07:40:00,124.55,0.0005363699935241599
2018-05-30 07:45:00,124.55,0.07335295747006637
2018-05-30 07:50:00,124.55,0.0
2018-05-30 07:55:00,124.55,0.7747900886967033
2018-05-30 08:00:00,115.62,0.12330390769111652
2018-05-30 08:05:00,115.62,0.43611612390118415
2018-05-30 08:10:00,115.62,0.777869635606882
2018-05-30 08:15:00,115.62,0.0
2018-05-30 08:20:00,115.62,1.8852717593902133
2018-05-30 08:25:00,115.62,0.0
2018-05-30 08:30:00,108.93,1.5779370768138827
2018-05-30 08:35:00,108.93,0.0
2018-05-30 08:40:00,108.93,0.0825800301822218
2018-05-30 08:45:00,108.93,0.0
2018-05-30 08:50:00,108.93,0.0
2018-05-30 08:55:00,108.93,0.0
2018-05-30 09:00:00,99.21,0.4739209748440596
2018-05-30 09:05:00,99.21,0.0
2018-05-30 09:10:00,99.21,0.11234136550990487
2018-05-30 09:15:00,99.21,0.0
2018-05-30 09:20:00,99.21,0.2602113184415315
2018-05-30 09:25:00,99.21,0.5115609133351883
2018-05-30 09:30:00,87.59,0.0
2018-05-30 09:35:00,87.59,1.8307150588075005
2018-05-30 09:40:00,87.59,3.1332138734674677
2018-05-30 09:45:00,87.59,0.0
2018-05-30 09:50:00,87.59,0.0
2018-05-30 09:55:00,87.59,8.443310974406938
2018-05-30 10:00:00,86.11,9.23616004097817
2018-05-30 10:05:00,86.11,0.022900769448584324
2018-05-30 10:10:00,86.11,0.11014486284843494
2018-05-30 10:15:00,86.11,2.344585521240065
2018-05-30 10:20:00,86.11,1.729537924383154
2018-05-30 10:25:00,86.11,3.779458444819461
2018-05-30 10:30:00,85.35,3.8303326585606086
2018-05-30 10:35:00,85.35,0.0
2018-05-30 10:40:00,85.35,0.0
2018-05-30 10:45:00,85.35,0.0
2018-05-30 10:50:00,85.35,0.5115296436788879
2018-05-30 10:55:00,85.35,1.0041696781450502
2018-05-30 11:00:00,79.28,0.14817389241826634
2018-05-30 11:05:00,79.28,0.15260794422136406
2018-05-30 11:10:00,79.28,0.134386533982697
2018-05-30 11:15:00,79.28,0.15534682993415752
2018-05-30 11:20:00,79.28,0.000619519611491712
2018-05-30 11:25:00,79.28,0.18604725207358058
2018-05-30 11:30:00,82.81,0.0
2018-05-30 11:35:00,82.81,0.0
2018-05-30 11:40:00,82.81,0.0013552844587078612
2018-05-30 11:45:00,82.81,0.0396354394442678
2018-05-30 11:50:00,82.81,0.5198807289120732
2018-05-30 11:55:00,82.81,0.25158383176184923
2018-05-30 12:00:00,76.61,0.2590062722563841
2018-05-30 12:05:00,76.61,0.0
2018-05-30 12:10:00,76.61,0.0
2018-05-30 12:15:00,76.61,5.37455454976262
2018-05-30 12:20:00,76.61,1.6265808557188888
2018-05-30 12:25:00,76.61,0.33173920443326765
2018-05-30 12:30:00,78.34,0.0
2018-05-30 12:35:00,78.34,0.1815073110902127
2018-05-30 12:40:00,78.34,0.053858393117942174
2018-05-30 12:45:00,78.34,0.0
2018-05-30 12:50:00,78.34,0.0
2018-05-30 12:55:00,78.34,0.0
2018-05-30 13:00:00,83.11,0.0
2018-05-30 13:05:00,83.11,0.0
2018-05-30 13:10:00,83.11,0.8792607169441796
2018-05-30 13:15:00,83.11,0.9331737401220069
2018-05-30 13:20:00,83.11,0.0
2018-05-30 13:25:00,83.11,0.1696406209712324
2018-05-30 13:30:00,78.24,0.9282893525857311
2018-05-30 13:35:00,78.24,0.0
2018-05-30 13:40:00,78.24,0.0
2018-05-30 13:45:00,78.24,0.0
2018-05-30 13:50:00,78.24,0.0
2018-05-30 13:55:00,78.24,0.0
2018-05-30 14:00:00,80.67,4.2829806249072435
2018-05-30 14:05:00,80.67,0.009015615136651167
2018-05-30 14:10:00,80.67,3.2749291630929847
2018-05-30 14:15:00,80.67,0.044763378963789346
2018-05-30 14:20:00,80.67,0.0
2018-05-30 14:25:00,80.67,1.8671285926705061
2018-05-30 14:30:00,78.8,1.0308789360676156
2018-05-30 14:35:00,78.8,0.0
2018-05-30 14:40:00,78.8,0.2256459992598779
2018-05-30 14:45:00,78.8,0.0
2018-05-30 14:50:00,78.8,2.7291110782713806
2018-05-30 14:55:00,78.8,0.15307065849405033
2018-05-30 15:00:00,76.43,0.0
2018-05-30 15:05:00,76.43,0.6905992839476642
2018-05-30 15:10:00,76.43,0.47055410847736323
2018-05-30 15:15:00,76.43,0.0
2018-05-30 15:20:00,76.43,0.00028367075630124524
2018-05-30 15:25:00,76.43,0.19822144928794683
2018-05-30 15:30:00,79.32,0.0
2018-05-30 15:35:00,79.32,1.914593449580704
2018-05-30 15:40:00,79.32,0.0
2018-05-30 15:45:00,79.32,0.0
2018-05-30 15:50:00,79.32,0.0
2018-05-30 15:55:00,79.32,0.09663321850749705
2018-05-30 16:00:00,74.64,0.1662541752340181
2018-05-30 16:05:00,74.64,0.0
2018-05-30 16:10:00,74.64,0.0
2018-05-30 16:15:00,74.64,1.1154609664520367
2018-05-30 16:20:00,74.64,2.4180354143439136
2018-05-30 16:25:00,74.64,0.0
2018-05-30 16:30:00,92.17,0.0
2018-05-30 16:35:00,92.17,0.06068385210406724
2018-05-30 16:40:00,92.17,0.0
2018-05-30 16:45:00,92.17,0.0
2018-05-30 16:50:00,92.17,0.0
2018-05-30 16:55:00,92.17,0.0
2018-05-30 17:00:00,95.63,0.0
2018-05-30 17:05:00,95.63,0.6642494994668133
2018-05-30 17:10:00,95.63,0.4855228293876036
2018-05-30 17:15:00,95.63,0.20576060861311993
2018-05-30 17:20:00,95.63,0.6193268888860892
2018-05-30 17:25:00,95.63,0.5858297737455007
2018-05-30 17:30:00,106.4,0.568856356876317
2018-05-30 17:35:00,106.4,0.4289610060451194
2018-05-30 17:40:00,106.4,1.08529169724246
2018-05-30 17:45:00,106.4,2.8678659610574395
2018-05-30 17:50:00,106.4,0.0
2018-05-30 17:55:00,106.4,2.0858469373545754
2018-05-30 18:00:00,107.71,3.615083786604385
2018-05-30 18:05:00,107.71,5.53369400948153
2018-05-30 18:10:00,107.71,0.0
2018-05-30 18:15:00,107.71,6.955152565300871
2018-05-30 18:20:00,107.71,0.0
2018-05-30 18:25:00,107.71,2.209658083823814
2018-05-30 18:30:00,100.25,0.0
2018-05-30 18:35:00,100.25,0.0
2018-05-30 18:40:00,100.25,0.0
2018-05-30 18:45:00,100.25,1.4735568001028994
2018-05-30 18:50:00,100.25,0.342963700329046
2018-05-30 18:55:00,100.25,0.034106280570607106
2018-05-30 19:00:00,95.15,0.0
2018-05-30 19:05:00,95.15,1.4615690818443525
2018-05-30 19:10:00,95.15,0.0
2018-05-30 19:15:00,95.15,0.16742826749939133
2018-05-30 19:20:00,95.15,0.0015170938867537613
2018-05-30 19:25:00,95.15,0.21904477681420192
2018-05-30 19:30:00,100.25,0.0
2018-05-30 19:35:00,100.25,0.8681781492697612
2018-05-30 19:40:00,100.25,0.0007546189197223225
2018-05-30 19:45:00,100.25,0.02763851534599801
2018-05-30 19:50:00,100.25,1.4521770664570082
2018-05-30 19:55:00,100.25,0.7761104395477901
2018-05-30 20:00:00,97.13,0.087906813491234
2018-05-30 20:05:00,97.13,0.3214180078403551
2018-05-30 20:10:00,97.13,0.0
2018-05-30 20:15:00,97.13,0.0
2018-05-30 20:20:00,97.13,0.0
2018-05-30 20:25:00,97.13,0.8465883045840399
2018-05-30 20:30:00,98.8,0.0
2018-05-30 20:35:00,98.8,0.0
2018-05-30 20:40:00,98.8,0.4038688925373663
2018-05-30 20:45:00,98.8,0.0
2018-05-30 20:50:00,98.8,0.0
2018-05-30 20:55:00,98.8,0.0
2018-05-30 21:00:00,86.3,0.37036725212263655
2018-05-30 21:05:00,86.3,0.26758939669955073
2018-05-30 21:10:00,86.3,0.0
2018-05-30 21:15:00,86.3,0.24496583822288295
2018-05-30 21:20:00,86.3,0.6190284547742297
2018-05-30 21:25:00,86.3,0.4622613154235319
2018-05-30 21:30:00,83.79,2.9816451156448873
2018-05-30 21:35:00,83.79,2.0457612830783303
2018-05-30 21:40:00,83.79,1.0572056673603842
2018-05-30 21:45:00,83.79,4.303507635418999
2018-05-30 21:50:00,83.79,1.7692745790323277
2018-05-30 21:55:00,83.79,4.731603003491139
2018-05-30 22:00:00,80.83,4.30168149230855
2018-05-30 22:05:00,80.83,0.0
2018-05-30 22:10:00,80.83,1.4752014852288429
2018-05-30 22:15:00,80.83,2.025620198486093
2018-05-30 22:20:00,80.83,2.043732810418508
2018-05-30 22:25:00,80.83,0.35999232813817794
2018-05-30 22:30:00,72.16,0.0
2018-05-30 22:35:00,72.16,0.3349358860089089
2018-05-30 22:40:00,72.16,0.980413272081637
2018-05-30 22:45:00,72.16,0.0
2018-05-30 22:50:00,72.16,1.2218009863776365
2018-05-30 22:55:00,72.16,0.06026743892556391
2018-05-30 23:00:00,70.47,0.5061296430182299
2018-05-30 23:05:00,70.47,0.0
2018-05-30 23:10:00,70.47,0.0
2018-05-30 23:15:00,70.47,0.0
2018-05-30 23:20:00,70.47,0.0006883423189850179
2018-05-30 23:25:00,70.47,0.0269661284358839
2018-05-30 23:30:00,79.02,1.509620107348239
2018-05-30 23:35:00,79.02,2.3069978878141306
2018-05-30 23:40:00,79.02,0.0
2018-05-30 23:45:00,79.02,0.10048314638596727
2018-05-30 23:50:00,79.02,1.1502647259906182
2018-05-30 23:55:00,79.02,0.024658853316051874
2018-05-31 00:00:00,79.47,0.15434280171162157
2018-05-31 00:05:00,79.47,0.0
2018-05-31 00:10:00,79.47,3.9547897156965703
2018-05-31 00:15:00,79.47,0.0
2018-05-31 00:20:00,79.47,0.0
2018-05-31 00:25:00,79.47,0.0
2018-05-31 00:30:00,79.24,2.2872180283523647
2018-05-31 00:35:00,79.24,0.0
2018-05-31 00:40:00,79.24,0.0
2018-05-31 00:45:00,79.24,0.0
2018-05-31 00:50:00,79.24,0.0
2018-05-31 00:55:00,79.24,0.0
2018-05-31 01:00:00,71.75,1.5880934757058935
2018-05-31 01:05:00,71.75,0.5306351991592935
2018-05-31 01:10:00,71.75,1.3037425692412368
2018-05-31 01:15:00,71.75,1.0343822630465334
2018-05-31 01:20:00,71.75,0.0
2018-05-31 01:25:00,71.75,0.3755672087176529
2018-05-31 01:30:00,73.65,0.3416974085131299
2018-05-31 01:35:00,73.65,0.0
2018-05-31 01:40:00,73.65,1.0453707524190987
2018-05-31 01:45:00,73.65,0.0
2018-05-31 01:50:00,73.65,1.1676804973846586
2018-05-31 01:55:00,73.65,2.151206059814918
2018-05-31 02:00:00,70.99,6.862149861404456
2018-05-31 02:05:00,70.99,2.3964421558310947
2018-05-31 02:10:00,70.99,3.7330557935647164
2018-05-31 02:15:00,70.99,2.174972278874835
2018-05-31 02:20:00,70.99,2.2127528928405598
2018-05-31 02:25:00,70.99,1.667246415905907
2018-05-31 02:30:00,61.8,0.0
2018-05-31 02:35:00,61.8,0.0
2018-05-31 02:40:00,61.8,0.0
2018-05-31 02:45:00,61.8,0.37621986216720205
2018-05-31 02:50:00,61.8,0.0
2018-05-31 02:55:00,61.8,0.0
2018-05-31 03:00:00,68.9,0.026787582303483992
2018-05-31 03:05:00,68.9,1.1548690674263806
2018-05-31 03:10:00,68.9,0.5372375294532145
2018-05-31 03:15:00,68.9,0.08062310032416173
2018-05-31 03:20:00,68.9,0.00016923412410683244
2018-05-31 03:25:00,68.9,0.04102906420983613
2018-05-31 03:30:00,68.79,0.0
2018-05-31 03:35:00,68.79,0.78130535508571
2018-05-31 03:40:00,68.79,0.0014715109255957737
2018-05-31 03:45:00,68.79,0.0
2018-05-31 03:50:00,68.79,0.25722550565763624
2018-05-31 03:55:00,68.79,0.14649926641328376
2018-05-31 04:00:00,70.81,0.0996224176967743
2018-05-31 04:05:00,70.81,0.0
2018-05-31 04:10:00,70.81,0.0
2018-05-31 04:15:00,70.81,1.7952304144948623
2018-05-31 04:20:00,70.81,0.0
2018-05-31 04:25:00,70.81,0.6218430404980592
2018-05-31 04:30:00,74.34,2.084452376562026
2018-05-31 04:35:00,74.34,0.9629898213346905
2018-05-31 04:40:00,74.34,0.4201285216783134
2018-05-31 04:45:00,74.34,0.0
2018-05-31 04:50:00,74.34,0.0
2018-05-31 04:55:00,74.34,0.0
2018-05-31 05:00:00,76.47,0.24893581775231108
2018-05-31 05:05:00,76.47,0.5334827410427827
2018-05-31 05:10:00,76.47,0.296173039452423
2018-05-31 05:15:00,76.47,2.1426533395077803
2018-05-31 05:20:00,76.47,0.7089716586788459
2018-05-31 05:25:00,76.47,1.2885218199163146
2018-05-31 05:30:00,81.29,0.16443607117180126
2018-05-31 05:35:00,81.29,2.492052486565548
2018-05-31 05:40:00,81.29,3.2884574723915843
2018-05-31 05:45:00,81.29,0.0
2018-05-31 05:50:00,81.29,0.0
2018-05-31 05:55:00,81.29,0.0
2018-05-31 06:00:00,106.85,0.0
2018-05-31 06:05:00,106.85,0.16806901679859743
2018-05-31 06:10:00,106.85,0.0
2018-05-31 06:15:00,106.85,0.5037843137272886
2018-05-31 06:20:00,106.85,5.758958143474394
2018-05-31 06:25:00,106.85,0.0
2018-05-31 06:30:00,242.38,0.04660496546808823
2018-05-31 06:35:00,242.38,0.0
2018-05-31 06:40:00,242.38,0.3119803974615233
2018-05-31 06:45:00,242.38,0.0
2018-05-31 06:50:00,242.38,2.258942567029124
2018-05-31 06:55:00,242.38,2.0518724851512062
2018-05-31 07:00:00,119.32,0.08396543895545663
2018-05-31 07:05:00,119.32,0.0
2018-05-31 07:10:00,119.32,0.2929435372040978
2018-05-31 07:15:00,119.32,0.0
2018-05-31 07:20:00,119.32,0.0
2018-05-31 07:25:00,119.32,0.0
2018-05-31 07:30:00,141.73,4.732692747961841
2018-05-31 07:35:00,141.73,2.0867142012722346
2018-05-31 07:40:00,141.73,0.0
2018-05-31 07:45:00,141.73,0.0
2018-05-31 07:50:00,141.73,0.0
2018-05-31 07:55:00,141.73,0.0
2018-05-31 08:00:00,144.16,0.06963528199268829
2018-05-31 08:05:00,144.16,0.0
2018-05-31 08:10:00,144.16,2.452491687863221
2018-05-31 08:15:00,144.16,0.17090659927950538
2018-05-31 08:20:00,144.16,0.0
2018-05-31 08:25:00,144.16,0.06974856526699481
2018-05-31 08:30:00,121.52,0.0
2018-05-31 08:35:00,121.52,0.0
2018-05-31 08:40:00,121.52,0.0
2018-05-31 08:45:00,121.52,0.0
2018-05-31 08:50:00,121.52,0.0
2018-05-31 08:55:00,121.52,0.0
2018-05-31 09:00:00,102.29,0.4276370455656927
2018-05-31 09:05:00,102.29,1.189598146999561
2018-05-31 09:10:00,102.29,2.015053862052723
2018-05-31 09:15:00,102.29,0.3331324113901599
2018-05-31 09:20:00,102.29,0.26528840924178326
2018-05-31 09:25:00,102.29,3.578086060551133
2018-05-31 09:30:00,96.84,2.400409484697575
2018-05-31 09:35:00,96.84,0.0
2018-05-31 09:40:00,96.84,1.3954154882509642
2018-05-31 09:45:00,96.84,0.0
2018-05-31 09:50:00,96.84,1.4250407194591124
2018-05-31 09:55:00,96.84,0.0
2018-05-31 10:00:00,94.4,0.0
2018-05-31 10:05:00,94.4,0.0
2018-05-31 10:10:00,94.4,0.12227543887290526
2018-05-31 10:15:00,94.4,0.0
2018-05-31 10:20:00,94.4,3.0232235912877545
2018-05-31 10:25:00,94.4,1.5780609947469317
2018-05-31 10:30:00,89.43,3.213840656566743
2018-05-31 10:35:00,89.43,2.731260837176641
2018-05-31 10:40:00,89.43,0.6091128330482082
2018-05-31 10:45:00,89.43,0.0
2018-05-31 10:50:00,89.43,0.5420359054559322
2018-05-31 10:55:00,89.43,0.09894509058772574
2018-05-31 11:00:00,88.12,0.0
2018-05-31 11:05:00,88.12,0.47450617624230906
2018-05-31 11:10:00,88.12,0.0
2018-05-31 11:15:00,88.12,0.0
2018-05-31 11:20:00,88.12,0.0
2018-05-31 11:25:00,88.12,0.0
2018-05-31 11:30:00,89.0,0.0
2018-05-31 11:35:00,89.0,0.0
2018-05-31 11:40:00,89.0,0.0
2018-05-31 11:45:00,89.0,0.0
2018-05-31 11:50:00,89.0,0.6212656293022099
2018-05-31 11:55:00,89.0,0.0
2018-05-31 12:00:00,86.78,0.1924553853761595
2018-05-31 12:05:00,86.78,0.0
2018-05-31 12:10:00,86.78,2.721463141524744
2018-05-31 12:15:00,86.78,1.7147912735585025
2018-05-31 12:20:00,86.78,0.29001698245118995
2018-05-31 12:25:00,86.78,0.0
2018-05-31 12:30:00,87.86,0.0
2018-05-31 12:35:00,87.86,0.0
2018-05-31 12:40:00,87.86,0.0
2018-05-31 12:45:00,87.86,0.0
2018-05-31 12:50:00,87.86,0.0
2018-05-31 12:55:00,87.86,0.0
2018-05-31 13:00:00,86.93,0.17643946281852188
2018-05-31 13:05:00,86.93,2.2216943585659124
2018-05-31 13:10:00,86.93,0.3297236947119001
2018-05-31 13:15:00,86.93,0.7404253928496036
2018-05-31 13:20:00,86.93,0.7871883038582717
2018-05-31 13:25:00,86.93,0.0
2018-05-31 13:30:00,89.0,3.559260603406962
2018-05-31 13:35:00,89.0,0.514510659358774
2018-05-31 13:40:00,89.0,3.0711094640854784
2018-05-31 13:45:00,89.0,1.4337320313952302
2018-05-31 13:50:00,89.0,0.26766476587173305
2018-05-31 13:55:00,89.0,1.5641703860911798
2018-05-31 14:00:00,89.09,0.0
2018-05-31 14:05:00,89.09,0.0
2018-05-31 14:10:00,89.09,2.3805100229100864
2018-05-31 14:15:00,89.09,0.0
2018-05-31 14:20:00,89.09,0.0
2018-05-31 14:25:00,89.09,3.435182290656212
2018-05-31 14:30:00,90.34,3.760372850951737
2018-05-31 14:35:00,90.34,0.04450207944540974
2018-05-31 14:40:00,90.34,0.9164839790622243
2018-05-31 14:45:00,90.34,2.1391710311749548
2018-05-31 14:50:00,90.34,0.5048355598716504
2018-05-31 14:55:00,90.34,0.3749065718048104
2018-05-31 15:00:00,90.16,0.1454672541126297
2018-05-31 15:05:00,90.16,0.4046325553498942
2018-05-31 15:10:00,90.16,0.16419007240278838
2018-05-31 15:15:00,90.16,0.05621925097433062
2018-05-31 15:20:00,90.16,0.0
2018-05-31 15:25:00,90.16,0.1654287231506797
2018-05-31 15:30:00,92.24,0.0
2018-05-31 15:35:00,92.24,3.087995555550081
2018-05-31 15:40:00,92.24,0.0
2018-05-31 15:45:00,92.24,0.05154133925981995
2018-05-31 15:50:00,92.24,1.402410837578162
2018-05-31 15:55:00,92.24,0.0
2018-05-31 16:00:00,98.37,0.056611125216759484
2018-05-31 16:05:00,98.37,0.0
2018-05-31 16:10:00,98.37,2.770899035124256
2018-05-31 16:15:00,98.37,1.6208637851658556
2018-05-31 16:20:00,98.37,0.0
2018-05-31 16:25:00,98.37,0.0
2018-05-31 16:30:00,106.73,0.5754820626360758
2018-05-31 16:35:00,106.73,0.30272752755535365
2018-05-31 16:40:00,106.73,0.37695098554805345
2018-05-31 16:45:00,106.73,0.0
2018-05-31 16:50:00,106.73,0.0
2018-05-31 16:55:00,106.73,0.0
2018-05-31 17:00:00,120.85,0.0
2018-05-31 17:05:00,120.85,1.1644826983876482
2018-05-31 17:10:00,120.85,0.9139136090944051
2018-05-31 17:15:00,120.85,0.4400860878422806
2018-05-31 17:20:00,120.85,0.0
2018-05-31 17:25:00,120.85,3.3440590779253516
2018-05-31 17:30:00,251.56,1.882889773623728
2018-05-31 17:35:00,251.56,0.0
2018-05-31 17:40:00,251.56,0.7235707125651025
2018-05-31 17:45:00,251.56,5.602373510004833
2018-05-31 17:50:00,251.56,0.0
2018-05-31 17:55:00,251.56,9.28311733450416
2018-05-31 18:00:00,199.1,5.702635319195602
2018-05-31 18:05:00,199.1,6.578828790394528
2018-05-31 18:10:00,199.1,4.264067633345904
2018-05-31 18:15:00,199.1,6.7172768335582385
2018-05-31 18:20:00,199.1,0.12195841529512919
2018-05-31 18:25:00,199.1,0.7753783756064592
2018-05-31 18:30:00,122.88,0.0
2018-05-31 18:35:00,122.88,1.7109360146002635
2018-05-31 18:40:00,122.88,0.601258988250561
2018-05-31 18:45:00,122.88,0.0
2018-05-31 18:50:00,122.88,1.816093681021544
2018-05-31 18:55:00,122.88,1.2641314038402445
2018-05-31 19:00:00,121.21,0.0
2018-05-31 19:05:00,121.21,0.2415078549350294
2018-05-31 19:10:00,121.21,0.0
2018-05-31 19:15:00,121.21,0.13076830970730305
2018-05-31 19:20:00,121.21,0.0
2018-05-31 19:25:00,121.21,0.0
2018-05-31 19:30:00,118.34,0.0
2018-05-31 19:35:00,118.34,0.9105794404062947
2018-05-31 19:40:00,118.34,0.000276083236369798
2018-05-31 19:45:00,118.34,0.03820474014100041
2018-05-31 19:50:00,118.34,0.0
2018-05-31 19:55:00,118.34,0.0
2018-05-31 20:00:00,112.87,0.09965713580815165
2018-05-31 20:05:00,112.87,0.5414346656552349
2018-05-31 20:10:00,112.87,0.0
2018-05-31 20:15:00,112.87,0.0
2018-05-31 20:20:00,112.87,0.0
2018-05-31 20:25:00,112.87,0.010233792096288052
2018-05-31 20:30:00,116.2,1.3383583382023645
2018-05-31 20:35:00,116.2,0.3660866844948897
2018-05-31 20:40:00,116.2,0.0
2018-05-31 20:45:00,116.2,0.0
2018-05-31 20:50:00,116.2,0.0
2018-05-31 20:55:00,116.2,0.0
2018-05-31 21:00:00,84.53,0.6661961575441752
2018-05-31 21:05:00,84.53,3.2003220989802603
2018-05-31 21:10:00,84.53,1.4991909593244388
2018-05-31 21:15:00,84.53,1.6466969473345998
2018-05-31 21:20:00,84.53,0.46952898393338305
2018-05-31 21:25:00,84.53,2.1545063946323824
2018-05-31 21:30:00,78.91,0.0
2018-05-31 21:35:00,78.91,0.0
2018-05-31 21:40:00,78.91,0.0
2018-05-31 21:45:00,78.91,2.8665144559219433
2018-05-31 21:50:00,78.91,3.934410792603665
2018-05-31 21:55:00,78.91,2.90865326121789
2018-05-31 22:00:00,98.37,3.3960559000977457
2018-05-31 22:05:00,98.37,6.00555937079953
2018-05-31 22:10:00,98.37,0.0
2018-05-31 22:15:00,98.37,1.4942573731621516
2018-05-31 22:20:00,98.37,4.965413162805931
2018-05-31 22:25:00,98.37,3.029112410901477
2018-05-31 22:30:00,76.34,0.0
2018-05-31 22:35:00,76.34,3.854701464985819
2018-05-31 22:40:00,76.34,1.8081603322527107
2018-05-31 22:45:00,76.34,1.0548766125171278
2018-05-31 22:50:00,76.34,1.109618006443188
2018-05-31 22:55:00,76.34,0.5717223777107283
2018-05-31 23:00:00,75.57,0.6889784821172837
