index,Price [$/MWh]
8/02/17 0:00,43.82
8/02/17 0:05,43.82
8/02/17 0:10,43.82
8/02/17 0:15,43.82
8/02/17 0:20,43.82
8/02/17 0:25,43.82
8/02/17 0:30,150
8/02/17 0:35,150
8/02/17 0:40,150
8/02/17 0:45,150
8/02/17 0:50,150
8/02/17 0:55,150
8/02/17 1:00,46.17
8/02/17 1:05,46.17
8/02/17 1:10,46.17
8/02/17 1:15,46.17
8/02/17 1:20,46.17
8/02/17 1:25,46.17
8/02/17 1:30,43.56
8/02/17 1:35,43.56
8/02/17 1:40,43.56
8/02/17 1:45,43.56
8/02/17 1:50,43.56
8/02/17 1:55,43.56
8/02/17 2:00,43.98
8/02/17 2:05,43.98
8/02/17 2:10,43.98
8/02/17 2:15,43.98
8/02/17 2:20,43.98
8/02/17 2:25,43.98
8/02/17 2:30,40.99
8/02/17 2:35,40.99
8/02/17 2:40,40.99
8/02/17 2:45,40.99
8/02/17 2:50,40.99
8/02/17 2:55,40.99
8/02/17 3:00,37.72
8/02/17 3:05,37.72
8/02/17 3:10,37.72
8/02/17 3:15,37.72
8/02/17 3:20,37.72
8/02/17 3:25,37.72
8/02/17 3:30,42.13
8/02/17 3:35,42.13
8/02/17 3:40,42.13
8/02/17 3:45,42.13
8/02/17 3:50,42.13
8/02/17 3:55,42.13
8/02/17 4:00,40.61
8/02/17 4:05,40.61
8/02/17 4:10,40.61
8/02/17 4:15,40.61
8/02/17 4:20,40.61
8/02/17 4:25,40.61
8/02/17 4:30,52.51
8/02/17 4:35,52.51
8/02/17 4:40,52.51
8/02/17 4:45,52.51
8/02/17 4:50,52.51
8/02/17 4:55,52.51
8/02/17 5:00,65.79
8/02/17 5:05,65.79
8/02/17 5:10,65.79
8/02/17 5:15,65.79
8/02/17 5:20,65.79
8/02/17 5:25,65.79
8/02/17 5:30,56.85
8/02/17 5:35,56.85
8/02/17 5:40,56.85
8/02/17 5:45,56.85
8/02/17 5:50,56.85
8/02/17 5:55,56.85
8/02/17 6:00,72.05
8/02/17 6:05,72.05
8/02/17 6:10,72.05
8/02/17 6:15,72.05
8/02/17 6:20,72.05
8/02/17 6:25,72.05
8/02/17 6:30,131.89
8/02/17 6:35,131.89
8/02/17 6:40,131.89
8/02/17 6:45,131.89
8/02/17 6:50,131.89
8/02/17 6:55,131.89
8/02/17 7:00,71.5
8/02/17 7:05,71.5
8/02/17 7:10,71.5
8/02/17 7:15,71.5
8/02/17 7:20,71.5
8/02/17 7:25,71.5
8/02/17 7:30,95.27
8/02/17 7:35,95.27
8/02/17 7:40,95.27
8/02/17 7:45,95.27
8/02/17 7:50,95.27
8/02/17 7:55,95.27
8/02/17 8:00,115.93
8/02/17 8:05,115.93
8/02/17 8:10,115.93
8/02/17 8:15,115.93
8/02/17 8:20,115.93
8/02/17 8:25,115.93
8/02/17 8:30,110.33
8/02/17 8:35,110.33
8/02/17 8:40,110.33
8/02/17 8:45,110.33
8/02/17 8:50,110.33
8/02/17 8:55,110.33
8/02/17 9:00,125.77
8/02/17 9:05,125.77
8/02/17 9:10,125.77
8/02/17 9:15,125.77
8/02/17 9:20,125.77
8/02/17 9:25,125.77
8/02/17 9:30,122.39
8/02/17 9:35,122.39
8/02/17 9:40,122.39
8/02/17 9:45,122.39
8/02/17 9:50,122.39
8/02/17 9:55,122.39
8/02/17 10:00,115.84
8/02/17 10:05,115.84
8/02/17 10:10,115.84
8/02/17 10:15,115.84
8/02/17 10:20,115.84
8/02/17 10:25,115.84
8/02/17 10:30,118.39
8/02/17 10:35,118.39
8/02/17 10:40,118.39
8/02/17 10:45,118.39
8/02/17 10:50,118.39
8/02/17 10:55,118.39
8/02/17 11:00,130.28
8/02/17 11:05,130.28
8/02/17 11:10,130.28
8/02/17 11:15,130.28
8/02/17 11:20,130.28
8/02/17 11:25,130.28
8/02/17 11:30,152
8/02/17 11:35,152
8/02/17 11:40,152
8/02/17 11:45,152
8/02/17 11:50,152
8/02/17 11:55,152
8/02/17 12:00,163.67
8/02/17 12:05,163.67
8/02/17 12:10,163.67
8/02/17 12:15,163.67
8/02/17 12:20,163.67
8/02/17 12:25,163.67
8/02/17 12:30,185.01
8/02/17 12:35,185.01
8/02/17 12:40,185.01
8/02/17 12:45,185.01
8/02/17 12:50,185.01
8/02/17 12:55,185.01
8/02/17 13:00,245.97
8/02/17 13:05,245.97
8/02/17 13:10,245.97
8/02/17 13:15,245.97
8/02/17 13:20,245.97
8/02/17 13:25,245.97
8/02/17 13:30,375.65
8/02/17 13:35,375.65
8/02/17 13:40,375.65
8/02/17 13:45,375.65
8/02/17 13:50,375.65
8/02/17 13:55,375.65
8/02/17 14:00,220.48
8/02/17 14:05,220.48
8/02/17 14:10,220.48
8/02/17 14:15,220.48
8/02/17 14:20,220.48
8/02/17 14:25,220.48
8/02/17 14:30,308.33
8/02/17 14:35,308.33
8/02/17 14:40,308.33
8/02/17 14:45,308.33
8/02/17 14:50,308.33
8/02/17 14:55,308.33
8/02/17 15:00,2619.6
8/02/17 15:05,2619.6
8/02/17 15:10,2619.6
8/02/17 15:15,2619.6
8/02/17 15:20,2619.6
8/02/17 15:25,2619.6
8/02/17 15:30,437.64
8/02/17 15:35,437.64
8/02/17 15:40,437.64
8/02/17 15:45,437.64
8/02/17 15:50,437.64
8/02/17 15:55,437.64
8/02/17 16:00,443.97
8/02/17 16:05,443.97
8/02/17 16:10,443.97
8/02/17 16:15,443.97
8/02/17 16:20,443.97
8/02/17 16:25,443.97
8/02/17 16:30,2481.99
8/02/17 16:35,2481.99
8/02/17 16:40,2481.99
8/02/17 16:45,2481.99
8/02/17 16:50,2481.99
8/02/17 16:55,2481.99
8/02/17 17:00,11141.35
8/02/17 17:05,11141.35
8/02/17 17:10,11141.35
8/02/17 17:15,11141.35
8/02/17 17:20,11141.35
8/02/17 17:25,11141.35
8/02/17 17:30,13160.01
8/02/17 17:35,13160.01
8/02/17 17:40,13160.01
8/02/17 17:45,13160.01
8/02/17 17:50,13160.01
8/02/17 17:55,13160.01
8/02/17 18:00,13440.01
8/02/17 18:05,13440.01
8/02/17 18:10,13440.01
8/02/17 18:15,13440.01
8/02/17 18:20,13440.01
8/02/17 18:25,13440.01
8/02/17 18:30,9387.38
8/02/17 18:35,9387.38
8/02/17 18:40,9387.38
8/02/17 18:45,9387.38
8/02/17 18:50,9387.38
8/02/17 18:55,9387.38
8/02/17 19:00,13400.01
8/02/17 19:05,13400.01
8/02/17 19:10,13400.01
8/02/17 19:15,13400.01
8/02/17 19:20,13400.01
8/02/17 19:25,13400.01
8/02/17 19:30,240.59
8/02/17 19:35,240.59
8/02/17 19:40,240.59
8/02/17 19:45,240.59
8/02/17 19:50,240.59
8/02/17 19:55,240.59
8/02/17 20:00,230.12
8/02/17 20:05,230.12
8/02/17 20:10,230.12
8/02/17 20:15,230.12
8/02/17 20:20,230.12
8/02/17 20:25,230.12
8/02/17 20:30,231.88
8/02/17 20:35,231.88
8/02/17 20:40,231.88
8/02/17 20:45,231.88
8/02/17 20:50,231.88
8/02/17 20:55,231.88
8/02/17 21:00,185.36
8/02/17 21:05,185.36
8/02/17 21:10,185.36
8/02/17 21:15,185.36
8/02/17 21:20,185.36
8/02/17 21:25,185.36
8/02/17 21:30,237.71
8/02/17 21:35,237.71
8/02/17 21:40,237.71
8/02/17 21:45,237.71
8/02/17 21:50,237.71
8/02/17 21:55,237.71
8/02/17 22:00,150.22
8/02/17 22:05,150.22
8/02/17 22:10,150.22
8/02/17 22:15,150.22
8/02/17 22:20,150.22
8/02/17 22:25,150.22
8/02/17 22:30,143.04
8/02/17 22:35,143.04
8/02/17 22:40,143.04
8/02/17 22:45,143.04
8/02/17 22:50,143.04
8/02/17 22:55,143.04
8/02/17 23:00,132.08
8/02/17 23:05,132.08
8/02/17 23:10,132.08
8/02/17 23:15,132.08
8/02/17 23:20,132.08
8/02/17 23:25,132.08
8/02/17 23:30,143.98
8/02/17 23:35,143.98
8/02/17 23:40,143.98
8/02/17 23:45,143.98
8/02/17 23:50,143.98
8/02/17 23:55,143.98
9/02/17 0:00,125.35
9/02/17 0:05,125.35
9/02/17 0:10,125.35
9/02/17 0:15,125.35
9/02/17 0:20,125.35
9/02/17 0:25,125.35
9/02/17 0:30,120.05
9/02/17 0:35,120.05
9/02/17 0:40,120.05
9/02/17 0:45,120.05
9/02/17 0:50,120.05
9/02/17 0:55,120.05
9/02/17 1:00,91.55
9/02/17 1:05,91.55
9/02/17 1:10,91.55
9/02/17 1:15,91.55
9/02/17 1:20,91.55
9/02/17 1:25,91.55
9/02/17 1:30,111.99
9/02/17 1:35,111.99
9/02/17 1:40,111.99
9/02/17 1:45,111.99
9/02/17 1:50,111.99
9/02/17 1:55,111.99
9/02/17 2:00,107.97
9/02/17 2:05,107.97
9/02/17 2:10,107.97
9/02/17 2:15,107.97
9/02/17 2:20,107.97
9/02/17 2:25,107.97
9/02/17 2:30,115.42
9/02/17 2:35,115.42
9/02/17 2:40,115.42
9/02/17 2:45,115.42
9/02/17 2:50,115.42
9/02/17 2:55,115.42
9/02/17 3:00,132.72
9/02/17 3:05,132.72
9/02/17 3:10,132.72
9/02/17 3:15,132.72
9/02/17 3:20,132.72
9/02/17 3:25,132.72
9/02/17 3:30,132.3
9/02/17 3:35,132.3
9/02/17 3:40,132.3
9/02/17 3:45,132.3
9/02/17 3:50,132.3
9/02/17 3:55,132.3
9/02/17 4:00,121.46
9/02/17 4:05,121.46
9/02/17 4:10,121.46
9/02/17 4:15,121.46
9/02/17 4:20,121.46
9/02/17 4:25,121.46
9/02/17 4:30,128.4
9/02/17 4:35,128.4
9/02/17 4:40,128.4
9/02/17 4:45,128.4
9/02/17 4:50,128.4
9/02/17 4:55,128.4
9/02/17 5:00,139.6
9/02/17 5:05,139.6
9/02/17 5:10,139.6
9/02/17 5:15,139.6
9/02/17 5:20,139.6
9/02/17 5:25,139.6
9/02/17 5:30,152.1
9/02/17 5:35,152.1
9/02/17 5:40,152.1
9/02/17 5:45,152.1
9/02/17 5:50,152.1
9/02/17 5:55,152.1
9/02/17 6:00,162.28
9/02/17 6:05,162.28
9/02/17 6:10,162.28
9/02/17 6:15,162.28
9/02/17 6:20,162.28
9/02/17 6:25,162.28
9/02/17 6:30,350.1
9/02/17 6:35,350.1
9/02/17 6:40,350.1
9/02/17 6:45,350.1
9/02/17 6:50,350.1
9/02/17 6:55,350.1
9/02/17 7:00,215.76
9/02/17 7:05,215.76
9/02/17 7:10,215.76
9/02/17 7:15,215.76
9/02/17 7:20,215.76
9/02/17 7:25,215.76
9/02/17 7:30,160.16
9/02/17 7:35,160.16
9/02/17 7:40,160.16
9/02/17 7:45,160.16
9/02/17 7:50,160.16
9/02/17 7:55,160.16
9/02/17 8:00,256.37
9/02/17 8:05,256.37
9/02/17 8:10,256.37
9/02/17 8:15,256.37
9/02/17 8:20,256.37
9/02/17 8:25,256.37
9/02/17 8:30,317.15
9/02/17 8:35,317.15
9/02/17 8:40,317.15
9/02/17 8:45,317.15
9/02/17 8:50,317.15
9/02/17 8:55,317.15
9/02/17 9:00,336.05
9/02/17 9:05,336.05
9/02/17 9:10,336.05
9/02/17 9:15,336.05
9/02/17 9:20,336.05
9/02/17 9:25,336.05
9/02/17 9:30,165.34
9/02/17 9:35,165.34
9/02/17 9:40,165.34
9/02/17 9:45,165.34
9/02/17 9:50,165.34
9/02/17 9:55,165.34
9/02/17 10:00,320.72
9/02/17 10:05,320.72
9/02/17 10:10,320.72
9/02/17 10:15,320.72
9/02/17 10:20,320.72
9/02/17 10:25,320.72
9/02/17 10:30,427.02
9/02/17 10:35,427.02
9/02/17 10:40,427.02
9/02/17 10:45,427.02
9/02/17 10:50,427.02
9/02/17 10:55,427.02
9/02/17 11:00,423.25
9/02/17 11:05,423.25
9/02/17 11:10,423.25
9/02/17 11:15,423.25
9/02/17 11:20,423.25
9/02/17 11:25,423.25
9/02/17 11:30,362.87
9/02/17 11:35,362.87
9/02/17 11:40,362.87
9/02/17 11:45,362.87
9/02/17 11:50,362.87
9/02/17 11:55,362.87
9/02/17 12:00,337.7
9/02/17 12:05,337.7
9/02/17 12:10,337.7
9/02/17 12:15,337.7
9/02/17 12:20,337.7
9/02/17 12:25,337.7
9/02/17 12:30,338.8
9/02/17 12:35,338.8
9/02/17 12:40,338.8
9/02/17 12:45,338.8
9/02/17 12:50,338.8
9/02/17 12:55,338.8
9/02/17 13:00,349.83
9/02/17 13:05,349.83
9/02/17 13:10,349.83
9/02/17 13:15,349.83
9/02/17 13:20,349.83
9/02/17 13:25,349.83
9/02/17 13:30,350.74
9/02/17 13:35,350.74
9/02/17 13:40,350.74
9/02/17 13:45,350.74
9/02/17 13:50,350.74
9/02/17 13:55,350.74
9/02/17 14:00,267.81
9/02/17 14:05,267.81
9/02/17 14:10,267.81
9/02/17 14:15,267.81
9/02/17 14:20,267.81
9/02/17 14:25,267.81
9/02/17 14:30,266.7
9/02/17 14:35,266.7
9/02/17 14:40,266.7
9/02/17 14:45,266.7
9/02/17 14:50,266.7
9/02/17 14:55,266.7
9/02/17 15:00,299.8
9/02/17 15:05,299.8
9/02/17 15:10,299.8
9/02/17 15:15,299.8
9/02/17 15:20,299.8
9/02/17 15:25,299.8
9/02/17 15:30,285.32
9/02/17 15:35,285.32
9/02/17 15:40,285.32
9/02/17 15:45,285.32
9/02/17 15:50,285.32
9/02/17 15:55,285.32
9/02/17 16:00,2481.17
9/02/17 16:05,2481.17
9/02/17 16:10,2481.17
9/02/17 16:15,2481.17
9/02/17 16:20,2481.17
9/02/17 16:25,2481.17
9/02/17 16:30,6755
9/02/17 16:35,6755
9/02/17 16:40,6755
9/02/17 16:45,6755
9/02/17 16:50,6755
9/02/17 16:55,6755
9/02/17 17:00,8957.71
9/02/17 17:05,8957.71
9/02/17 17:10,8957.71
9/02/17 17:15,8957.71
9/02/17 17:20,8957.71
9/02/17 17:25,8957.71
9/02/17 17:30,132.72
9/02/17 17:35,132.72
9/02/17 17:40,132.72
9/02/17 17:45,132.72
9/02/17 17:50,132.72
9/02/17 17:55,132.72
9/02/17 18:00,9509.52
9/02/17 18:05,9509.52
9/02/17 18:10,9509.52
9/02/17 18:15,9509.52
9/02/17 18:20,9509.52
9/02/17 18:25,9509.52
9/02/17 18:30,412.69
9/02/17 18:35,412.69
9/02/17 18:40,412.69
9/02/17 18:45,412.69
9/02/17 18:50,412.69
9/02/17 18:55,412.69
9/02/17 19:00,579.7
9/02/17 19:05,579.7
9/02/17 19:10,579.7
9/02/17 19:15,579.7
9/02/17 19:20,579.7
9/02/17 19:25,579.7
9/02/17 19:30,232.69
9/02/17 19:35,232.69
9/02/17 19:40,232.69
9/02/17 19:45,232.69
9/02/17 19:50,232.69
9/02/17 19:55,232.69
9/02/17 20:00,187.65
9/02/17 20:05,187.65
9/02/17 20:10,187.65
9/02/17 20:15,187.65
9/02/17 20:20,187.65
9/02/17 20:25,187.65
9/02/17 20:30,190.21
9/02/17 20:35,190.21
9/02/17 20:40,190.21
9/02/17 20:45,190.21
9/02/17 20:50,190.21
9/02/17 20:55,190.21
9/02/17 21:00,254.4
9/02/17 21:05,254.4
9/02/17 21:10,254.4
9/02/17 21:15,254.4
9/02/17 21:20,254.4
9/02/17 21:25,254.4
9/02/17 21:30,124.99
9/02/17 21:35,124.99
9/02/17 21:40,124.99
9/02/17 21:45,124.99
9/02/17 21:50,124.99
9/02/17 21:55,124.99
9/02/17 22:00,182.62
9/02/17 22:05,182.62
9/02/17 22:10,182.62
9/02/17 22:15,182.62
9/02/17 22:20,182.62
9/02/17 22:25,182.62
9/02/17 22:30,198.36
9/02/17 22:35,198.36
9/02/17 22:40,198.36
9/02/17 22:45,198.36
9/02/17 22:50,198.36
9/02/17 22:55,198.36
9/02/17 23:00,126.11
9/02/17 23:05,126.11
9/02/17 23:10,126.11
9/02/17 23:15,126.11
9/02/17 23:20,126.11
9/02/17 23:25,126.11
9/02/17 23:30,106.27
9/02/17 23:35,106.27
9/02/17 23:40,106.27
9/02/17 23:45,106.27
9/02/17 23:50,106.27
9/02/17 23:55,106.27
10/02/17 0:00,104.9
10/02/17 0:05,104.9
10/02/17 0:10,104.9
10/02/17 0:15,104.9
10/02/17 0:20,104.9
10/02/17 0:25,104.9
10/02/17 0:30,127.82
10/02/17 0:35,127.82
10/02/17 0:40,127.82
10/02/17 0:45,127.82
10/02/17 0:50,127.82
10/02/17 0:55,127.82
10/02/17 1:00,154.88
10/02/17 1:05,154.88
10/02/17 1:10,154.88
10/02/17 1:15,154.88
10/02/17 1:20,154.88
10/02/17 1:25,154.88
10/02/17 1:30,189.62
10/02/17 1:35,189.62
10/02/17 1:40,189.62
10/02/17 1:45,189.62
10/02/17 1:50,189.62
10/02/17 1:55,189.62
10/02/17 2:00,164.93
10/02/17 2:05,164.93
10/02/17 2:10,164.93
10/02/17 2:15,164.93
10/02/17 2:20,164.93
10/02/17 2:25,164.93
10/02/17 2:30,127.03
10/02/17 2:35,127.03
10/02/17 2:40,127.03
10/02/17 2:45,127.03
10/02/17 2:50,127.03
10/02/17 2:55,127.03
10/02/17 3:00,116.92
10/02/17 3:05,116.92
10/02/17 3:10,116.92
10/02/17 3:15,116.92
10/02/17 3:20,116.92
10/02/17 3:25,116.92
10/02/17 3:30,116.66
10/02/17 3:35,116.66
10/02/17 3:40,116.66
10/02/17 3:45,116.66
10/02/17 3:50,116.66
10/02/17 3:55,116.66
10/02/17 4:00,139.22
10/02/17 4:05,139.22
10/02/17 4:10,139.22
10/02/17 4:15,139.22
10/02/17 4:20,139.22
10/02/17 4:25,139.22
10/02/17 4:30,103.88
10/02/17 4:35,103.88
10/02/17 4:40,103.88
10/02/17 4:45,103.88
10/02/17 4:50,103.88
10/02/17 4:55,103.88
10/02/17 5:00,145.66
10/02/17 5:05,145.66
10/02/17 5:10,145.66
10/02/17 5:15,145.66
10/02/17 5:20,145.66
10/02/17 5:25,145.66
10/02/17 5:30,149.5
10/02/17 5:35,149.5
10/02/17 5:40,149.5
10/02/17 5:45,149.5
10/02/17 5:50,149.5
10/02/17 5:55,149.5
10/02/17 6:00,183.36
10/02/17 6:05,183.36
10/02/17 6:10,183.36
10/02/17 6:15,183.36
10/02/17 6:20,183.36
10/02/17 6:25,183.36
10/02/17 6:30,232.7
10/02/17 6:35,232.7
10/02/17 6:40,232.7
10/02/17 6:45,232.7
10/02/17 6:50,232.7
10/02/17 6:55,232.7
10/02/17 7:00,137.31
10/02/17 7:05,137.31
10/02/17 7:10,137.31
10/02/17 7:15,137.31
10/02/17 7:20,137.31
10/02/17 7:25,137.31
10/02/17 7:30,144.32
10/02/17 7:35,144.32
10/02/17 7:40,144.32
10/02/17 7:45,144.32
10/02/17 7:50,144.32
10/02/17 7:55,144.32
10/02/17 8:00,280.06
10/02/17 8:05,280.06
10/02/17 8:10,280.06
10/02/17 8:15,280.06
10/02/17 8:20,280.06
10/02/17 8:25,280.06
10/02/17 8:30,188.21
10/02/17 8:35,188.21
10/02/17 8:40,188.21
10/02/17 8:45,188.21
10/02/17 8:50,188.21
10/02/17 8:55,188.21
10/02/17 9:00,237
10/02/17 9:05,237
10/02/17 9:10,237
10/02/17 9:15,237
10/02/17 9:20,237
10/02/17 9:25,237
10/02/17 9:30,200.1
10/02/17 9:35,200.1
10/02/17 9:40,200.1
10/02/17 9:45,200.1
10/02/17 9:50,200.1
10/02/17 9:55,200.1
10/02/17 10:00,251.32
10/02/17 10:05,251.32
10/02/17 10:10,251.32
10/02/17 10:15,251.32
10/02/17 10:20,251.32
10/02/17 10:25,251.32
10/02/17 10:30,408.24
10/02/17 10:35,408.24
10/02/17 10:40,408.24
10/02/17 10:45,408.24
10/02/17 10:50,408.24
10/02/17 10:55,408.24
10/02/17 11:00,573.89
10/02/17 11:05,573.89
10/02/17 11:10,573.89
10/02/17 11:15,573.89
10/02/17 11:20,573.89
10/02/17 11:25,573.89
10/02/17 11:30,425.56
10/02/17 11:35,425.56
10/02/17 11:40,425.56
10/02/17 11:45,425.56
10/02/17 11:50,425.56
10/02/17 11:55,425.56
10/02/17 12:00,237.66
10/02/17 12:05,237.66
10/02/17 12:10,237.66
10/02/17 12:15,237.66
10/02/17 12:20,237.66
10/02/17 12:25,237.66
10/02/17 12:30,341.1
10/02/17 12:35,341.1
10/02/17 12:40,341.1
10/02/17 12:45,341.1
10/02/17 12:50,341.1
10/02/17 12:55,341.1
10/02/17 13:00,311.66
10/02/17 13:05,311.66
10/02/17 13:10,311.66
10/02/17 13:15,311.66
10/02/17 13:20,311.66
10/02/17 13:25,311.66
10/02/17 13:30,900.2
10/02/17 13:35,900.2
10/02/17 13:40,900.2
10/02/17 13:45,900.2
10/02/17 13:50,900.2
10/02/17 13:55,900.2
10/02/17 14:00,291.01
10/02/17 14:05,291.01
10/02/17 14:10,291.01
10/02/17 14:15,291.01
10/02/17 14:20,291.01
10/02/17 14:25,291.01
10/02/17 14:30,258.14
10/02/17 14:35,258.14
10/02/17 14:40,258.14
10/02/17 14:45,258.14
10/02/17 14:50,258.14
10/02/17 14:55,258.14
10/02/17 15:00,2112.8
10/02/17 15:05,2112.8
10/02/17 15:10,2112.8
10/02/17 15:15,2112.8
10/02/17 15:20,2112.8
10/02/17 15:25,2112.8
10/02/17 15:30,1945.88
10/02/17 15:35,1945.88
10/02/17 15:40,1945.88
10/02/17 15:45,1945.88
10/02/17 15:50,1945.88
10/02/17 15:55,1945.88
10/02/17 16:00,1389.91
10/02/17 16:05,1389.91
10/02/17 16:10,1389.91
10/02/17 16:15,1389.91
10/02/17 16:20,1389.91
10/02/17 16:25,1389.91
10/02/17 16:30,442.32
10/02/17 16:35,442.32
10/02/17 16:40,442.32
10/02/17 16:45,442.32
10/02/17 16:50,442.32
10/02/17 16:55,442.32
10/02/17 17:00,358.8
10/02/17 17:05,358.8
10/02/17 17:10,358.8
10/02/17 17:15,358.8
10/02/17 17:20,358.8
10/02/17 17:25,358.8
10/02/17 17:30,1998.64
10/02/17 17:35,1998.64
10/02/17 17:40,1998.64
10/02/17 17:45,1998.64
10/02/17 17:50,1998.64
10/02/17 17:55,1998.64
10/02/17 18:00,398.14
10/02/17 18:05,398.14
10/02/17 18:10,398.14
10/02/17 18:15,398.14
10/02/17 18:20,398.14
10/02/17 18:25,398.14
10/02/17 18:30,333.83
10/02/17 18:35,333.83
10/02/17 18:40,333.83
10/02/17 18:45,333.83
10/02/17 18:50,333.83
10/02/17 18:55,333.83
10/02/17 19:00,284.36
10/02/17 19:05,284.36
10/02/17 19:10,284.36
10/02/17 19:15,284.36
10/02/17 19:20,284.36
10/02/17 19:25,284.36
10/02/17 19:30,300.29
10/02/17 19:35,300.29
10/02/17 19:40,300.29
10/02/17 19:45,300.29
10/02/17 19:50,300.29
10/02/17 19:55,300.29
10/02/17 20:00,268.5
10/02/17 20:05,268.5
10/02/17 20:10,268.5
10/02/17 20:15,268.5
10/02/17 20:20,268.5
10/02/17 20:25,268.5
10/02/17 20:30,271.31
10/02/17 20:35,271.31
10/02/17 20:40,271.31
10/02/17 20:45,271.31
10/02/17 20:50,271.31
10/02/17 20:55,271.31
10/02/17 21:00,303.19
10/02/17 21:05,303.19
10/02/17 21:10,303.19
10/02/17 21:15,303.19
10/02/17 21:20,303.19
10/02/17 21:25,303.19
10/02/17 21:30,220.17
10/02/17 21:35,220.17
10/02/17 21:40,220.17
10/02/17 21:45,220.17
10/02/17 21:50,220.17
10/02/17 21:55,220.17
10/02/17 22:00,320.36
10/02/17 22:05,320.36
10/02/17 22:10,320.36
10/02/17 22:15,320.36
10/02/17 22:20,320.36
10/02/17 22:25,320.36
10/02/17 22:30,252.09
10/02/17 22:35,252.09
10/02/17 22:40,252.09
10/02/17 22:45,252.09
10/02/17 22:50,252.09
10/02/17 22:55,252.09
10/02/17 23:00,196.34
10/02/17 23:05,196.34
10/02/17 23:10,196.34
10/02/17 23:15,196.34
10/02/17 23:20,196.34
10/02/17 23:25,196.34
10/02/17 23:30,177.41
10/02/17 23:35,177.41
10/02/17 23:40,177.41
10/02/17 23:45,177.41
10/02/17 23:50,177.41
10/02/17 23:55,177.41
11/02/17 0:00,124.88
11/02/17 0:05,124.88
11/02/17 0:10,124.88
11/02/17 0:15,124.88
11/02/17 0:20,124.88
11/02/17 0:25,124.88
11/02/17 0:30,150.51
11/02/17 0:35,150.51
11/02/17 0:40,150.51
11/02/17 0:45,150.51
11/02/17 0:50,150.51
11/02/17 0:55,150.51
11/02/17 1:00,171.86
11/02/17 1:05,171.86
11/02/17 1:10,171.86
11/02/17 1:15,171.86
11/02/17 1:20,171.86
11/02/17 1:25,171.86
11/02/17 1:30,199.99
11/02/17 1:35,199.99
11/02/17 1:40,199.99
11/02/17 1:45,199.99
11/02/17 1:50,199.99
11/02/17 1:55,199.99
11/02/17 2:00,188
11/02/17 2:05,188
11/02/17 2:10,188
11/02/17 2:15,188
11/02/17 2:20,188
11/02/17 2:25,188
11/02/17 2:30,192.87
11/02/17 2:35,192.87
11/02/17 2:40,192.87
11/02/17 2:45,192.87
11/02/17 2:50,192.87
11/02/17 2:55,192.87
11/02/17 3:00,143.05
11/02/17 3:05,143.05
11/02/17 3:10,143.05
11/02/17 3:15,143.05
11/02/17 3:20,143.05
11/02/17 3:25,143.05
11/02/17 3:30,112.53
11/02/17 3:35,112.53
11/02/17 3:40,112.53
11/02/17 3:45,112.53
11/02/17 3:50,112.53
11/02/17 3:55,112.53
11/02/17 4:00,134.73
11/02/17 4:05,134.73
11/02/17 4:10,134.73
11/02/17 4:15,134.73
11/02/17 4:20,134.73
11/02/17 4:25,134.73
11/02/17 4:30,111.17
11/02/17 4:35,111.17
11/02/17 4:40,111.17
11/02/17 4:45,111.17
11/02/17 4:50,111.17
11/02/17 4:55,111.17
11/02/17 5:00,111.31
11/02/17 5:05,111.31
11/02/17 5:10,111.31
11/02/17 5:15,111.31
11/02/17 5:20,111.31
11/02/17 5:25,111.31
11/02/17 5:30,87.82
11/02/17 5:35,87.82
11/02/17 5:40,87.82
11/02/17 5:45,87.82
11/02/17 5:50,87.82
11/02/17 5:55,87.82
11/02/17 6:00,95.52
11/02/17 6:05,95.52
11/02/17 6:10,95.52
11/02/17 6:15,95.52
11/02/17 6:20,95.52
11/02/17 6:25,95.52
11/02/17 6:30,116.19
11/02/17 6:35,116.19
11/02/17 6:40,116.19
11/02/17 6:45,116.19
11/02/17 6:50,116.19
11/02/17 6:55,116.19
11/02/17 7:00,141.63
11/02/17 7:05,141.63
11/02/17 7:10,141.63
11/02/17 7:15,141.63
11/02/17 7:20,141.63
11/02/17 7:25,141.63
11/02/17 7:30,126.69
11/02/17 7:35,126.69
11/02/17 7:40,126.69
11/02/17 7:45,126.69
11/02/17 7:50,126.69
11/02/17 7:55,126.69
11/02/17 8:00,149.55
11/02/17 8:05,149.55
11/02/17 8:10,149.55
11/02/17 8:15,149.55
11/02/17 8:20,149.55
11/02/17 8:25,149.55
11/02/17 8:30,170.5
11/02/17 8:35,170.5
11/02/17 8:40,170.5
11/02/17 8:45,170.5
11/02/17 8:50,170.5
11/02/17 8:55,170.5
11/02/17 9:00,173.94
11/02/17 9:05,173.94
11/02/17 9:10,173.94
11/02/17 9:15,173.94
11/02/17 9:20,173.94
11/02/17 9:25,173.94
11/02/17 9:30,219.97
11/02/17 9:35,219.97
11/02/17 9:40,219.97
11/02/17 9:45,219.97
11/02/17 9:50,219.97
11/02/17 9:55,219.97
11/02/17 10:00,219.76
11/02/17 10:05,219.76
11/02/17 10:10,219.76
11/02/17 10:15,219.76
11/02/17 10:20,219.76
11/02/17 10:25,219.76
11/02/17 10:30,242.64
11/02/17 10:35,242.64
11/02/17 10:40,242.64
11/02/17 10:45,242.64
11/02/17 10:50,242.64
11/02/17 10:55,242.64
11/02/17 11:00,190
11/02/17 11:05,190
11/02/17 11:10,190
11/02/17 11:15,190
11/02/17 11:20,190
11/02/17 11:25,190
11/02/17 11:30,136.05
11/02/17 11:35,136.05
11/02/17 11:40,136.05
11/02/17 11:45,136.05
11/02/17 11:50,136.05
11/02/17 11:55,136.05
11/02/17 12:00,98.96
11/02/17 12:05,98.96
11/02/17 12:10,98.96
11/02/17 12:15,98.96
11/02/17 12:20,98.96
11/02/17 12:25,98.96
11/02/17 12:30,77.61
11/02/17 12:35,77.61
11/02/17 12:40,77.61
11/02/17 12:45,77.61
11/02/17 12:50,77.61
11/02/17 12:55,77.61
11/02/17 13:00,88.44
11/02/17 13:05,88.44
11/02/17 13:10,88.44
11/02/17 13:15,88.44
11/02/17 13:20,88.44
11/02/17 13:25,88.44
11/02/17 13:30,117.26
11/02/17 13:35,117.26
11/02/17 13:40,117.26
11/02/17 13:45,117.26
11/02/17 13:50,117.26
11/02/17 13:55,117.26
11/02/17 14:00,124.94
11/02/17 14:05,124.94
11/02/17 14:10,124.94
11/02/17 14:15,124.94
11/02/17 14:20,124.94
11/02/17 14:25,124.94
11/02/17 14:30,107.34
11/02/17 14:35,107.34
11/02/17 14:40,107.34
11/02/17 14:45,107.34
11/02/17 14:50,107.34
11/02/17 14:55,107.34
11/02/17 15:00,69.24
11/02/17 15:05,69.24
11/02/17 15:10,69.24
11/02/17 15:15,69.24
11/02/17 15:20,69.24
11/02/17 15:25,69.24
11/02/17 15:30,119.66
11/02/17 15:35,119.66
11/02/17 15:40,119.66
11/02/17 15:45,119.66
11/02/17 15:50,119.66
11/02/17 15:55,119.66
11/02/17 16:00,124.99
11/02/17 16:05,124.99
11/02/17 16:10,124.99
11/02/17 16:15,124.99
11/02/17 16:20,124.99
11/02/17 16:25,124.99
11/02/17 16:30,124.99
11/02/17 16:35,124.99
11/02/17 16:40,124.99
11/02/17 16:45,124.99
11/02/17 16:50,124.99
11/02/17 16:55,124.99
11/02/17 17:00,127.61
11/02/17 17:05,127.61
11/02/17 17:10,127.61
11/02/17 17:15,127.61
11/02/17 17:20,127.61
11/02/17 17:25,127.61
11/02/17 17:30,116.95
11/02/17 17:35,116.95
11/02/17 17:40,116.95
11/02/17 17:45,116.95
11/02/17 17:50,116.95
11/02/17 17:55,116.95
11/02/17 18:00,124.94
11/02/17 18:05,124.94
11/02/17 18:10,124.94
11/02/17 18:15,124.94
11/02/17 18:20,124.94
11/02/17 18:25,124.94
11/02/17 18:30,97.89
11/02/17 18:35,97.89
11/02/17 18:40,97.89
11/02/17 18:45,97.89
11/02/17 18:50,97.89
11/02/17 18:55,97.89
11/02/17 19:00,124.99
11/02/17 19:05,124.99
11/02/17 19:10,124.99
11/02/17 19:15,124.99
11/02/17 19:20,124.99
11/02/17 19:25,124.99
11/02/17 19:30,124.99
11/02/17 19:35,124.99
11/02/17 19:40,124.99
11/02/17 19:45,124.99
11/02/17 19:50,124.99
11/02/17 19:55,124.99
11/02/17 20:00,71.52
11/02/17 20:05,71.52
11/02/17 20:10,71.52
11/02/17 20:15,71.52
11/02/17 20:20,71.52
11/02/17 20:25,71.52
11/02/17 20:30,18.23
11/02/17 20:35,18.23
11/02/17 20:40,18.23
11/02/17 20:45,18.23
11/02/17 20:50,18.23
11/02/17 20:55,18.23
11/02/17 21:00,65.79
11/02/17 21:05,65.79
11/02/17 21:10,65.79
11/02/17 21:15,65.79
11/02/17 21:20,65.79
11/02/17 21:25,65.79
11/02/17 21:30,79.82
11/02/17 21:35,79.82
11/02/17 21:40,79.82
11/02/17 21:45,79.82
11/02/17 21:50,79.82
11/02/17 21:55,79.82
11/02/17 22:00,77.81
11/02/17 22:05,77.81
11/02/17 22:10,77.81
11/02/17 22:15,77.81
11/02/17 22:20,77.81
11/02/17 22:25,77.81
11/02/17 22:30,158.5
11/02/17 22:35,158.5
11/02/17 22:40,158.5
11/02/17 22:45,158.5
11/02/17 22:50,158.5
11/02/17 22:55,158.5
11/02/17 23:00,173.64
11/02/17 23:05,173.64
11/02/17 23:10,173.64
11/02/17 23:15,173.64
11/02/17 23:20,173.64
11/02/17 23:25,173.64
11/02/17 23:30,137.05
11/02/17 23:35,137.05
11/02/17 23:40,137.05
11/02/17 23:45,137.05
11/02/17 23:50,137.05
11/02/17 23:55,137.05
12/02/17 0:00,80.51
12/02/17 0:05,80.51
12/02/17 0:10,80.51
12/02/17 0:15,80.51
12/02/17 0:20,80.51
12/02/17 0:25,80.51
12/02/17 0:30,73.36
12/02/17 0:35,73.36
12/02/17 0:40,73.36
12/02/17 0:45,73.36
12/02/17 0:50,73.36
12/02/17 0:55,73.36
12/02/17 1:00,64.94
12/02/17 1:05,64.94
12/02/17 1:10,64.94
12/02/17 1:15,64.94
12/02/17 1:20,64.94
12/02/17 1:25,64.94
12/02/17 1:30,53.26
12/02/17 1:35,53.26
12/02/17 1:40,53.26
12/02/17 1:45,53.26
12/02/17 1:50,53.26
12/02/17 1:55,53.26
12/02/17 2:00,221.02
12/02/17 2:05,221.02
12/02/17 2:10,221.02
12/02/17 2:15,221.02
12/02/17 2:20,221.02
12/02/17 2:25,221.02
12/02/17 2:30,73.71
12/02/17 2:35,73.71
12/02/17 2:40,73.71
12/02/17 2:45,73.71
12/02/17 2:50,73.71
12/02/17 2:55,73.71
12/02/17 3:00,71.35
12/02/17 3:05,71.35
12/02/17 3:10,71.35
12/02/17 3:15,71.35
12/02/17 3:20,71.35
12/02/17 3:25,71.35
12/02/17 3:30,72.85
12/02/17 3:35,72.85
12/02/17 3:40,72.85
12/02/17 3:45,72.85
12/02/17 3:50,72.85
12/02/17 3:55,72.85
12/02/17 4:00,64.07
12/02/17 4:05,64.07
12/02/17 4:10,64.07
12/02/17 4:15,64.07
12/02/17 4:20,64.07
12/02/17 4:25,64.07
12/02/17 4:30,49.98
12/02/17 4:35,49.98
12/02/17 4:40,49.98
12/02/17 4:45,49.98
12/02/17 4:50,49.98
12/02/17 4:55,49.98
12/02/17 5:00,59.02
12/02/17 5:05,59.02
12/02/17 5:10,59.02
12/02/17 5:15,59.02
12/02/17 5:20,59.02
12/02/17 5:25,59.02
12/02/17 5:30,52.27
12/02/17 5:35,52.27
12/02/17 5:40,52.27
12/02/17 5:45,52.27
12/02/17 5:50,52.27
12/02/17 5:55,52.27
12/02/17 6:00,49.28
12/02/17 6:05,49.28
12/02/17 6:10,49.28
12/02/17 6:15,49.28
12/02/17 6:20,49.28
12/02/17 6:25,49.28
12/02/17 6:30,64.63
12/02/17 6:35,64.63
12/02/17 6:40,64.63
12/02/17 6:45,64.63
12/02/17 6:50,64.63
12/02/17 6:55,64.63
12/02/17 7:00,38.57
12/02/17 7:05,38.57
12/02/17 7:10,38.57
12/02/17 7:15,38.57
12/02/17 7:20,38.57
12/02/17 7:25,38.57
12/02/17 7:30,40.77
12/02/17 7:35,40.77
12/02/17 7:40,40.77
12/02/17 7:45,40.77
12/02/17 7:50,40.77
12/02/17 7:55,40.77
12/02/17 8:00,57.57
12/02/17 8:05,57.57
12/02/17 8:10,57.57
12/02/17 8:15,57.57
12/02/17 8:20,57.57
12/02/17 8:25,57.57
12/02/17 8:30,58.4
12/02/17 8:35,58.4
12/02/17 8:40,58.4
12/02/17 8:45,58.4
12/02/17 8:50,58.4
12/02/17 8:55,58.4
12/02/17 9:00,21.29
12/02/17 9:05,21.29
12/02/17 9:10,21.29
12/02/17 9:15,21.29
12/02/17 9:20,21.29
12/02/17 9:25,21.29
12/02/17 9:30,14.05
12/02/17 9:35,14.05
12/02/17 9:40,14.05
12/02/17 9:45,14.05
12/02/17 9:50,14.05
12/02/17 9:55,14.05
12/02/17 10:00,13.91
12/02/17 10:05,13.91
12/02/17 10:10,13.91
12/02/17 10:15,13.91
12/02/17 10:20,13.91
12/02/17 10:25,13.91
12/02/17 10:30,8.67
12/02/17 10:35,8.67
12/02/17 10:40,8.67
12/02/17 10:45,8.67
12/02/17 10:50,8.67
12/02/17 10:55,8.67
12/02/17 11:00,7.5
12/02/17 11:05,7.5
12/02/17 11:10,7.5
12/02/17 11:15,7.5
12/02/17 11:20,7.5
12/02/17 11:25,7.5
12/02/17 11:30,9.9
12/02/17 11:35,9.9
12/02/17 11:40,9.9
12/02/17 11:45,9.9
12/02/17 11:50,9.9
12/02/17 11:55,9.9
12/02/17 12:00,-8.3
12/02/17 12:05,-8.3
12/02/17 12:10,-8.3
12/02/17 12:15,-8.3
12/02/17 12:20,-8.3
12/02/17 12:25,-8.3
12/02/17 12:30,3.54
12/02/17 12:35,3.54
12/02/17 12:40,3.54
12/02/17 12:45,3.54
12/02/17 12:50,3.54
12/02/17 12:55,3.54
12/02/17 13:00,-0.28
12/02/17 13:05,-0.28
12/02/17 13:10,-0.28
12/02/17 13:15,-0.28
12/02/17 13:20,-0.28
12/02/17 13:25,-0.28
12/02/17 13:30,2.53
12/02/17 13:35,2.53
12/02/17 13:40,2.53
12/02/17 13:45,2.53
12/02/17 13:50,2.53
12/02/17 13:55,2.53
12/02/17 14:00,9.37
12/02/17 14:05,9.37
12/02/17 14:10,9.37
12/02/17 14:15,9.37
12/02/17 14:20,9.37
12/02/17 14:25,9.37
12/02/17 14:30,10.61
12/02/17 14:35,10.61
12/02/17 14:40,10.61
12/02/17 14:45,10.61
12/02/17 14:50,10.61
12/02/17 14:55,10.61
12/02/17 15:00,7.94
12/02/17 15:05,7.94
12/02/17 15:10,7.94
12/02/17 15:15,7.94
12/02/17 15:20,7.94
12/02/17 15:25,7.94
12/02/17 15:30,14.2
12/02/17 15:35,14.2
12/02/17 15:40,14.2
12/02/17 15:45,14.2
12/02/17 15:50,14.2
12/02/17 15:55,14.2
12/02/17 16:00,14.27
12/02/17 16:05,14.27
12/02/17 16:10,14.27
12/02/17 16:15,14.27
12/02/17 16:20,14.27
12/02/17 16:25,14.27
12/02/17 16:30,28.44
12/02/17 16:35,28.44
12/02/17 16:40,28.44
12/02/17 16:45,28.44
12/02/17 16:50,28.44
12/02/17 16:55,28.44
12/02/17 17:00,9.57
12/02/17 17:05,9.57
12/02/17 17:10,9.57
12/02/17 17:15,9.57
12/02/17 17:20,9.57
12/02/17 17:25,9.57
12/02/17 17:30,16.35
12/02/17 17:35,16.35
12/02/17 17:40,16.35
12/02/17 17:45,16.35
12/02/17 17:50,16.35
12/02/17 17:55,16.35
12/02/17 18:00,32.12
12/02/17 18:05,32.12
12/02/17 18:10,32.12
12/02/17 18:15,32.12
12/02/17 18:20,32.12
12/02/17 18:25,32.12
12/02/17 18:30,37.2
12/02/17 18:35,37.2
12/02/17 18:40,37.2
12/02/17 18:45,37.2
12/02/17 18:50,37.2
12/02/17 18:55,37.2
12/02/17 19:00,45.81
12/02/17 19:05,45.81
12/02/17 19:10,45.81
12/02/17 19:15,45.81
12/02/17 19:20,45.81
12/02/17 19:25,45.81
12/02/17 19:30,53.21
12/02/17 19:35,53.21
12/02/17 19:40,53.21
12/02/17 19:45,53.21
12/02/17 19:50,53.21
12/02/17 19:55,53.21
12/02/17 20:00,57.14
12/02/17 20:05,57.14
12/02/17 20:10,57.14
12/02/17 20:15,57.14
12/02/17 20:20,57.14
12/02/17 20:25,57.14
12/02/17 20:30,60.94
12/02/17 20:35,60.94
12/02/17 20:40,60.94
12/02/17 20:45,60.94
12/02/17 20:50,60.94
12/02/17 20:55,60.94
12/02/17 21:00,55.54
12/02/17 21:05,55.54
12/02/17 21:10,55.54
12/02/17 21:15,55.54
12/02/17 21:20,55.54
12/02/17 21:25,55.54
12/02/17 21:30,57.03
12/02/17 21:35,57.03
12/02/17 21:40,57.03
12/02/17 21:45,57.03
12/02/17 21:50,57.03
12/02/17 21:55,57.03
12/02/17 22:00,50.05
12/02/17 22:05,50.05
12/02/17 22:10,50.05
12/02/17 22:15,50.05
12/02/17 22:20,50.05
12/02/17 22:25,50.05
12/02/17 22:30,50.55
12/02/17 22:35,50.55
12/02/17 22:40,50.55
12/02/17 22:45,50.55
12/02/17 22:50,50.55
12/02/17 22:55,50.55
12/02/17 23:00,33.44
12/02/17 23:05,33.44
12/02/17 23:10,33.44
12/02/17 23:15,33.44
12/02/17 23:20,33.44
12/02/17 23:25,33.44
12/02/17 23:30,45.28
12/02/17 23:35,45.28
12/02/17 23:40,45.28
12/02/17 23:45,45.28
12/02/17 23:50,45.28
12/02/17 23:55,45.28
13/02/17 0:00,88.04
13/02/17 0:05,88.04
13/02/17 0:10,88.04
13/02/17 0:15,88.04
13/02/17 0:20,88.04
13/02/17 0:25,88.04
13/02/17 0:30,87.13
13/02/17 0:35,87.13
13/02/17 0:40,87.13
13/02/17 0:45,87.13
13/02/17 0:50,87.13
13/02/17 0:55,87.13
13/02/17 1:00,74.63
13/02/17 1:05,74.63
13/02/17 1:10,74.63
13/02/17 1:15,74.63
13/02/17 1:20,74.63
13/02/17 1:25,74.63
13/02/17 1:30,67.66
13/02/17 1:35,67.66
13/02/17 1:40,67.66
13/02/17 1:45,67.66
13/02/17 1:50,67.66
13/02/17 1:55,67.66
13/02/17 2:00,63.56
13/02/17 2:05,63.56
13/02/17 2:10,63.56
13/02/17 2:15,63.56
13/02/17 2:20,63.56
13/02/17 2:25,63.56
13/02/17 2:30,76.61
13/02/17 2:35,76.61
13/02/17 2:40,76.61
13/02/17 2:45,76.61
13/02/17 2:50,76.61
13/02/17 2:55,76.61
13/02/17 3:00,75.1
13/02/17 3:05,75.1
13/02/17 3:10,75.1
13/02/17 3:15,75.1
13/02/17 3:20,75.1
13/02/17 3:25,75.1
13/02/17 3:30,62.74
13/02/17 3:35,62.74
13/02/17 3:40,62.74
13/02/17 3:45,62.74
13/02/17 3:50,62.74
13/02/17 3:55,62.74
13/02/17 4:00,66.82
13/02/17 4:05,66.82
13/02/17 4:10,66.82
13/02/17 4:15,66.82
13/02/17 4:20,66.82
13/02/17 4:25,66.82
13/02/17 4:30,88.45
13/02/17 4:35,88.45
13/02/17 4:40,88.45
13/02/17 4:45,88.45
13/02/17 4:50,88.45
13/02/17 4:55,88.45
13/02/17 5:00,132.09
13/02/17 5:05,132.09
13/02/17 5:10,132.09
13/02/17 5:15,132.09
13/02/17 5:20,132.09
13/02/17 5:25,132.09
13/02/17 5:30,162.74
13/02/17 5:35,162.74
13/02/17 5:40,162.74
13/02/17 5:45,162.74
13/02/17 5:50,162.74
13/02/17 5:55,162.74
13/02/17 6:00,119.4
13/02/17 6:05,119.4
13/02/17 6:10,119.4
13/02/17 6:15,119.4
13/02/17 6:20,119.4
13/02/17 6:25,119.4
13/02/17 6:30,107.44
13/02/17 6:35,107.44
13/02/17 6:40,107.44
13/02/17 6:45,107.44
13/02/17 6:50,107.44
13/02/17 6:55,107.44
13/02/17 7:00,103.15
13/02/17 7:05,103.15
13/02/17 7:10,103.15
13/02/17 7:15,103.15
13/02/17 7:20,103.15
13/02/17 7:25,103.15
13/02/17 7:30,100.66
13/02/17 7:35,100.66
13/02/17 7:40,100.66
13/02/17 7:45,100.66
13/02/17 7:50,100.66
13/02/17 7:55,100.66
13/02/17 8:00,105.1
13/02/17 8:05,105.1
13/02/17 8:10,105.1
13/02/17 8:15,105.1
13/02/17 8:20,105.1
13/02/17 8:25,105.1
13/02/17 8:30,98.52
13/02/17 8:35,98.52
13/02/17 8:40,98.52
13/02/17 8:45,98.52
13/02/17 8:50,98.52
13/02/17 8:55,98.52
13/02/17 9:00,96.71
13/02/17 9:05,96.71
13/02/17 9:10,96.71
13/02/17 9:15,96.71
13/02/17 9:20,96.71
13/02/17 9:25,96.71
13/02/17 9:30,104.58
13/02/17 9:35,104.58
13/02/17 9:40,104.58
13/02/17 9:45,104.58
13/02/17 9:50,104.58
13/02/17 9:55,104.58
13/02/17 10:00,108.96
13/02/17 10:05,108.96
13/02/17 10:10,108.96
13/02/17 10:15,108.96
13/02/17 10:20,108.96
13/02/17 10:25,108.96
13/02/17 10:30,117.97
13/02/17 10:35,117.97
13/02/17 10:40,117.97
13/02/17 10:45,117.97
13/02/17 10:50,117.97
13/02/17 10:55,117.97
13/02/17 11:00,122.04
13/02/17 11:05,122.04
13/02/17 11:10,122.04
13/02/17 11:15,122.04
13/02/17 11:20,122.04
13/02/17 11:25,122.04
13/02/17 11:30,120.58
13/02/17 11:35,120.58
13/02/17 11:40,120.58
13/02/17 11:45,120.58
13/02/17 11:50,120.58
13/02/17 11:55,120.58
13/02/17 12:00,109.61
13/02/17 12:05,109.61
13/02/17 12:10,109.61
13/02/17 12:15,109.61
13/02/17 12:20,109.61
13/02/17 12:25,109.61
13/02/17 12:30,99.75
13/02/17 12:35,99.75
13/02/17 12:40,99.75
13/02/17 12:45,99.75
13/02/17 12:50,99.75
13/02/17 12:55,99.75
13/02/17 13:00,82.55
13/02/17 13:05,82.55
13/02/17 13:10,82.55
13/02/17 13:15,82.55
13/02/17 13:20,82.55
13/02/17 13:25,82.55
13/02/17 13:30,83.59
13/02/17 13:35,83.59
13/02/17 13:40,83.59
13/02/17 13:45,83.59
13/02/17 13:50,83.59
13/02/17 13:55,83.59
13/02/17 14:00,88.01
13/02/17 14:05,88.01
13/02/17 14:10,88.01
13/02/17 14:15,88.01
13/02/17 14:20,88.01
13/02/17 14:25,88.01
13/02/17 14:30,100
13/02/17 14:35,100
13/02/17 14:40,100
13/02/17 14:45,100
13/02/17 14:50,100
13/02/17 14:55,100
13/02/17 15:00,79.34
13/02/17 15:05,79.34
13/02/17 15:10,79.34
13/02/17 15:15,79.34
13/02/17 15:20,79.34
13/02/17 15:25,79.34
13/02/17 15:30,85.15
13/02/17 15:35,85.15
13/02/17 15:40,85.15
13/02/17 15:45,85.15
13/02/17 15:50,85.15
13/02/17 15:55,85.15
13/02/17 16:00,79.78
13/02/17 16:05,79.78
13/02/17 16:10,79.78
13/02/17 16:15,79.78
13/02/17 16:20,79.78
13/02/17 16:25,79.78
13/02/17 16:30,80
13/02/17 16:35,80
13/02/17 16:40,80
13/02/17 16:45,80
13/02/17 16:50,80
13/02/17 16:55,80
13/02/17 17:00,79.77
13/02/17 17:05,79.77
13/02/17 17:10,79.77
13/02/17 17:15,79.77
13/02/17 17:20,79.77
13/02/17 17:25,79.77
13/02/17 17:30,89.08
13/02/17 17:35,89.08
13/02/17 17:40,89.08
13/02/17 17:45,89.08
13/02/17 17:50,89.08
13/02/17 17:55,89.08
13/02/17 18:00,91.7
13/02/17 18:05,91.7
13/02/17 18:10,91.7
13/02/17 18:15,91.7
13/02/17 18:20,91.7
13/02/17 18:25,91.7
13/02/17 18:30,94.96
13/02/17 18:35,94.96
13/02/17 18:40,94.96
13/02/17 18:45,94.96
13/02/17 18:50,94.96
13/02/17 18:55,94.96
13/02/17 19:00,86.53
13/02/17 19:05,86.53
13/02/17 19:10,86.53
13/02/17 19:15,86.53
13/02/17 19:20,86.53
13/02/17 19:25,86.53
13/02/17 19:30,80.68
13/02/17 19:35,80.68
13/02/17 19:40,80.68
13/02/17 19:45,80.68
13/02/17 19:50,80.68
13/02/17 19:55,80.68
13/02/17 20:00,83.5
13/02/17 20:05,83.5
13/02/17 20:10,83.5
13/02/17 20:15,83.5
13/02/17 20:20,83.5
13/02/17 20:25,83.5
13/02/17 20:30,80.99
13/02/17 20:35,80.99
13/02/17 20:40,80.99
13/02/17 20:45,80.99
13/02/17 20:50,80.99
13/02/17 20:55,80.99
13/02/17 21:00,63.3
13/02/17 21:05,63.3
13/02/17 21:10,63.3
13/02/17 21:15,63.3
13/02/17 21:20,63.3
13/02/17 21:25,63.3
13/02/17 21:30,62.08
13/02/17 21:35,62.08
13/02/17 21:40,62.08
13/02/17 21:45,62.08
13/02/17 21:50,62.08
13/02/17 21:55,62.08
13/02/17 22:00,79.77
13/02/17 22:05,79.77
13/02/17 22:10,79.77
13/02/17 22:15,79.77
13/02/17 22:20,79.77
13/02/17 22:25,79.77
13/02/17 22:30,77.7
13/02/17 22:35,77.7
13/02/17 22:40,77.7
13/02/17 22:45,77.7
13/02/17 22:50,77.7
13/02/17 22:55,77.7
13/02/17 23:00,84.58
13/02/17 23:05,84.58
13/02/17 23:10,84.58
13/02/17 23:15,84.58
13/02/17 23:20,84.58
13/02/17 23:25,84.58
13/02/17 23:30,87.5
13/02/17 23:35,87.5
13/02/17 23:40,87.5
13/02/17 23:45,87.5
13/02/17 23:50,87.5
13/02/17 23:55,87.5
14/02/17 0:00,77.43
14/02/17 0:05,77.43
14/02/17 0:10,77.43
14/02/17 0:15,77.43
14/02/17 0:20,77.43
14/02/17 0:25,77.43
14/02/17 0:30,72.37
14/02/17 0:35,72.37
14/02/17 0:40,72.37
14/02/17 0:45,72.37
14/02/17 0:50,72.37
14/02/17 0:55,72.37
14/02/17 1:00,53.36
14/02/17 1:05,53.36
14/02/17 1:10,53.36
14/02/17 1:15,53.36
14/02/17 1:20,53.36
14/02/17 1:25,53.36
14/02/17 1:30,53.65
14/02/17 1:35,53.65
14/02/17 1:40,53.65
14/02/17 1:45,53.65
14/02/17 1:50,53.65
14/02/17 1:55,53.65
14/02/17 2:00,57.42
14/02/17 2:05,57.42
14/02/17 2:10,57.42
14/02/17 2:15,57.42
14/02/17 2:20,57.42
14/02/17 2:25,57.42
14/02/17 2:30,50.38
14/02/17 2:35,50.38
14/02/17 2:40,50.38
14/02/17 2:45,50.38
14/02/17 2:50,50.38
14/02/17 2:55,50.38
14/02/17 3:00,57.38
14/02/17 3:05,57.38
14/02/17 3:10,57.38
14/02/17 3:15,57.38
14/02/17 3:20,57.38
14/02/17 3:25,57.38
14/02/17 3:30,51.15
14/02/17 3:35,51.15
14/02/17 3:40,51.15
14/02/17 3:45,51.15
14/02/17 3:50,51.15
14/02/17 3:55,51.15
14/02/17 4:00,62.73
14/02/17 4:05,62.73
14/02/17 4:10,62.73
14/02/17 4:15,62.73
14/02/17 4:20,62.73
14/02/17 4:25,62.73
14/02/17 4:30,84.74
14/02/17 4:35,84.74
14/02/17 4:40,84.74
14/02/17 4:45,84.74
14/02/17 4:50,84.74
14/02/17 4:55,84.74
14/02/17 5:00,115.39
14/02/17 5:05,115.39
14/02/17 5:10,115.39
14/02/17 5:15,115.39
14/02/17 5:20,115.39
14/02/17 5:25,115.39
14/02/17 5:30,126.06
14/02/17 5:35,126.06
14/02/17 5:40,126.06
14/02/17 5:45,126.06
14/02/17 5:50,126.06
14/02/17 5:55,126.06
14/02/17 6:00,120.84
14/02/17 6:05,120.84
14/02/17 6:10,120.84
14/02/17 6:15,120.84
14/02/17 6:20,120.84
14/02/17 6:25,120.84
14/02/17 6:30,125.22
14/02/17 6:35,125.22
14/02/17 6:40,125.22
14/02/17 6:45,125.22
14/02/17 6:50,125.22
14/02/17 6:55,125.22
14/02/17 7:00,114.81
14/02/17 7:05,114.81
14/02/17 7:10,114.81
14/02/17 7:15,114.81
14/02/17 7:20,114.81
14/02/17 7:25,114.81
14/02/17 7:30,105.41
14/02/17 7:35,105.41
14/02/17 7:40,105.41
14/02/17 7:45,105.41
14/02/17 7:50,105.41
14/02/17 7:55,105.41
14/02/17 8:00,120.43
14/02/17 8:05,120.43
14/02/17 8:10,120.43
14/02/17 8:15,120.43
14/02/17 8:20,120.43
14/02/17 8:25,120.43
14/02/17 8:30,124.92
14/02/17 8:35,124.92
14/02/17 8:40,124.92
14/02/17 8:45,124.92
14/02/17 8:50,124.92
14/02/17 8:55,124.92
14/02/17 9:00,111.83
14/02/17 9:05,111.83
14/02/17 9:10,111.83
14/02/17 9:15,111.83
14/02/17 9:20,111.83
14/02/17 9:25,111.83
14/02/17 9:30,126.01
14/02/17 9:35,126.01
14/02/17 9:40,126.01
14/02/17 9:45,126.01
14/02/17 9:50,126.01
14/02/17 9:55,126.01
14/02/17 10:00,124.99
14/02/17 10:05,124.99
14/02/17 10:10,124.99
14/02/17 10:15,124.99
14/02/17 10:20,124.99
14/02/17 10:25,124.99
14/02/17 10:30,124.99
14/02/17 10:35,124.99
14/02/17 10:40,124.99
14/02/17 10:45,124.99
14/02/17 10:50,124.99
14/02/17 10:55,124.99
14/02/17 11:00,123.8
14/02/17 11:05,123.8
14/02/17 11:10,123.8
14/02/17 11:15,123.8
14/02/17 11:20,123.8
14/02/17 11:25,123.8
14/02/17 11:30,122.63
14/02/17 11:35,122.63
14/02/17 11:40,122.63
14/02/17 11:45,122.63
14/02/17 11:50,122.63
14/02/17 11:55,122.63
14/02/17 12:00,124.8
14/02/17 12:05,124.8
14/02/17 12:10,124.8
14/02/17 12:15,124.8
14/02/17 12:20,124.8
14/02/17 12:25,124.8
14/02/17 12:30,124.31
14/02/17 12:35,124.31
14/02/17 12:40,124.31
14/02/17 12:45,124.31
14/02/17 12:50,124.31
14/02/17 12:55,124.31
14/02/17 13:00,121.22
14/02/17 13:05,121.22
14/02/17 13:10,121.22
14/02/17 13:15,121.22
14/02/17 13:20,121.22
14/02/17 13:25,121.22
14/02/17 13:30,123.56
14/02/17 13:35,123.56
14/02/17 13:40,123.56
14/02/17 13:45,123.56
14/02/17 13:50,123.56
14/02/17 13:55,123.56
14/02/17 14:00,120.1
14/02/17 14:05,120.1
14/02/17 14:10,120.1
14/02/17 14:15,120.1
14/02/17 14:20,120.1
14/02/17 14:25,120.1
14/02/17 14:30,121.12
14/02/17 14:35,121.12
14/02/17 14:40,121.12
14/02/17 14:45,121.12
14/02/17 14:50,121.12
14/02/17 14:55,121.12
14/02/17 15:00,118.67
14/02/17 15:05,118.67
14/02/17 15:10,118.67
14/02/17 15:15,118.67
14/02/17 15:20,118.67
14/02/17 15:25,118.67
14/02/17 15:30,119.33
14/02/17 15:35,119.33
14/02/17 15:40,119.33
14/02/17 15:45,119.33
14/02/17 15:50,119.33
14/02/17 15:55,119.33
14/02/17 16:00,121.01
14/02/17 16:05,121.01
14/02/17 16:10,121.01
14/02/17 16:15,121.01
14/02/17 16:20,121.01
14/02/17 16:25,121.01
14/02/17 16:30,114.66
14/02/17 16:35,114.66
14/02/17 16:40,114.66
14/02/17 16:45,114.66
14/02/17 16:50,114.66
14/02/17 16:55,114.66
14/02/17 17:00,111.71
14/02/17 17:05,111.71
14/02/17 17:10,111.71
14/02/17 17:15,111.71
14/02/17 17:20,111.71
14/02/17 17:25,111.71
14/02/17 17:30,112.41
14/02/17 17:35,112.41
14/02/17 17:40,112.41
14/02/17 17:45,112.41
14/02/17 17:50,112.41
14/02/17 17:55,112.41
14/02/17 18:00,108.22
14/02/17 18:05,108.22
14/02/17 18:10,108.22
14/02/17 18:15,108.22
14/02/17 18:20,108.22
14/02/17 18:25,108.22
14/02/17 18:30,132.4
14/02/17 18:35,132.4
14/02/17 18:40,132.4
14/02/17 18:45,132.4
14/02/17 18:50,132.4
14/02/17 18:55,132.4
14/02/17 19:00,118.08
14/02/17 19:05,118.08
14/02/17 19:10,118.08
14/02/17 19:15,118.08
14/02/17 19:20,118.08
14/02/17 19:25,118.08
14/02/17 19:30,109.38
14/02/17 19:35,109.38
14/02/17 19:40,109.38
14/02/17 19:45,109.38
14/02/17 19:50,109.38
14/02/17 19:55,109.38
14/02/17 20:00,109.2
14/02/17 20:05,109.2
14/02/17 20:10,109.2
14/02/17 20:15,109.2
14/02/17 20:20,109.2
14/02/17 20:25,109.2
14/02/17 20:30,99.71
14/02/17 20:35,99.71
14/02/17 20:40,99.71
14/02/17 20:45,99.71
14/02/17 20:50,99.71
14/02/17 20:55,99.71
14/02/17 21:00,87.06
14/02/17 21:05,87.06
14/02/17 21:10,87.06
14/02/17 21:15,87.06
14/02/17 21:20,87.06
14/02/17 21:25,87.06
14/02/17 21:30,75.26
14/02/17 21:35,75.26
14/02/17 21:40,75.26
14/02/17 21:45,75.26
14/02/17 21:50,75.26
14/02/17 21:55,75.26
14/02/17 22:00,81.75
14/02/17 22:05,81.75
14/02/17 22:10,81.75
14/02/17 22:15,81.75
14/02/17 22:20,81.75
14/02/17 22:25,81.75
14/02/17 22:30,83.23
14/02/17 22:35,83.23
14/02/17 22:40,83.23
14/02/17 22:45,83.23
14/02/17 22:50,83.23
14/02/17 22:55,83.23
14/02/17 23:00,83.86
14/02/17 23:05,83.86
14/02/17 23:10,83.86
14/02/17 23:15,83.86
14/02/17 23:20,83.86
14/02/17 23:25,83.86
14/02/17 23:30,77.96
14/02/17 23:35,77.96
14/02/17 23:40,77.96
14/02/17 23:45,77.96
14/02/17 23:50,77.96
14/02/17 23:55,77.96
15/02/17 0:00,65.07
15/02/17 0:05,65.07
15/02/17 0:10,65.07
15/02/17 0:15,65.07
15/02/17 0:20,65.07
15/02/17 0:25,65.07
15/02/17 0:30,55.92
15/02/17 0:35,55.92
15/02/17 0:40,55.92
15/02/17 0:45,55.92
15/02/17 0:50,55.92
15/02/17 0:55,55.92
15/02/17 1:00,52.58
15/02/17 1:05,52.58
15/02/17 1:10,52.58
15/02/17 1:15,52.58
15/02/17 1:20,52.58
15/02/17 1:25,52.58
15/02/17 1:30,57.17
15/02/17 1:35,57.17
15/02/17 1:40,57.17
15/02/17 1:45,57.17
15/02/17 1:50,57.17
15/02/17 1:55,57.17
15/02/17 2:00,47.08
15/02/17 2:05,47.08
15/02/17 2:10,47.08
15/02/17 2:15,47.08
15/02/17 2:20,47.08
15/02/17 2:25,47.08
15/02/17 2:30,44.58
15/02/17 2:35,44.58
15/02/17 2:40,44.58
15/02/17 2:45,44.58
15/02/17 2:50,44.58
15/02/17 2:55,44.58
15/02/17 3:00,44.73
15/02/17 3:05,44.73
15/02/17 3:10,44.73
15/02/17 3:15,44.73
15/02/17 3:20,44.73
15/02/17 3:25,44.73
15/02/17 3:30,44.64
15/02/17 3:35,44.64
15/02/17 3:40,44.64
15/02/17 3:45,44.64
15/02/17 3:50,44.64
15/02/17 3:55,44.64
15/02/17 4:00,41.92
15/02/17 4:05,41.92
15/02/17 4:10,41.92
15/02/17 4:15,41.92
15/02/17 4:20,41.92
15/02/17 4:25,41.92
15/02/17 4:30,49.13
15/02/17 4:35,49.13
15/02/17 4:40,49.13
15/02/17 4:45,49.13
15/02/17 4:50,49.13
15/02/17 4:55,49.13
15/02/17 5:00,60.62
15/02/17 5:05,60.62
15/02/17 5:10,60.62
15/02/17 5:15,60.62
15/02/17 5:20,60.62
15/02/17 5:25,60.62
15/02/17 5:30,57.69
15/02/17 5:35,57.69
15/02/17 5:40,57.69
15/02/17 5:45,57.69
15/02/17 5:50,57.69
15/02/17 5:55,57.69
15/02/17 6:00,68.98
15/02/17 6:05,68.98
15/02/17 6:10,68.98
15/02/17 6:15,68.98
15/02/17 6:20,68.98
15/02/17 6:25,68.98
15/02/17 6:30,86
15/02/17 6:35,86
15/02/17 6:40,86
15/02/17 6:45,86
15/02/17 6:50,86
15/02/17 6:55,86
15/02/17 7:00,80.84
15/02/17 7:05,80.84
15/02/17 7:10,80.84
15/02/17 7:15,80.84
15/02/17 7:20,80.84
15/02/17 7:25,80.84
15/02/17 7:30,78.56
15/02/17 7:35,78.56
15/02/17 7:40,78.56
15/02/17 7:45,78.56
15/02/17 7:50,78.56
15/02/17 7:55,78.56
15/02/17 8:00,79.71
15/02/17 8:05,79.71
15/02/17 8:10,79.71
15/02/17 8:15,79.71
15/02/17 8:20,79.71
15/02/17 8:25,79.71
15/02/17 8:30,81.43
15/02/17 8:35,81.43
15/02/17 8:40,81.43
15/02/17 8:45,81.43
15/02/17 8:50,81.43
15/02/17 8:55,81.43
15/02/17 9:00,79.99
15/02/17 9:05,79.99
15/02/17 9:10,79.99
15/02/17 9:15,79.99
15/02/17 9:20,79.99
15/02/17 9:25,79.99
15/02/17 9:30,60.79
15/02/17 9:35,60.79
15/02/17 9:40,60.79
15/02/17 9:45,60.79
15/02/17 9:50,60.79
15/02/17 9:55,60.79
15/02/17 10:00,43.05
15/02/17 10:05,43.05
15/02/17 10:10,43.05
15/02/17 10:15,43.05
15/02/17 10:20,43.05
15/02/17 10:25,43.05
15/02/17 10:30,27.12
15/02/17 10:35,27.12
15/02/17 10:40,27.12
15/02/17 10:45,27.12
15/02/17 10:50,27.12
15/02/17 10:55,27.12
15/02/17 11:00,17.36
15/02/17 11:05,17.36
15/02/17 11:10,17.36
15/02/17 11:15,17.36
15/02/17 11:20,17.36
15/02/17 11:25,17.36
15/02/17 11:30,31.98
15/02/17 11:35,31.98
15/02/17 11:40,31.98
15/02/17 11:45,31.98
15/02/17 11:50,31.98
15/02/17 11:55,31.98
15/02/17 12:00,38.23
15/02/17 12:05,38.23
15/02/17 12:10,38.23
15/02/17 12:15,38.23
15/02/17 12:20,38.23
15/02/17 12:25,38.23
15/02/17 12:30,29.99
15/02/17 12:35,29.99
15/02/17 12:40,29.99
15/02/17 12:45,29.99
15/02/17 12:50,29.99
15/02/17 12:55,29.99
15/02/17 13:00,49.58
15/02/17 13:05,49.58
15/02/17 13:10,49.58
15/02/17 13:15,49.58
15/02/17 13:20,49.58
15/02/17 13:25,49.58
15/02/17 13:30,74.6
15/02/17 13:35,74.6
15/02/17 13:40,74.6
15/02/17 13:45,74.6
15/02/17 13:50,74.6
15/02/17 13:55,74.6
15/02/17 14:00,88.35
15/02/17 14:05,88.35
15/02/17 14:10,88.35
15/02/17 14:15,88.35
15/02/17 14:20,88.35
15/02/17 14:25,88.35
15/02/17 14:30,90.96
15/02/17 14:35,90.96
15/02/17 14:40,90.96
15/02/17 14:45,90.96
15/02/17 14:50,90.96
15/02/17 14:55,90.96
15/02/17 15:00,93.11
15/02/17 15:05,93.11
15/02/17 15:10,93.11
15/02/17 15:15,93.11
15/02/17 15:20,93.11
15/02/17 15:25,93.11
15/02/17 15:30,117.09
15/02/17 15:35,117.09
15/02/17 15:40,117.09
15/02/17 15:45,117.09
15/02/17 15:50,117.09
15/02/17 15:55,117.09
15/02/17 16:00,116.03
15/02/17 16:05,116.03
15/02/17 16:10,116.03
15/02/17 16:15,116.03
15/02/17 16:20,116.03
15/02/17 16:25,116.03
15/02/17 16:30,118.28
15/02/17 16:35,118.28
15/02/17 16:40,118.28
15/02/17 16:45,118.28
15/02/17 16:50,118.28
15/02/17 16:55,118.28
15/02/17 17:00,111.66
15/02/17 17:05,111.66
15/02/17 17:10,111.66
15/02/17 17:15,111.66
15/02/17 17:20,111.66
15/02/17 17:25,111.66
15/02/17 17:30,111.52
15/02/17 17:35,111.52
15/02/17 17:40,111.52
15/02/17 17:45,111.52
15/02/17 17:50,111.52
15/02/17 17:55,111.52
15/02/17 18:00,107.65
15/02/17 18:05,107.65
15/02/17 18:10,107.65
15/02/17 18:15,107.65
15/02/17 18:20,107.65
15/02/17 18:25,107.65
15/02/17 18:30,114.75
15/02/17 18:35,114.75
15/02/17 18:40,114.75
15/02/17 18:45,114.75
15/02/17 18:50,114.75
15/02/17 18:55,114.75
15/02/17 19:00,112.37
15/02/17 19:05,112.37
15/02/17 19:10,112.37
15/02/17 19:15,112.37
15/02/17 19:20,112.37
15/02/17 19:25,112.37
15/02/17 19:30,110.98
15/02/17 19:35,110.98
15/02/17 19:40,110.98
15/02/17 19:45,110.98
15/02/17 19:50,110.98
15/02/17 19:55,110.98
15/02/17 20:00,112.88
15/02/17 20:05,112.88
15/02/17 20:10,112.88
15/02/17 20:15,112.88
15/02/17 20:20,112.88
15/02/17 20:25,112.88
15/02/17 20:30,112.3
15/02/17 20:35,112.3
15/02/17 20:40,112.3
15/02/17 20:45,112.3
15/02/17 20:50,112.3
15/02/17 20:55,112.3
15/02/17 21:00,115.02
15/02/17 21:05,115.02
15/02/17 21:10,115.02
15/02/17 21:15,115.02
15/02/17 21:20,115.02
15/02/17 21:25,115.02
15/02/17 21:30,94.53
15/02/17 21:35,94.53
15/02/17 21:40,94.53
15/02/17 21:45,94.53
15/02/17 21:50,94.53
15/02/17 21:55,94.53
15/02/17 22:00,111.34
15/02/17 22:05,111.34
15/02/17 22:10,111.34
15/02/17 22:15,111.34
15/02/17 22:20,111.34
15/02/17 22:25,111.34
15/02/17 22:30,92.48
15/02/17 22:35,92.48
15/02/17 22:40,92.48
15/02/17 22:45,92.48
15/02/17 22:50,92.48
15/02/17 22:55,92.48
15/02/17 23:00,94.26
15/02/17 23:05,94.26
15/02/17 23:10,94.26
15/02/17 23:15,94.26
15/02/17 23:20,94.26
15/02/17 23:25,94.26
15/02/17 23:30,95.35
15/02/17 23:35,95.35
15/02/17 23:40,95.35
15/02/17 23:45,95.35
15/02/17 23:50,95.35
15/02/17 23:55,95.35